技能ID,技能名称,技能等级,技能顺序,觉醒技能顺序,基礎技能係數,每級技能係數,基礎追加技能傷害,每級追加技能傷害,技能倍率
1000015,縱橫無盡,3,0,0,-20,8,0,12,1.04
1001015,疾風迅雷,3,0,0,20,14,10,30,1.62
1001005,飛翔斬,3,0,0,100,25,100,40,2.75
1002015,飛影連斬,3,0,0,-10,14,0,18,1.32
1002015,飛影連斬,3,0,0,0,12,0,25,1.36
1003015,風捲連刃,3,0,0,50,30,0,30,2.4
1000017,疾風,3,0,0,10,15,0,20,1.55
1000017,疾風,3,0,0,10,15,0,20,1.55
1001007,絕影刺,3,0,0,100,26,100,40,2.78
1001017,旋槍陣,3,0,0,-20,10,0,8,1.1
1002007,連訣槍,3,0,0,5,15,0,15,1.5
1002007,連訣槍,3,0,0,5,15,0,15,1.5
1003007,夜影斷刃殺,3,0,0,150,50,150,50,4.0
1000014,昇龍斬,3,0,0,75,25,150,30,2.5
1001004,順烈斬,3,0,0,50,13,10,20,1.89
1001014,龍尾襲,3,0,0,130,30,130,30,3.2
1002004,音速斬,3,0,0,25,15,0,15,1.7
1003004,閃影劍,3,0,0,185,50,200,40,4.35
1000016,打狗棒法,3,0,0,-25,8,0,10,0.99
1001006,百烈擊暈,3,0,0,50,13,10,20,1.89
1001006,百烈擊暈,3,0,0,50,13,10,20,1.89
1001016,龍虎相搏,3,0,0,55,15,10,20,2.0
1002016,天沖烈斬,3,0,0,70,17,40,20,2.21
1003016,崩碎襲,3,0,0,0,12,0,10,1.36
1003016,崩碎襲,3,0,0,0,12,0,10,1.36
2000005,魔法棒,3,0,0,-20,60,0,10,2.6
2000006,魔法泡泡,3,0,0,65,30,60,20,2.55
2001006,冰封龍槍,3,0,0,25,20,20,12,1.85
2002006,冰風暴,3,0,0,190,60,100,20,4.7
3000325,群體水療術(初),3,0,0,25,20,35,30,1.85
3000331,群體水療術(中),3,0,0,70,70,120,90,3.8
2000002,風刃術,3,0,0,65,29,60,18,2.52
2001002,旋風劈,3,0,0,-20,12,30,11,1.16
2002002,風庇護,3,0,0,190,65,100,40,4.85
2000020,火球術,3,0,0,-5,19,50,20,1.52
2000003,火焰旋風,3,0,0,85,55,50,30,3.5
2002003,火牆術,3,0,0,230,75,200,70,5.55
2000001,巨石震地,3,0,0,70,38,50,12,2.84
2001001,巨石突襲,3,0,0,100,48,100,13,3.44
2002001,天龍牙,3,0,0,180,56,200,23,4.48
1000013,迅影飛刃,3,0,0,80,30,100,15,2.7
1000003,飛舞快斬,3,0,0,85,32,110,15,2.81
1001003,幻影連刃,3,0,0,25,20,40,10,1.85
1002013,閃光刃,3,0,0,110,40,160,20,3.3
1002003,幻影飛舞,3,0,0,-15,8,10,15,1.09
1002003,幻影飛舞,3,0,0,20,20,30,10,1.8
1003003,斬魔崩影刃,3,0,0,10,11,0,13,1.43
1000018,多重箭,3,0,0,120,35,140,20,3.25
1000008,雨箭,3,0,0,55,18,50,15,2.09
1001008,暴雨箭,3,0,0,0,10,40,10,1.3
1002008,亂舞箭,3,0,0,35,18,50,15,1.89
1002018,鳳凰箭,3,0,0,200,60,250,45,4.8
1000019,散彈射,3,0,0,80,26,70,15,2.58
1000009,飆速彈,3,0,0,35,12,0,13,1.71
1001009,狂亂弩,3,0,0,-30,8,20,10,0.94
1002009,次元砲,3,0,0,130,40,150,28,3.5
1003009,暗影絕殺,3,0,0,150,45,150,30,3.85
1000020,向前發射,5,0,0,-10,7,0,20,1.25
1003020,旋轉掃射,5,0,0,50,10,1,6,2.0
1001020,向後發射,5,0,0,10,10,20,20,1.6
1002050,黃金神槍手,5,0,0,150,85,250,90,6.75
1002020,坐下發射,5,0,0,0,10,0,20,1.5
1002051,亂槍掃射,5,0,0,30,21,100,15,2.35
1004020,機關掃射,5,0,0,25,10,10,10,1.75
3001214,火之彈匣(擴充),10,0,0,85,50,130,50,6.85
3001215,水之彈匣(擴充),10,0,0,85,50,130,50,6.85
3001216,土之彈匣(擴充),10,0,0,85,50,130,50,6.85
3001217,風之彈匣(擴充),10,0,0,85,50,130,50,6.85
1000022,遠距掃射,5,0,0,100,25,100,20,3.25
1001022,火力全開,5,0,0,230,55,250,45,6.05
1002022,死棘之槍,5,0,0,170,35,180,30,4.45
1003022,前方突刺,5,0,0,130,28,120,25,3.7
3001010,恢復的演奏,5,0,0,80,20,160,40,2.8
3001013,惡魔的演奏,5,0,0,20,15,20,15,1.95
3001104,吉他演奏組隊治癒,3,0,0,260,40,350,40,4.8
3001107,吉他演奏周圍治癒,1,0,0,550,50,750,50,7.0
2004006,魔法泡泡II,7,0,0,25,15,32,10,2.3
2004006,魔法泡泡II,7,0,0,25,15,32,10,2.3
2005006,冰封龍槍II,7,0,0,25,20,20,12,2.65
2006006,冰風暴II,7,0,0,190,60,100,20,7.1
2007006,冰旋風II,7,0,0,110,47,130,27,5.39
3001023,電擊,7,0,0,1600,320,1120,6,39.4
1000001,截拳,3,0,0,75,25,150,30,2.5
1001002,氣絕殺,3,0,0,30,20,15,10,1.9
1000002,天翔腳,3,0,0,-40,8,40,10,0.84
1000012,鏟腳,3,0,0,20,11,30,10,1.53
1002012,肘擊,3,0,0,170,40,150,40,3.9
1002001,半月腳,3,0,0,170,45,150,40,4.05
1004015,縱橫無盡II,7,0,0,-20,8,0,12,1.36
1005005,飛翔斬II,7,1,0,100,25,100,40,3.75
1005005,飛翔斬II,7,0,0,100,25,100,40,3.75
1005015,疾風迅雷II,7,0,0,20,14,10,30,2.18
1006010,瞬斬劍風,5,0,0,50,30,200,30,3.0
1006010,瞬斬劍風,5,1,0,50,30,200,30,3.0
1007010,躍下刀斬,5,0,0,60,25,230,20,2.85
1007010,躍下刀斬,5,0,0,110,45,300,40,4.35
1007005,鳴牙閃II,5,0,0,40,23,180,20,2.55
1007015,風捲連刃II,7,0,0,50,30,0,30,3.6
1006015,飛影連斬II,7,0,0,-7,18,0,23,2.19
1006015,飛影連斬II,7,0,0,-10,14,0,18,1.88
1004017,疾風II,7,0,0,10,15,0,20,2.15
1004017,疾風II,7,0,0,10,15,0,20,2.15
1005007,絕影刺II,7,0,0,100,26,100,40,3.82
1005007,絕影刺II,7,1,0,100,26,100,40,3.82
1005017,旋槍陣II,7,0,0,-20,10,0,8,1.5
1006007,連訣槍II,7,1,0,5,15,0,15,2.1
1006007,連訣槍II,7,1,0,5,15,0,15,2.1
1006007,連訣槍II,7,0,0,5,15,0,15,2.1
1006007,連訣槍II,7,0,0,5,15,0,15,2.1
1007007,夜影斷刃殺II,7,0,0,150,50,150,50,6.0
1007027,絕氣槍,5,0,0,250,85,240,80,7.75
1007027,絕氣槍,5,1,0,250,85,240,80,7.75
1007037,旋風槍,5,0,0,10,14,50,15,1.8
1007017,龍槍連閃II,5,0,0,80,32,220,30,3.4
1004014,昇龍斬II,7,0,0,75,25,150,30,3.5
1005004,順烈斬II,7,0,0,50,13,10,20,2.41
1005014,龍尾襲II,7,0,0,130,30,130,30,4.4
1006004,音速斬II,7,0,0,25,15,0,15,2.3
1006101,光速斬,5,0,0,20,18,10,12,2.1
1006101,光速斬,5,0,0,20,18,10,12,2.1
1007004,閃影劍II,7,0,0,185,50,200,40,6.35
1006102,迴旋盾牌,5,1,0,280,80,350,70,7.8
1006102,迴旋盾牌,5,0,0,280,80,350,70,7.8
1007014,迴旋斬II,5,0,0,130,45,180,40,4.55
1007014,迴旋斬II,5,0,0,150,45,180,40,4.75
1004016,打狗棒法II,7,0,0,-25,8,0,10,1.31
1005006,百烈擊暈II,7,0,0,50,13,10,20,2.41
1005006,百烈擊暈II,7,0,0,50,13,10,20,2.41
1005016,龍虎相搏II,7,0,0,55,15,10,20,2.6
1005016,龍虎相搏II,7,0,0,55,15,10,20,2.6
1006016,天沖烈斬II,7,0,0,70,17,40,20,2.89
1006016,天沖烈斬II,7,0,0,70,17,40,20,2.89
1006201,碎裂巨擊,5,0,0,100,190,40,24,11.5
1006202,迴旋盾牌,5,1,0,280,80,350,70,7.8
1006202,迴旋盾牌,5,0,0,280,80,350,70,7.8
1007016,崩碎襲II,7,0,0,0,12,0,10,1.84
1007016,崩碎襲II,7,0,0,0,12,0,10,1.84
1007006,大地怒錘II,5,0,0,130,45,180,40,4.55
1007006,大地怒錘II,5,0,0,130,45,180,40,4.55
3000203,瞬間衝擊,5,0,0,150,20,0,10,3.5
2004101,吉尼的憤怒,7,0,0,210,90,220,80,9.4
2004101,吉尼的憤怒,7,1,0,210,95,220,90,9.75
2004102,大轟擊,7,0,0,50,27,80,30,3.39
2004102,大轟擊,7,1,0,50,32,80,40,3.74
2004103,能量域,7,0,0,60,33,90,30,3.91
2004103,能量域,7,1,0,65,38,100,40,4.31
2004002,風刃術II,7,0,0,65,29,60,18,3.68
2005002,旋風劈II,7,0,0,-20,12,30,11,1.64
2006002,風庇護II,7,0,0,190,65,100,40,7.45
2007002,旋風狂掃II,7,0,0,50,28,80,20,3.46
2004003,火焰旋風II,7,0,0,85,55,50,30,5.7
2004020,火球術II,7,0,0,-5,19,50,20,2.28
2006003,火牆術II,7,0,0,230,75,200,70,8.55
2007003,火焰爆發II,7,0,0,150,70,150,50,7.4
2004001,巨石震地II,7,0,0,70,38,50,12,4.36
2005001,巨石突襲II,7,0,0,50,22,50,6,3.04
2006001,天龍牙II,7,0,0,90,25,100,10,3.65
2007001,黃龍牙II,7,0,0,100,52,150,29,5.64
1004013,迅影飛刃II,7,0,0,50,13,40,10,2.41
1004003,飛舞快斬II,7,0,0,85,32,110,15,4.09
1005003,幻影連刃II,7,0,0,25,20,40,10,2.65
1005003,幻影連刃II,7,0,0,25,20,40,10,2.65
1006013,閃光刃II,7,0,0,110,40,160,20,4.9
1006003,幻影飛舞II,7,0,0,20,20,30,10,2.6
1006003,幻影飛舞II,7,0,0,-15,8,10,15,1.41
1007003,斬魔崩影刃II,7,0,0,10,9,10,9,1.73
1007003,斬魔崩影刃II,7,0,0,10,10,20,11,1.8
1007003,斬魔崩影刃II,7,0,0,10,12,30,13,1.94
1007003,斬魔崩影刃II,7,0,0,10,15,40,15,2.15
1007100,光速劍,5,0,0,250,70,300,55,7.0
1007101,花郎劍舞,5,0,0,50,20,50,25,2.5
1007013,爆裂飛刀II,5,0,0,100,65,150,20,5.25
1007013,爆裂飛刀II,5,0,0,80,40,130,10,3.8
1004018,多重箭II,7,0,0,60,16,55,12,2.72
1004008,雨箭II,7,0,0,55,18,50,15,2.81
1005008,暴雨箭II,7,0,0,0,10,40,10,1.7
1005100,後步伐箭,5,0,0,250,90,300,70,8.0
1006008,亂舞箭II,7,0,0,35,18,50,15,2.61
1005101,時空之弓,5,0,0,13,15,70,20,1.88
1007008,冰棱錐II,5,0,0,130,50,140,25,4.8
1006018,鳳凰箭II,7,0,0,200,60,250,45,7.2
1004019,散彈射II,7,0,0,80,26,70,15,3.62
1004009,飆速彈II,7,0,0,35,12,0,13,2.19
1005009,狂亂弩II,7,0,0,-30,8,20,10,1.26
1005200,旋轉襲擊,5,0,0,200,75,200,50,6.75
1006009,次元砲II,7,0,0,130,40,150,28,5.1
1006019,解除限制II,5,0,0,10,15,80,15,1.85
1005201,致命射擊,5,0,0,120,70,200,50,5.7
1007019,爆擊狂嘯,5,0,0,20,19,90,20,2.15
1007019,爆擊狂嘯,5,0,0,20,19,90,20,2.15
1007009,暗影絕殺II,7,0,0,150,45,150,30,5.65
1004001,虎烈腳II,7,0,0,75,22,140,25,3.29
1000101,截拳II,7,0,0,75,25,150,30,3.5
1000102,天翔腳II,7,0,0,-40,8,40,10,1.16
1005002,氣絕殺II,7,1,0,50,42,15,10,4.44
1005002,氣絕殺II,7,0,0,50,42,15,10,4.44
1006012,肘擊II,7,0,0,170,40,150,40,5.5
1000112,鏟腳II,7,0,0,20,11,30,10,1.97
1001101,升龍拳II,5,0,0,120,45,200,40,4.45
1001101,升龍拳II,5,0,0,120,45,200,40,4.45
1006001,半月腳II,7,0,0,170,45,150,40,5.85
1006002,能量波II,5,0,0,200,65,250,60,6.25
1007012,如來神掌II,5,0,0,250,80,300,70,7.5
1007001,天龍腳II,5,0,0,20,25,60,20,2.45
1109404,心狀紋,5,0,0,2800,240,50,50,41.0
1109003,三重殺,5,0,0,4500,900,100,50,91.0
1109003,三重殺,5,0,1,4500,900,100,50,91.0
1109003,三重殺,5,0,2,4500,900,100,50,91.0
1104009,飆速彈,5,1,0,3500,700,0,34,71.0
1104009,飆速彈,5,1,0,3500,700,0,34,71.0
1104009,飆速彈,5,0,0,3500,700,0,34,71.0
1104009,飆速彈,5,0,0,3500,700,0,34,71.0
10131,雪鹿A,1,0,0,30,10,70,10,1.4
4000039,芝麻開門！,1,0,0,-1000,0,0,0,-9.0
5000007,開鎖,1,0,0,-100,0,0,0,0.0
5000010,撒花種子,1,0,0,-999,0,0,0,-8.99
1000025,威力急襲,5,1,0,3905,781,0,30,79.1
1000025,威力急襲,5,0,0,6605,1321,0,30,133.1
1001025,耗盡元氣,5,0,0,1760,352,0,30,36.2
1002025,撞擊力,5,1,0,1305,261,0,30,27.1
1002025,撞擊力,5,0,0,3905,781,0,30,79.1
1002025,撞擊力,5,1,1,3905,781,0,30,79.1
1002025,撞擊力,5,0,1,3905,781,0,30,79.1
1003025,死亡之手,5,0,0,4000,800,0,30,81.0
1003025,死亡之手,5,0,1,4000,800,0,30,81.0
1003025,死亡之手,5,0,2,4000,800,0,30,81.0
1000023,螺旋增加,5,1,0,3200,640,0,5,65.0
1000023,螺旋增加,5,0,0,3200,640,0,5,65.0
1000023,螺旋增加,5,1,1,3200,640,0,5,65.0
1000023,螺旋增加,5,0,1,3200,640,0,5,65.0
1001023,螺旋石,5,1,0,2700,540,0,10,55.0
1001023,螺旋石,5,0,0,2700,540,0,10,55.0
1001023,螺旋石,5,2,0,2700,540,0,10,55.0
1001023,螺旋石,5,3,0,2700,540,0,10,55.0
1001023,螺旋石,5,1,1,2700,540,0,10,55.0
1001023,螺旋石,5,0,1,2700,540,0,10,55.0
1002023,螺旋加壓,5,1,0,1850,370,0,5,38.0
1002023,螺旋加壓,5,0,0,1850,370,0,5,38.0
1002023,螺旋加壓,5,3,1,1850,370,0,5,38.0
1002023,螺旋加壓,5,2,1,1850,370,0,5,38.0
1002023,螺旋加壓,5,1,1,1850,370,0,5,38.0
1002023,螺旋加壓,5,0,1,1850,370,0,5,38.0
1003023,螺旋爆發,5,1,0,3800,760,0,10,77.0
1003023,螺旋爆發,5,0,0,3800,760,0,10,77.0
1003023,螺旋爆發,5,3,1,3800,760,0,10,77.0
1003023,螺旋爆發,5,2,1,3800,760,0,10,77.0
1003023,螺旋爆發,5,1,1,3800,760,0,10,77.0
1003023,螺旋爆發,5,0,1,3800,760,0,10,77.0
1003023,螺旋爆發,5,1,2,3800,760,0,10,77.0
1003023,螺旋爆發,5,0,2,3800,760,0,10,77.0
1000024,滅天飛劍術,5,0,0,2000,400,0,20,41.0
1000024,滅天飛劍術,5,0,1,2000,400,0,20,41.0
1001024,無限劍陣,5,1,0,2300,460,0,24,47.0
1001024,無限劍陣,5,0,0,2300,460,0,24,47.0
1001024,無限劍陣,5,1,1,2300,460,0,24,47.0
1001024,無限劍陣,5,0,1,2300,460,0,24,47.0
1002024,飛燕旋舞,5,3,0,1800,360,0,30,37.0
1002024,飛燕旋舞,5,2,0,1800,360,0,30,37.0
1002024,飛燕旋舞,5,1,0,1800,360,0,30,37.0
1002024,飛燕旋舞,5,0,0,1800,360,0,30,37.0
1003024,飛燕破天,5,3,0,1810,362,0,39,37.2
1003024,飛燕破天,5,2,0,1810,362,0,39,37.2
1003024,飛燕破天,5,1,0,1810,362,0,39,37.2
1003024,飛燕破天,5,0,0,1810,362,0,39,37.2
1005024,飛燕滅天功,5,1,0,3750,750,0,20,76.0
1005024,飛燕滅天功,5,0,0,3750,750,0,20,76.0
1005024,飛燕滅天功,5,1,1,3750,750,0,20,76.0
1005024,飛燕滅天功,5,0,1,3750,750,0,20,76.0
1005024,飛燕滅天功,5,1,2,3750,750,0,20,76.0
1005024,飛燕滅天功,5,0,2,3750,750,0,20,76.0
1000026,[近身短打] 鉤拳,5,0,0,3905,781,0,9,79.1
1001026,[近身短打] 上鉤拳,5,0,0,4760,952,0,9,96.2
1001026,[近身短打] 上鉤拳,5,0,0,2500,500,0,9,51.0
1001026,[近身短打] 上鉤拳,5,2,1,4760,952,0,9,96.2
1001026,[近身短打] 上鉤拳,5,1,1,4760,952,0,9,96.2
1001026,[近身短打] 上鉤拳,5,0,1,4760,952,0,9,96.2
1002026,[迅風快擊] 波擊,5,0,0,3100,620,0,6,63.0
1002026,[迅風快擊] 波擊,5,0,1,3100,620,0,6,63.0
1005026,[近身短打] 組合拳,5,1,0,4760,952,0,9,96.2
1005026,[近身短打] 組合拳,5,1,0,3300,660,0,12,67.0
1005026,[近身短打] 組合拳,5,0,0,4760,952,0,9,96.2
1005026,[近身短打] 組合拳,5,0,0,3300,660,0,12,67.0
1005026,[近身短打] 組合拳,5,3,1,4500,900,0,12,91.0
1005026,[近身短打] 組合拳,5,2,1,3300,660,0,12,67.0
1005026,[近身短打] 組合拳,5,1,1,4500,900,0,12,91.0
1005026,[近身短打] 組合拳,5,0,1,3300,660,0,12,67.0
1005026,[近身短打] 組合拳,5,3,2,4760,952,0,9,96.2
1005026,[近身短打] 組合拳,5,2,2,3300,660,0,12,67.0
1005026,[近身短打] 組合拳,5,1,2,4760,952,0,9,96.2
1005026,[近身短打] 組合拳,5,0,2,3300,660,0,12,67.0
1000027,魔王血統[攻擊],5,0,0,3405,681,0,20,69.1
1000027,魔王血統[攻擊],5,0,0,3405,681,0,20,69.1
1000027,魔王血統[攻擊],5,3,1,3405,681,0,20,69.1
1000027,魔王血統[攻擊],5,3,1,3405,681,0,20,69.1
1000027,魔王血統[攻擊],5,2,1,3405,681,0,20,69.1
1000027,魔王血統[攻擊],5,2,1,3405,681,0,20,69.1
1000027,魔王血統[攻擊],5,1,1,3405,681,0,20,69.1
1000027,魔王血統[攻擊],5,1,1,3405,681,0,20,69.1
1000027,魔王血統[攻擊],5,0,1,3405,681,0,20,69.1
1000027,魔王血統[攻擊],5,0,1,3405,681,0,20,69.1
1003027,風車[風],5,1,0,1005,201,0,100,21.1
1003027,風車[風],5,1,0,1005,201,0,100,21.1
1003027,風車[風],5,0,0,1005,201,0,100,21.1
1003027,風車[風],5,0,0,1005,201,0,100,21.1
1003027,風車[風],5,0,1,1005,201,0,100,21.1
1003027,風車[風],5,0,1,1005,201,0,100,21.1
1003027,風車[風],5,0,2,1005,201,0,100,21.1
1003027,風車[風],5,0,2,1005,201,0,100,21.1
1000028,優雅,5,0,0,4500,900,0,15,91.0
1000028,優雅,5,0,1,4500,900,0,15,91.0
1001028,轉慢,5,0,0,1750,350,0,13,36.0
1002028,莊嚴,5,0,0,4000,800,0,13,81.0
1002028,莊嚴,5,0,1,4000,800,0,13,81.0
1002028,莊嚴,5,0,2,4000,800,0,13,81.0
1003028,急速,5,0,0,3900,780,0,5,79.0
1003028,急速,5,1,1,3900,780,0,5,79.0
1003028,急速,5,0,1,3900,780,0,5,79.0
1003028,急速,5,1,2,3900,780,0,5,79.0
1003028,急速,5,0,2,3900,780,0,5,79.0
1005028,漸次加強,5,0,0,3200,640,0,3,65.0
1005028,漸次加強,5,0,1,3200,640,0,3,65.0
1005031,DM-DR,5,0,0,2150,430,0,10,44.0
1005031,DM-DR,5,1,1,2150,430,0,10,44.0
1005031,DM-DR,5,0,1,2150,430,0,10,44.0
1007031,DM-GR,5,0,0,2050,410,0,8,42.0
1007031,DM-GR,5,0,1,2050,410,0,8,42.0
1000029,忍法_絅,5,0,0,2424,485,0,8,49.49
1000029,忍法_絅,5,0,0,2424,485,0,6,49.49
1002029,忍法_誣,5,0,0,4000,800,0,9,81.0
1002029,忍法_誣,5,0,1,4000,800,0,9,81.0
1002029,忍法_誣,5,0,2,4000,800,0,9,81.0
1000030,狙擊,5,1,0,5500,1100,0,8,111.0
1000030,狙擊,5,0,0,5500,1100,0,8,111.0
1000030,狙擊,5,3,1,5500,1100,0,8,111.0
1000030,狙擊,5,2,1,5500,1100,0,8,111.0
1000030,狙擊,5,1,1,5500,1100,0,8,111.0
1000030,狙擊,5,0,1,5500,1100,0,8,111.0
1001030,齒輪狂刃,5,0,0,2100,420,0,9,43.0
1001030,齒輪狂刃,5,0,0,2100,420,0,9,43.0
1001030,齒輪狂刃,5,1,0,2300,460,0,9,47.0
1001030,齒輪狂刃,5,0,1,2300,460,0,9,47.0
1001030,齒輪狂刃,5,1,1,2300,460,0,9,47.0
1003030,J-31手榴彈,5,0,1,2500,500,0,5,51.0
1003030,J-31手榴彈,5,0,2,2500,500,0,5,51.0
1004030,合體能力,5,1,0,2500,500,0,5,51.0
1004030,合體能力,5,0,0,2500,500,0,5,51.0
1005030,狙擊者,5,3,0,5000,1000,0,8,101.0
1005030,狙擊者,5,2,0,5000,1000,0,8,101.0
1005030,狙擊者,5,1,0,5000,1000,0,8,101.0
1005030,狙擊者,5,0,0,5000,1000,0,8,101.0
5000113,山林地帶寶物挖掘,1,0,0,1,0,10,0,1.01
5000114,紅高粱地寶物挖掘,1,0,0,1,0,10,0,1.01
5000115,沙漠地帶寶物挖掘,1,0,0,1,0,10,0,1.01
5000116,挖掘雨林地帶寶物,1,0,0,1,0,10,0,1.01
5000117,挖掘種吧種吧種子,1,0,0,1,0,10,0,1.01
1000033,金屬元素,3,0,0,20,15,20,15,1.65
1001033,空拳套,3,0,0,130,32,95,40,3.26
1002033,魔王的一擊,3,0,0,60,22,30,20,2.26
1003033,靈魂復活,3,0,0,55,25,40,30,2.3
1003033,靈魂復活,3,0,0,10,10,25,10,1.4
1005033,血腥戰錘,3,0,0,250,65,200,40,5.45
1000133,靈魂能力I,5,0,0,15,10,20,10,1.65
1001133,靈魂能力II,5,0,0,150,35,95,40,4.25
1002133,靈魂能力III,5,1,0,350,310,300,120,20.0
1002133,靈魂能力III,5,0,0,60,25,30,20,2.85
1003133,靈魂能力IV,5,1,0,350,323,300,150,20.65
1003133,靈魂能力IV,5,0,0,55,25,40,30,2.8
1003133,靈魂能力IV,5,0,0,0,8,25,8,1.4
1005133,血腥戰錘II,5,0,0,250,75,200,40,7.25
1006133,巨人火擊,3,0,0,50,27,60,20,2.31
1005134,亂沖,3,0,0,600,255,375,240,14.65
1010023,螺旋突刺,5,2,0,6605,1321,0,23,133.1
1010023,螺旋突刺,5,1,0,6605,1321,0,23,133.1
1010023,螺旋突刺,5,0,0,6605,1321,0,23,133.1
1011024,飛燕雙擊,5,1,0,2500,500,0,5,51.0
1011024,飛燕雙擊,5,0,0,2500,500,0,5,51.0
1011024,飛燕雙擊,5,1,1,2500,500,0,5,51.0
1011024,飛燕雙擊,5,0,1,2500,500,0,5,51.0
1010025,絕望,5,1,0,1600,320,0,30,33.0
1010025,絕望,5,0,0,6650,1330,0,30,134.0
1011027,魔王血統[杖擊],5,1,0,3000,600,0,20,61.0
1011027,魔王血統[杖擊],5,1,0,3000,600,0,20,61.0
1011027,魔王血統[杖擊],5,0,0,3000,600,0,20,61.0
1011027,魔王血統[杖擊],5,0,0,3000,600,0,20,61.0
1011027,魔王血統[杖擊],5,1,1,3000,600,0,20,61.0
1011027,魔王血統[杖擊],5,1,1,3000,600,0,20,61.0
1011027,魔王血統[杖擊],5,0,1,3000,600,0,20,61.0
1011027,魔王血統[杖擊],5,0,1,3000,600,0,20,61.0
1010028,演奏名手,5,0,0,3000,600,0,5,61.0
1010028,演奏名手,5,0,1,3000,600,0,5,61.0
1010030,直搗天際,5,0,0,3750,750,0,5,76.0
1010030,直搗天際,5,0,0,1400,280,0,5,29.0
1010030,直搗天際,5,0,0,1400,280,0,5,29.0
1011030,疾速連擊,5,1,0,1100,220,0,5,23.0
1011030,疾速連擊,5,0,0,1100,220,0,5,23.0
1011030,疾速連擊,5,1,1,2500,500,0,5,51.0
1011030,疾速連擊,5,0,1,2500,500,0,5,51.0
1011031,DM-EMP,5,0,0,3000,600,0,5,61.0
1011031,DM-EMP,5,0,0,3000,600,0,5,61.0
1011031,DM-EMP,5,0,1,3000,600,0,5,61.0
1011031,DM-EMP,5,0,2,3000,600,0,5,61.0
1310046,火焰卡片,3,0,0,8,17,20,30,1.59
1310146,威力火焰卡片,7,0,0,-20,10,10,10,1.5
1311046,旋風球,3,0,0,68,29,70,50,2.55
1311346,威力旋風球,7,0,0,12,14,46,7,2.1
1312046,光線雷射,3,0,0,85,51,100,60,3.38
1312346,威力光線雷射,7,1,0,89,47,98,45,5.18
1312346,威力光線雷射,7,1,0,89,47,98,45,5.18
1312346,威力光線雷射,7,0,0,89,47,98,45,5.18
1313046,閃電螺絲,3,0,0,17,12,50,10,1.53
1313146,威力閃電螺絲,7,0,0,-38,8,33,5,1.18
1314046,快閃,3,0,0,40,25,50,20,2.15
1310047,淨射光,5,0,0,68,40,40,10,3.68
1311047,自由光影,5,0,0,135,65,150,50,5.6
1311047,自由光影,5,0,0,135,65,150,50,5.6
1312047,銀河戰役,5,0,0,8,18,15,18,1.98
1310050,三重上鉤拳,5,2,0,128,95,60,53,7.03
1310050,三重上鉤拳,5,1,0,63,63,60,23,4.78
1310050,三重上鉤拳,5,0,0,77,77,60,23,5.62
1311050,終結飛斬,5,0,0,272,136,240,100,10.52
1313050,飛炫踢,5,1,0,217,112,200,100,8.77
1313050,飛炫踢,5,0,0,217,112,200,100,8.77
1314246,快閃,7,0,0,85,35,50,50,4.3
1314446,快閃,7,0,0,85,35,50,50,4.3
1410053,漆黑的影子,3,0,0,-16,10,0,15,1.14
1410053,漆黑的影子,3,0,0,-16,10,0,15,1.14
1411053,魅惑的影子,3,0,0,-8,17,0,22,1.43
1412053,憤怒的影子,3,0,0,-16,8,0,12,1.08
1412053,憤怒的影子,3,0,0,-16,8,0,12,1.08
1413053,僵直的影子,3,0,0,120,30,120,48,3.1
1414053,影子穿刺,3,0,0,10,20,100,50,1.7
1410054,漆黑的影子II,7,0,0,-16,12,0,17,1.68
1410054,漆黑的影子II,7,0,0,-16,12,0,17,1.68
1411054,魅惑的影子II,7,0,0,-8,17,0,22,2.11
1412054,憤怒的影子II,7,0,0,27,9,0,18,1.9
1412054,憤怒的影子II,7,0,0,27,9,0,18,1.9
1413054,僵直的影子II,7,0,0,120,36,120,48,4.72
1414054,影子穿刺II,7,0,0,10,30,120,50,3.2
1415054,瘋狂之影II,5,0,0,36,18,120,36,2.26
1416054,影子之劍II,7,0,0,36,38,162,60,4.02
1417054,影子之舞II,7,0,0,30,35,140,40,3.75
1417054,影子之舞II,7,0,0,30,35,140,40,3.75
1410057,闇影：魅惑的影子,1,0,0,900,900,0,100,19.0
1411057,闇影：憤怒的影子,1,0,0,900,900,0,100,19.0
1412057,闇影：消滅的影子,1,0,0,900,900,0,100,19.0
1413057,闇影：黑暗的影子,1,0,0,900,900,0,100,19.0
1410058,闇影：魅惑的影子,1,0,0,900,900,0,100,19.0
1411058,闇影：憤怒的影子,1,0,0,900,900,0,100,19.0
1412058,闇影：消滅的影子,1,0,0,900,900,0,100,19.0
1413058,闇影：黑暗的影子,1,0,0,900,900,0,100,19.0
3802404,【覺醒】,50,0,0,3200,32,360,2,49.0
3802404,【覺醒】,50,0,0,3200,32,360,2,49.0
3802404,【覺醒】,50,0,1,3200,32,360,2,49.0
3802404,【覺醒】,50,0,1,3200,32,360,2,49.0
3802407,【傳奇】,50,0,0,3200,27,160,2,46.5
3802407,【傳奇】,50,0,0,3200,27,160,2,46.5
3802407,【傳奇】,50,0,1,11000,120,0,0,171.0
3802504,【覺醒】,50,0,0,3200,32,424,3,49.0
3802504,【覺醒】,50,0,1,3200,32,424,3,49.0
3802507,【傳奇】,50,0,0,3200,27,160,2,46.5
3802507,【傳奇】,50,0,0,3200,27,160,2,46.5
3802507,【傳奇】,50,0,1,11000,120,0,0,171.0
3802604,【覺醒】,50,0,0,3200,32,1120,6,49.0
3802604,【覺醒】,50,0,1,3200,32,1120,6,49.0
3802607,【傳奇】,50,0,0,3200,27,160,2,46.5
3802607,【傳奇】,50,0,0,3200,27,160,2,46.5
3802607,【傳奇】,50,0,1,11000,120,0,0,171.0
3802704,【覺醒】,50,0,0,3200,32,424,3,49.0
3802704,【覺醒】,50,0,0,3200,32,424,3,49.0
3802704,【覺醒】,50,0,1,3200,32,424,3,49.0
3802704,【覺醒】,50,0,1,3200,32,424,3,49.0
3802707,【傳奇】,50,0,0,3200,27,160,2,46.5
3802707,【傳奇】,50,0,0,3200,27,160,2,46.5
3802707,【傳奇】,50,0,1,11000,120,0,0,171.0
3802804,【覺醒】,50,0,0,3200,32,1120,6,49.0
3802804,【覺醒】,50,0,0,3200,32,1120,6,49.0
3802804,【覺醒】,50,0,1,3200,32,1120,6,49.0
3802804,【覺醒】,50,0,1,3200,32,1120,6,49.0
3802807,【傳奇】,50,0,0,3200,27,160,2,46.5
3802807,【傳奇】,50,0,0,3200,27,160,2,46.5
3802807,【傳奇】,50,0,0,3200,27,160,2,46.5
3802807,【傳奇】,50,0,1,11000,120,0,0,171.0
3802904,【覺醒】,50,0,0,3200,32,1120,6,49.0
3802904,【覺醒】,50,0,1,3200,32,1120,6,49.0
3802907,【傳奇】,50,0,0,3200,27,160,2,46.5
3802907,【傳奇】,50,0,0,3200,27,160,2,46.5
3802907,【傳奇】,50,0,1,11000,120,0,0,171.0
3803004,【覺醒】,50,0,0,3200,32,360,2,49.0
3803004,【覺醒】,50,0,1,3200,32,360,2,49.0
3803007,【傳奇】,50,0,0,3200,27,160,2,46.5
3803007,【傳奇】,50,0,0,3200,27,160,2,46.5
3803007,【傳奇】,50,0,0,3200,27,160,2,46.5
3803007,【傳奇】,50,0,1,11000,120,0,0,171.0
3803107,【傳奇】,50,0,0,3200,27,160,2,46.5
3803107,【傳奇】,50,0,0,3200,27,160,2,46.5
3803107,【傳奇】,50,0,0,3200,27,160,2,46.5
3803107,【傳奇】,50,0,1,11000,120,0,0,171.0
3803204,【覺醒】,50,0,0,3200,32,304,2,49.0
3803204,【覺醒】,50,0,1,3200,32,304,2,49.0
3803207,【傳奇】,50,0,0,3200,27,160,2,46.5
3803207,【傳奇】,50,0,0,3200,27,160,2,46.5
3803207,【傳奇】,50,0,0,3200,27,160,2,46.5
3803207,【傳奇】,50,0,1,11000,120,0,0,171.0
3803604,【覺醒】,50,0,0,3200,32,1120,6,49.0
3803604,【覺醒】,50,0,1,3200,32,1120,6,49.0
3803607,【傳奇】,50,0,0,3200,27,160,2,46.5
3803607,【傳奇】,50,0,0,3200,27,160,2,46.5
3803607,【傳奇】,50,0,1,11000,120,0,0,171.0
3803704,【覺醒】,50,0,0,3200,32,1120,6,49.0
3803704,【覺醒】,50,0,0,3200,32,1120,6,49.0
3803704,【覺醒】,50,0,1,3200,32,1120,6,49.0
3803704,【覺醒】,50,0,1,3200,32,1120,6,49.0
3803707,【傳奇】,50,0,0,3200,27,160,2,46.5
3803707,【傳奇】,50,0,0,3200,27,160,2,46.5
3803707,【傳奇】,50,0,1,11000,120,0,0,171.0
3803807,【傳奇】,50,0,0,3200,27,160,2,46.5
3803807,【傳奇】,50,0,0,3200,27,160,2,46.5
3803807,【傳奇】,50,0,1,11000,120,0,0,171.0
3803904,【覺醒】,50,0,0,3200,32,360,2,49.0
3803904,【覺醒】,50,0,1,3200,32,360,2,49.0
3803907,【傳奇】,50,0,0,3200,27,160,2,46.5
3803907,【傳奇】,50,0,0,3200,27,160,2,46.5
3803907,【傳奇】,50,0,1,11000,120,0,0,171.0
3804004,【覺醒】,50,0,0,3200,32,304,2,49.0
3804004,【覺醒】,50,0,1,3200,32,304,2,49.0
3804007,【傳奇】,50,0,0,3200,27,160,2,46.5
3804007,【傳奇】,50,0,0,3200,27,160,2,46.5
3804007,【傳奇】,50,0,1,11000,120,0,0,171.0
3804104,【覺醒】,50,0,0,3200,16,1120,6,41.0
3804104,【覺醒】,50,0,1,3200,16,1120,6,41.0
3804107,【傳奇】,50,0,0,3200,27,160,2,46.5
3804107,【傳奇】,50,0,0,3200,27,160,2,46.5
3804107,【傳奇】,50,0,1,11000,120,0,0,171.0
3804207,【傳奇】,50,0,0,3200,27,160,2,46.5
3804207,【傳奇】,50,0,0,3200,27,160,2,46.5
3804207,【傳奇】,50,0,0,3200,27,160,2,46.5
3804207,【傳奇】,50,0,1,11000,120,0,0,171.0
3804304,【覺醒】,50,0,0,3200,32,304,2,49.0
3804304,【覺醒】,50,0,1,3200,32,304,2,49.0
3804307,【傳奇】,50,0,0,3200,27,160,2,46.5
3804307,【傳奇】,50,0,0,3200,27,160,2,46.5
3804307,【傳奇】,50,0,0,3200,27,160,2,46.5
3804307,【傳奇】,50,0,1,11000,120,0,0,171.0
3804404,【覺醒】,50,0,0,3200,32,304,2,49.0
3804404,【覺醒】,50,0,1,3200,32,304,2,49.0
3804407,【傳奇】,50,0,0,3200,27,160,2,46.5
3804407,【傳奇】,50,0,0,3200,27,160,2,46.5
3804407,【傳奇】,50,0,0,3200,27,160,2,46.5
3804407,【傳奇】,50,0,1,11000,120,0,0,171.0
3804504,【覺醒】,50,0,0,3200,32,224,2,49.0
3804504,【覺醒】,50,0,1,3200,32,224,2,49.0
3804507,【傳奇】,50,0,0,3200,27,160,2,46.5
3804507,【傳奇】,50,0,1,11000,120,0,0,171.0
3804904,【覺醒】,50,0,0,3200,32,304,2,49.0
3804904,【覺醒】,50,0,1,3200,32,304,2,49.0
3804907,【傳奇】,50,0,0,3200,27,160,2,46.5
3804907,【傳奇】,50,0,0,3200,27,160,2,46.5
3804907,【傳奇】,50,0,1,11000,120,0,0,171.0
3805204,【覺醒】,50,0,0,3200,32,424,3,49.0
3805204,【覺醒】,50,0,1,3200,32,424,3,49.0
3805207,【傳奇】,50,0,0,3200,27,160,2,46.5
3805207,【傳奇】,50,0,0,3200,27,160,2,46.5
3805207,【傳奇】,50,0,1,11000,120,0,0,171.0
3805604,【覺醒】,50,0,0,3200,32,304,2,49.0
3805604,【覺醒】,50,0,0,3200,32,304,2,49.0
3805604,【覺醒】,50,0,1,3200,32,304,2,49.0
3805604,【覺醒】,50,0,1,3200,32,304,2,49.0
3805607,【傳奇】,50,0,0,3200,27,160,2,46.5
3805607,【傳奇】,50,0,0,3200,27,160,2,46.5
3805607,【傳奇】,50,0,1,11000,120,0,0,171.0
1757101,神力重擊,3,0,0,70,60,120,30,3.5
1757101,神力重擊,3,1,0,40,13,16,24,1.79
1757102,聖魔刺,3,0,0,85,70,130,60,3.95
1757102,聖魔刺,3,1,0,70,35,102,80,2.75
1757103,神力斬,3,0,0,90,80,150,50,4.3
1757103,神力斬,3,1,0,23,19,102,80,1.8
1757105,聖光流擊,3,0,0,40,50,50,80,2.9
1757105,聖光流擊,3,0,0,40,25,90,80,2.15
1757105,聖光流擊,3,1,0,24,22,110,85,1.9
1758101,神力重擊,7,0,0,70,90,70,30,8.0
1758101,神力重擊,7,1,0,56,48,56,24,4.92
1758102,聖魔刺,7,0,0,80,116,100,60,9.92
1758102,聖魔刺,7,1,0,70,35,102,80,4.15
1758103,神力斬,7,0,0,90,130,150,50,11.0
1758103,神力斬,7,1,0,23,19,102,80,2.56
1758105,聖光流擊,7,0,0,60,65,100,90,6.15
1758105,聖光流擊,7,0,0,80,70,110,90,6.7
1758105,聖光流擊,7,1,0,24,22,110,85,2.78
1758106,神怒擊,7,0,0,90,80,240,100,7.5
1758106,神怒擊,7,1,0,27,25,125,95,3.02
1758107,聖憤魄擊,7,0,0,90,120,200,100,10.3
1758107,聖憤魄擊,7,0,0,90,120,200,100,10.3
1758107,聖憤魄擊,7,1,0,200,470,300,150,35.9
3806004,【覺醒】,50,0,0,3200,32,304,2,49.0
3806004,【覺醒】,50,0,1,3200,32,304,2,49.0
3806007,【傳奇】,50,0,0,3200,27,160,2,46.5
3806007,【傳奇】,50,0,0,3200,27,160,2,46.5
3806007,【傳奇】,50,0,1,11000,120,0,0,171.0
3812404,【覺醒II】,50,0,0,4000,40,500,100,61.0
3812404,【覺醒II】,50,0,1,4000,40,500,100,61.0
3812407,【傳奇II】,50,0,0,4000,34,160,2,58.0
3812407,【傳奇II】,50,0,0,4000,34,160,2,58.0
3812407,【傳奇II】,50,0,1,4000,34,160,2,58.0
3812407,【傳奇II】,50,0,1,4000,34,160,2,58.0
3812507,【傳奇II】,50,0,0,4000,34,160,2,58.0
3812507,【傳奇II】,50,0,0,4000,34,160,2,58.0
3812507,【傳奇II】,50,0,1,4000,34,160,2,58.0
3812507,【傳奇II】,50,0,1,4000,34,160,2,58.0
3812604,【覺醒II】,50,0,0,5200,52,0,30,79.0
3812604,【覺醒II】,50,0,1,5200,52,0,30,79.0
3812607,【傳奇II】,50,0,0,4000,34,160,2,58.0
3812607,【傳奇II】,50,0,0,4000,34,160,2,58.0
3812607,【傳奇II】,50,0,1,4000,34,160,2,58.0
3812607,【傳奇II】,50,0,1,4000,34,160,2,58.0
3812704,【覺醒II】,50,0,0,4000,40,500,100,61.0
3812704,【覺醒II】,50,0,0,4000,40,500,100,61.0
3812704,【覺醒II】,50,0,1,4000,40,500,100,61.0
3812704,【覺醒II】,50,0,1,4000,40,500,100,61.0
3812707,【傳奇II】,50,0,0,4000,34,160,2,58.0
3812707,【傳奇II】,50,0,0,4000,34,160,2,58.0
3812707,【傳奇II】,50,0,1,4000,34,160,2,58.0
3812707,【傳奇II】,50,0,1,4000,34,160,2,58.0
3812804,【覺醒II】,50,0,0,4000,40,500,100,61.0
3812804,【覺醒II】,50,0,0,4000,40,500,100,61.0
3812804,【覺醒II】,50,0,1,4000,40,500,100,61.0
3812804,【覺醒II】,50,0,1,4000,40,500,100,61.0
3812807,【傳奇II】,50,0,0,4000,34,160,2,58.0
3812807,【傳奇II】,50,0,0,4000,34,160,2,58.0
3812807,【傳奇II】,50,0,1,4000,34,160,2,58.0
3812807,【傳奇II】,50,0,1,4000,34,160,2,58.0
3812904,【覺醒II】,50,0,0,4000,40,500,100,61.0
3812904,【覺醒II】,50,0,1,4000,40,500,100,61.0
3812907,【傳奇II】,50,0,0,4000,34,160,2,58.0
3812907,【傳奇II】,50,0,0,4000,34,160,2,58.0
3812907,【傳奇II】,50,0,1,4000,34,160,2,58.0
3812907,【傳奇II】,50,0,1,4000,34,160,2,58.0
3813004,【覺醒II】,50,0,0,4000,40,500,100,61.0
3813004,【覺醒II】,50,0,0,4000,40,500,100,61.0
3813004,【覺醒II】,50,0,1,4000,40,500,100,61.0
3813004,【覺醒II】,50,0,1,4000,40,500,100,61.0
3813007,【傳奇II】,50,0,0,4000,34,160,2,58.0
3813007,【傳奇II】,50,0,0,4000,34,160,2,58.0
3813007,【傳奇II】,50,0,1,4000,34,160,2,58.0
3813007,【傳奇II】,50,0,1,4000,34,160,2,58.0
3813107,【傳奇II】,50,0,0,4000,34,160,2,58.0
3813107,【傳奇II】,50,0,0,4000,34,160,2,58.0
3813107,【傳奇II】,50,0,1,4000,34,160,2,58.0
3813107,【傳奇II】,50,0,1,4000,34,160,2,58.0
3813204,【覺醒II】,50,0,0,4000,40,500,100,61.0
3813204,【覺醒II】,50,0,1,4000,40,500,100,61.0
3813207,【傳奇II】,50,0,0,4000,34,160,2,58.0
3813207,【傳奇II】,50,0,0,4000,34,160,2,58.0
3813207,【傳奇II】,50,0,1,4000,34,160,2,58.0
3813207,【傳奇II】,50,0,1,4000,34,160,2,58.0
3813604,【覺醒II】,50,0,0,4000,40,500,100,61.0
3813604,【覺醒II】,50,0,1,4000,40,500,100,61.0
3813607,【傳奇II】,50,0,0,4000,34,160,2,58.0
3813607,【傳奇II】,50,0,0,4000,34,160,2,58.0
3813607,【傳奇II】,50,0,1,4000,34,160,2,58.0
3813607,【傳奇II】,50,0,1,4000,34,160,2,58.0
3813707,【傳奇II】,50,0,0,4000,34,160,2,58.0
3813707,【傳奇II】,50,0,0,4000,34,160,2,58.0
3813707,【傳奇II】,50,0,1,4000,34,160,2,58.0
3813707,【傳奇II】,50,0,1,4000,34,160,2,58.0
3813807,【傳奇II】,50,0,0,4000,34,160,2,58.0
3813807,【傳奇II】,50,0,0,4000,34,160,2,58.0
3813807,【傳奇II】,50,0,1,4000,34,160,2,58.0
3813807,【傳奇II】,50,0,1,4000,34,160,2,58.0
3813904,【覺醒II】,50,0,0,4000,40,500,100,61.0
3813904,【覺醒II】,50,0,0,4000,40,500,100,61.0
3813904,【覺醒II】,50,0,1,4000,40,500,100,61.0
3813907,【傳奇II】,50,0,0,4000,34,160,2,58.0
3813907,【傳奇II】,50,0,0,4000,34,160,2,58.0
3813907,【傳奇II】,50,0,1,4000,34,160,2,58.0
3813907,【傳奇II】,50,0,1,4000,34,160,2,58.0
3814004,【覺醒II】,50,0,0,4000,40,500,100,61.0
3814004,【覺醒II】,50,0,1,4000,40,500,100,61.0
3814007,【傳奇II】,50,0,0,4000,34,160,2,58.0
3814007,【傳奇II】,50,0,0,4000,34,160,2,58.0
3814007,【傳奇II】,50,0,1,4000,34,160,2,58.0
3814007,【傳奇II】,50,0,1,4000,34,160,2,58.0
3814104,【覺醒II】,50,0,0,4000,40,500,100,61.0
3814104,【覺醒II】,50,0,1,4000,40,500,100,61.0
3814107,【傳奇II】,50,0,0,4000,34,160,2,58.0
3814107,【傳奇II】,50,0,0,4000,34,160,2,58.0
3814107,【傳奇II】,50,0,1,4000,34,160,2,58.0
3814107,【傳奇II】,50,0,1,4000,34,160,2,58.0
3814207,【傳奇II】,50,0,0,4000,34,160,2,58.0
3814207,【傳奇II】,50,0,0,4000,34,160,2,58.0
3814207,【傳奇II】,50,0,1,4000,34,160,2,58.0
3814207,【傳奇II】,50,0,1,4000,34,160,2,58.0
3814304,【覺醒II】,50,0,0,4000,40,500,100,61.0
3814304,【覺醒II】,50,0,1,4000,40,500,100,61.0
3814307,【傳奇II】,50,0,0,4000,34,160,2,58.0
3814307,【傳奇II】,50,0,0,4000,34,160,2,58.0
3814307,【傳奇II】,50,0,1,4000,34,160,2,58.0
3814307,【傳奇II】,50,0,1,4000,34,160,2,58.0
3814404,【覺醒II】,50,0,0,4000,40,500,100,61.0
3814404,【覺醒II】,50,0,1,4000,40,500,100,61.0
3814407,【傳奇II】,50,0,0,4000,34,160,2,58.0
3814407,【傳奇II】,50,0,0,4000,34,160,2,58.0
3814407,【傳奇II】,50,0,1,4000,34,160,2,58.0
3814407,【傳奇II】,50,0,1,4000,34,160,2,58.0
3814504,【覺醒II】,50,0,0,4000,40,500,100,61.0
3814504,【覺醒II】,50,0,1,4000,40,500,100,61.0
3814507,【傳奇II】,50,0,0,4000,34,160,2,58.0
3814507,【傳奇II】,50,0,0,4000,34,160,2,58.0
3814507,【傳奇II】,50,0,1,4000,34,160,2,58.0
3814507,【傳奇II】,50,0,1,4000,34,160,2,58.0
3814904,【覺醒II】,50,0,0,4000,40,500,100,61.0
3814904,【覺醒II】,50,0,0,4000,40,500,100,61.0
3814904,【覺醒II】,50,0,1,4000,40,500,100,61.0
3814904,【覺醒II】,50,0,1,4000,40,500,100,61.0
3814907,【傳奇II】,50,0,0,4000,34,160,2,58.0
3814907,【傳奇II】,50,0,0,4000,34,160,2,58.0
3814907,【傳奇II】,50,0,1,4000,34,160,2,58.0
3814907,【傳奇II】,50,0,1,4000,34,160,2,58.0
3815207,【傳奇II】,50,0,0,4000,34,160,2,58.0
3815207,【傳奇II】,50,0,0,4000,34,160,2,58.0
3815207,【傳奇II】,50,0,1,4000,34,160,2,58.0
3815207,【傳奇II】,50,0,1,4000,34,160,2,58.0
3815607,【傳奇II】,50,0,0,4000,34,160,2,58.0
3815607,【傳奇II】,50,0,0,4000,34,160,2,58.0
3815607,【傳奇II】,50,0,1,4000,34,160,2,58.0
3815607,【傳奇II】,50,0,1,4000,34,160,2,58.0
3816004,【覺醒II】,50,0,0,4000,40,500,100,61.0
3816004,【覺醒II】,50,0,1,4000,40,500,100,61.0
3816007,【傳奇II】,50,0,0,4000,34,160,2,58.0
3816007,【傳奇II】,50,0,0,4000,34,160,2,58.0
3816007,【傳奇II】,50,0,1,4000,34,160,2,58.0
3816007,【傳奇II】,50,0,1,4000,34,160,2,58.0
1801101,巨焱狂掃,3,0,0,5,8,5,8,1.29
1801101,巨焱狂掃,3,0,0,5,8,5,8,1.29
1801102,巨焱狂刃,3,0,0,10,10,10,10,1.4
1801103,巨焱一擊,3,0,0,4,7,4,7,1.25
1801103,巨焱一擊,3,0,0,4,7,4,7,1.25
1801104,巨焱毀滅,3,0,0,10,20,10,20,1.7
1801105,巨焱猛攻,3,1,0,5,10,5,10,1.35
1801105,巨焱猛攻,3,0,0,5,10,5,10,1.35
1801201,巨焱狂掃,7,0,0,10,18,10,18,2.36
1801201,巨焱狂掃,7,0,0,10,18,10,18,2.36
1801202,巨焱狂刃,7,0,0,36,19,36,19,2.69
1801203,巨焱一擊,7,0,0,30,13,30,13,2.21
1801203,巨焱一擊,7,0,0,30,13,30,13,2.21
1801204,巨焱毀滅,7,0,0,20,40,20,40,4.0
1801205,火焰揮擊,7,0,0,4,28,4,28,3.0
1801206,火焰爆擊,7,0,0,25,12,25,12,2.09
1801207,火焰毀滅,7,0,0,30,15,30,15,2.35
1801207,火焰毀滅,7,0,0,30,15,30,15,2.35
1801208,巨焱猛攻,7,1,0,20,33,20,33,3.51
1801208,巨焱猛攻,7,0,0,20,33,20,33,3.51
3806404,【覺醒】,50,0,0,3200,32,1120,6,49.0
3806404,【覺醒】,50,0,0,3200,32,1120,6,49.0
3806404,【覺醒】,50,0,1,3200,32,1120,6,49.0
3806404,【覺醒】,50,0,1,3200,32,1120,6,49.0
3806407,【傳奇】,50,0,0,3200,27,160,2,46.5
3806407,【傳奇】,50,0,0,3200,27,160,2,46.5
3806407,【傳奇】,50,0,1,11000,120,0,0,171.0
3816404,【覺醒II】,50,0,0,4000,40,500,100,61.0
3816404,【覺醒II】,50,0,0,4000,40,500,100,61.0
3816404,【覺醒II】,50,0,1,4000,40,500,100,61.0
3816404,【覺醒II】,50,0,1,4000,40,500,100,61.0
3816407,【傳奇II】,50,0,0,4000,34,160,2,58.0
3816407,【傳奇II】,50,0,0,4000,34,160,2,58.0
3816407,【傳奇II】,50,0,1,4000,34,160,2,58.0
3816407,【傳奇II】,50,0,1,4000,34,160,2,58.0
3806804,【覺醒】,50,0,0,3200,32,1120,6,49.0
3806804,【覺醒】,50,0,0,3200,32,1120,6,49.0
3806804,【覺醒】,50,0,1,3200,32,1120,6,49.0
3806804,【覺醒】,50,0,1,3200,32,1120,6,49.0
3806807,【傳奇】,50,0,0,3200,27,160,2,46.5
3806807,【傳奇】,50,0,0,3200,27,160,2,46.5
3806807,【傳奇】,50,0,1,11000,120,0,0,171.0
3816804,【覺醒II】,50,0,0,4000,40,500,100,61.0
3816804,【覺醒II】,50,0,0,4000,40,500,100,61.0
3816804,【覺醒II】,50,0,1,4000,40,500,100,61.0
3816807,【傳奇II】,50,0,0,4000,34,160,2,58.0
3816807,【傳奇II】,50,0,0,4000,34,160,2,58.0
3816807,【傳奇II】,50,0,1,4000,34,160,2,58.0
3816807,【傳奇II】,50,0,1,4000,34,160,2,58.0
1802318,三擊拳,5,2,0,6040,1208,36,19,121.8
1802318,三擊拳,5,1,0,6040,1208,36,19,121.8
1802318,三擊拳,5,0,0,6040,1208,36,19,121.8
1802318,三擊拳,5,2,1,6040,1208,36,19,121.8
1802318,三擊拳,5,1,1,6040,1208,36,19,121.8
1802318,三擊拳,5,0,1,6040,1208,36,19,121.8
1006030,即決審判,5,1,0,3250,650,0,5,66.0
1006030,即決審判,5,0,0,3250,650,0,5,66.0
3806904,【覺醒】,50,0,0,3200,32,1120,6,49.0
3806904,【覺醒】,50,0,0,3200,32,1120,6,49.0
3806904,【覺醒】,50,0,1,3200,32,1120,6,49.0
3806907,【傳奇】,50,0,0,3200,27,160,2,46.5
3806907,【傳奇】,50,0,1,11000,120,0,0,171.0
3816904,【覺醒II】,50,0,0,4000,40,500,100,61.0
3816904,【覺醒II】,50,0,1,4000,40,500,100,61.0
3816907,【傳奇II】,50,0,0,4000,34,160,2,58.0
3816907,【傳奇II】,50,0,1,4000,34,160,2,58.0
2402601,電流潰堤,5,1,0,2500,500,0,30,51.0
2402601,電流潰堤,5,0,0,2500,500,0,30,51.0
2402601,電流潰堤,5,1,1,2500,500,0,30,51.0
2402601,電流潰堤,5,0,1,2500,500,0,30,51.0
2402603,猛烈一擊,5,1,0,3955,791,0,30,80.1
2402603,猛烈一擊,5,0,0,6600,1320,0,30,133.0
2402603,猛烈一擊,5,1,1,6600,1320,0,30,133.0
2402603,猛烈一擊,5,0,1,6600,1320,0,30,133.0
2402705,[迅風快擊] 氣功,5,1,0,2000,400,0,9,41.0
2402705,[迅風快擊] 氣功,5,0,0,2000,400,0,9,41.0
2402705,[迅風快擊] 氣功,5,0,1,2000,400,0,9,41.0
2402705,[迅風快擊] 氣功,5,0,2,2000,400,0,9,41.0
2402706,[近身短打] 左右直拳,5,0,0,4500,901,0,9,91.05
2402706,[近身短打] 左右直拳,5,0,0,3905,781,0,9,79.1
2402706,[近身短打] 左右直拳,5,3,1,4500,901,0,9,91.05
2402706,[近身短打] 左右直拳,5,2,1,4500,901,0,9,91.05
2402706,[近身短打] 左右直拳,5,1,1,4500,901,0,9,91.05
2402706,[近身短打] 左右直拳,5,0,1,4500,901,0,9,91.05
2402801,魔王血統[回擊],5,3,0,3255,651,0,20,66.1
2402801,魔王血統[回擊],5,3,0,3255,651,0,20,66.1
2402801,魔王血統[回擊],5,2,0,3255,651,0,20,66.1
2402801,魔王血統[回擊],5,2,0,3255,651,0,20,66.1
2402801,魔王血統[回擊],5,1,0,3255,651,0,20,66.1
2402801,魔王血統[回擊],5,1,0,3255,651,0,20,66.1
2402801,魔王血統[回擊],5,0,0,3255,651,0,20,66.1
2402801,魔王血統[回擊],5,0,0,3255,651,0,20,66.1
2402802,魔王血統[泣],5,1,0,960,192,0,20,20.2
2402802,魔王血統[泣],5,1,0,960,192,0,20,20.2
2402802,魔王血統[泣],5,1,0,960,192,0,20,20.2
2402802,魔王血統[泣],5,1,0,960,192,0,20,20.2
2402802,魔王血統[泣],5,0,0,960,192,0,20,20.2
2402802,魔王血統[泣],5,0,0,960,192,0,20,20.2
2402802,魔王血統[泣],5,0,0,960,192,0,20,20.2
2402802,魔王血統[泣],5,0,0,960,192,0,20,20.2
2402803,魔王血統[三斬],5,1,0,2000,400,0,20,41.0
2402803,魔王血統[三斬],5,1,0,2000,400,0,20,41.0
2402803,魔王血統[三斬],5,1,0,2000,400,0,20,41.0
2402803,魔王血統[三斬],5,0,0,2000,400,0,20,41.0
2402803,魔王血統[三斬],5,0,0,2000,400,0,20,41.0
2402803,魔王血統[三斬],5,0,0,2000,400,0,20,41.0
2402803,魔王血統[三斬],5,1,1,2000,400,0,20,41.0
2402803,魔王血統[三斬],5,1,1,2000,400,0,20,41.0
2402803,魔王血統[三斬],5,1,1,2000,400,0,20,41.0
2402803,魔王血統[三斬],5,0,1,2000,400,0,20,41.0
2402803,魔王血統[三斬],5,0,1,2000,400,0,20,41.0
2402803,魔王血統[三斬],5,0,1,2000,400,0,20,41.0
2403001,忍法_速,5,0,0,4500,900,0,9,91.0
2403001,忍法_速,5,2,1,4500,900,0,9,91.0
2403001,忍法_速,5,1,1,4500,900,0,9,91.0
2403001,忍法_速,5,0,1,4500,900,0,9,91.0
2403002,忍法_雷,5,0,0,3000,600,0,9,61.0
2403002,忍法_雷,5,0,0,3000,600,0,9,61.0
2403002,忍法_雷,5,1,1,3000,600,0,9,61.0
2403002,忍法_雷,5,0,1,3000,600,0,9,61.0
2403002,忍法_雷,5,0,1,3000,600,0,9,61.0
2403003,忍法_幻,5,0,0,3000,600,0,10,61.0
2403003,忍法_幻,5,0,1,3000,600,0,10,61.0
2403004,忍法_攪,5,0,0,2200,440,0,9,45.0
2403004,忍法_攪,5,0,1,2200,440,0,9,45.0
2403004,忍法_攪,5,0,2,2200,440,0,9,45.0
2406901,巨石狂暴[綠],5,1,0,3905,781,0,20,79.1
2406901,巨石狂暴[綠],5,0,0,3905,781,0,20,79.1
2406901,巨石狂暴[綠],5,0,1,3905,781,0,20,79.1
2406902,石榴石[紅],5,0,0,1850,370,0,20,38.0
2406902,石榴石[紅],5,0,1,1850,370,0,20,38.0
2406903,紫水晶[紫],5,0,0,2000,400,0,20,41.0
2406903,紫水晶[紫],5,0,1,2000,400,0,20,41.0
2406903,紫水晶[紫],5,0,2,2000,400,0,20,41.0
2406904,綠寶石[綠],5,0,0,2000,400,0,20,41.0
2406904,綠寶石[綠],5,1,1,3000,600,0,20,61.0
2406904,綠寶石[綠],5,0,1,2000,400,0,20,41.0
2406905,魔法寶石陣[紫],5,0,0,1550,310,0,20,32.0
2403101,旋風斬,5,2,0,1250,250,0,5,26.0
2403101,旋風斬,5,1,0,2100,420,0,5,43.0
2403101,旋風斬,5,0,0,2100,420,0,5,43.0
2403101,旋風斬,5,1,1,2100,420,0,5,43.0
2403101,旋風斬,5,0,1,2100,420,0,5,43.0
2403101,旋風斬,5,1,2,2100,420,0,5,43.0
2403101,旋風斬,5,0,2,2100,420,0,5,43.0
1210901,昇天亂舞,5,3,0,20,45,50,130,3.45
1210901,昇天亂舞,5,3,0,20,50,50,130,3.7
1210901,昇天亂舞,5,2,0,20,35,50,130,2.95
1210901,昇天亂舞,5,1,0,20,30,50,130,2.7
1210901,昇天亂舞,5,0,0,20,20,50,130,2.2
1210901,昇天亂舞,5,0,0,20,25,50,130,2.45
1210902,聚精會神,5,1,0,20,100,50,130,6.2
1210902,聚精會神,5,1,0,20,120,50,130,7.2
1210902,聚精會神,5,0,0,20,100,50,130,6.2
1210902,聚精會神,5,0,0,20,120,50,130,7.2
1210903,逃遁,5,0,0,20,150,50,130,8.7
3807304,【覺醒】,50,0,0,3200,32,1120,6,49.0
3807304,【覺醒】,50,0,1,3200,32,1120,6,49.0
3807307,【傳奇】,50,0,0,3200,27,160,2,46.5
3807307,【傳奇】,50,0,0,3200,27,160,2,46.5
3807307,【傳奇】,50,0,1,11000,120,0,0,171.0
3817304,【覺醒II】,50,0,0,4000,40,500,100,61.0
3817304,【覺醒II】,50,0,0,4000,40,500,100,61.0
3817304,【覺醒II】,50,0,1,4000,40,500,100,61.0
3817304,【覺醒II】,50,0,1,4000,40,500,100,61.0
3817307,【傳奇II】,50,0,0,4000,34,160,2,58.0
3817307,【傳奇II】,50,0,1,4000,34,160,2,58.0
1803400,不朽,1,0,0,12000,1000,130,60,131.0
1803101,雙重猛擊,3,0,0,20,20,30,60,1.8
1803103,碎殺,3,0,0,20,30,60,60,2.1
1803121,暗影猛擊,3,1,0,70,100,130,60,4.7
1803121,暗影猛擊,3,0,0,70,35,90,60,2.75
1803122,闇黑重擊,3,1,0,70,130,130,60,5.6
1803122,闇黑重擊,3,0,0,70,15,60,60,2.15
1803201,雙重猛擊,7,0,0,70,40,120,60,4.5
1803203,碎殺,7,0,0,70,20,60,60,3.1
1803206,躍襲,7,0,0,70,50,130,60,5.2
1803221,暗影猛擊,5,1,0,70,100,130,60,6.7
1803221,暗影猛擊,5,0,0,70,35,90,60,3.45
1803222,闇黑重擊,5,1,0,70,130,130,60,8.2
1803222,闇黑重擊,5,0,0,70,15,60,60,2.45
1107005,鳴牙閃,5,0,0,1500,300,270,30,31.0
1107005,鳴牙閃,5,1,0,2000,400,32,16,41.0
1107005,鳴牙閃,5,1,0,1400,280,32,16,29.0
1107015,風捲連刃,5,0,0,3500,700,0,46,71.0
1107015,風捲連刃,5,0,1,3500,700,0,46,71.0
1107015,風捲連刃,5,1,1,3500,700,0,46,71.0
1107015,風捲連刃,5,2,1,3500,700,0,46,71.0
1107015,風捲連刃,5,0,2,3500,700,0,46,71.0
1107015,風捲連刃,5,1,2,3500,700,0,46,71.0
1107015,風捲連刃,5,2,2,3500,700,0,46,71.0
1109505,天霸淒皇斬,5,1,0,4000,800,208,125,81.0
1109505,天霸淒皇斬,5,0,0,4000,800,208,125,81.0
1109405,奇斯多,5,0,0,4000,800,300,120,81.0
1109405,奇斯多,5,0,1,4000,800,300,120,81.0
1212005,狂風斬,5,0,0,4600,920,638,383,93.0
1212005,狂風斬,5,0,1,4600,920,638,383,93.0
1212005,狂風斬,5,1,1,4600,920,638,383,93.0
1212005,狂風斬,5,0,2,4600,920,638,383,93.0
1210005,昇天擊,5,0,0,3100,620,182,169,63.0
1210005,昇天擊,5,1,0,3100,620,182,169,63.0
1210005,昇天擊,5,0,1,3100,620,182,169,63.0
1210005,昇天擊,5,1,1,3100,620,182,169,63.0
1210005,昇天擊,5,2,1,3100,620,182,169,63.0
1105005,飛翔斬,5,1,0,3000,600,320,167,61.0
1105005,飛翔斬,5,0,0,2750,550,0,0,56.0
1105005,飛翔斬,5,1,1,3000,600,320,167,61.0
1105005,飛翔斬,5,0,1,2750,550,0,0,56.0
1802401,[無限] 絕路,5,0,0,1000,500,0,10,36.0
1802401,[無限] 絕路,5,0,0,1000,500,0,10,36.0
1802401,[無限] 絕路,5,0,0,1000,500,0,10,36.0
1802401,[無限] 絕路,5,0,1,1000,500,0,10,36.0
1211005,天破俠亂,5,0,0,2600,520,180,130,53.0
1211005,天破俠亂,5,0,0,2600,520,150,130,53.0
1211005,天破俠亂,5,0,1,2600,520,180,130,53.0
1211005,天破俠亂,5,0,1,2600,520,150,130,53.0
1104017,疾風,5,0,0,3640,728,0,72,73.8
1104017,疾風,5,0,0,3640,728,0,72,73.8
1105017,旋槍陣,5,1,1,2500,500,0,18,51.0
1105017,旋槍陣,5,0,1,2500,500,0,18,51.0
1105017,旋槍陣,5,0,0,2500,500,0,18,51.0
1106007,連訣槍,5,1,0,2250,450,0,24,46.0
1106007,連訣槍,5,0,0,2250,450,0,24,46.0
1105007,絕影刺,5,1,0,3640,728,196,78,73.8
1105007,絕影刺,5,0,0,3640,728,196,78,73.8
1107027,絕氣槍,5,1,0,3005,601,720,240,61.1
1107027,絕氣槍,5,1,0,3005,601,720,240,61.1
1107027,絕氣槍,5,0,0,3005,601,720,240,61.1
1107027,絕氣槍,5,0,0,3005,601,720,240,61.1
1107017,龍槍連閃,5,0,0,1000,200,396,54,21.0
1107017,龍槍連閃,5,0,0,4550,910,396,54,92.0
1211007,追進擊,5,1,2,3000,600,90,54,61.0
1211007,追進擊,5,0,2,3000,600,90,54,61.0
1211007,追進擊,5,2,1,3000,600,90,54,61.0
1211007,追進擊,5,1,1,3000,600,90,54,61.0
1211007,追進擊,5,0,1,3000,600,90,54,61.0
1211007,追進擊,5,1,0,3000,600,90,54,61.0
1211007,追進擊,5,0,0,3000,600,90,54,61.0
1109107,龍槍(風),5,2,1,2750,550,80,64,56.0
1109107,龍槍(風),5,1,1,2750,550,80,64,56.0
1109107,龍槍(風),5,2,0,2750,550,80,64,56.0
1109107,龍槍(風),5,1,0,2750,550,80,64,56.0
1109107,龍槍(風),5,0,0,2750,550,80,64,56.0
1109207,龍槍(雷),5,1,0,200,1800,300,156,93.0
1109207,龍槍(雷),5,0,0,200,1800,300,156,93.0
1210007,威力穿刺,5,0,1,3005,601,135,135,61.1
1210007,威力穿刺,5,0,1,3005,601,171,162,61.1
1210007,威力穿刺,5,0,0,3005,601,135,135,61.1
1210007,威力穿刺,5,0,0,3005,601,171,162,61.1
1802402,[無限] 百花撩亂,5,0,0,1000,500,0,10,36.0
1802402,[無限] 百花撩亂,5,0,1,1000,500,0,10,36.0
1802403,[無限] 偏執狂,5,0,0,1000,500,0,10,36.0
1802403,[無限] 偏執狂,5,0,0,1000,500,0,10,36.0
1802403,[無限] 偏執狂,5,0,1,1000,500,0,10,36.0
1210101,昇天亂舞,5,3,0,2150,430,50,130,44.0
1210101,昇天亂舞,5,3,0,2150,430,50,130,44.0
1210101,昇天亂舞,5,2,0,2150,430,50,130,44.0
1210101,昇天亂舞,5,1,0,2150,430,50,130,44.0
1210101,昇天亂舞,5,0,0,2150,430,50,130,44.0
1210101,昇天亂舞,5,0,0,2150,430,50,130,44.0
1210101,昇天亂舞,5,3,1,2150,430,50,130,44.0
1210101,昇天亂舞,5,3,1,2150,430,50,130,44.0
1210101,昇天亂舞,5,2,1,2150,430,50,130,44.0
1210101,昇天亂舞,5,1,1,2150,430,50,130,44.0
1210101,昇天亂舞,5,0,1,2150,430,50,130,44.0
1210101,昇天亂舞,5,3,2,2150,430,50,130,44.0
1210101,昇天亂舞,5,3,2,2150,430,50,130,44.0
1210101,昇天亂舞,5,2,2,2150,430,50,130,44.0
1210101,昇天亂舞,5,1,2,2150,430,50,130,44.0
1210101,昇天亂舞,5,0,2,2150,430,50,130,44.0
1210102,無雙亂舞,5,3,0,2900,590,50,130,59.5
1210102,無雙亂舞,5,2,0,2900,590,50,130,59.5
1210102,無雙亂舞,5,1,0,2900,590,50,130,59.5
1210102,無雙亂舞,5,0,0,2900,590,50,130,59.5
1210102,無雙亂舞,5,2,1,2900,590,50,130,59.5
1210102,無雙亂舞,5,1,1,2900,590,50,130,59.5
1210102,無雙亂舞,5,0,1,2900,590,50,130,59.5
1210102,無雙亂舞,5,0,2,2900,590,50,130,59.5
1210103,聚精會神,5,1,0,2250,450,50,130,46.0
1210103,聚精會神,5,1,0,2250,450,50,130,46.0
1210103,聚精會神,5,0,0,2250,450,50,130,46.0
1210103,聚精會神,5,0,0,2250,450,50,130,46.0
1210103,聚精會神,5,1,1,2250,450,50,130,46.0
1210103,聚精會神,5,1,1,2250,450,50,130,46.0
1210103,聚精會神,5,0,1,2250,450,50,130,46.0
1210103,聚精會神,5,0,1,2250,450,50,130,46.0
1210021,嗜魂刃,5,1,0,3500,700,50,130,71.0
1210021,嗜魂刃,5,0,0,3500,700,50,130,71.0
1210021,嗜魂刃,5,3,1,3500,700,50,130,71.0
1210021,嗜魂刃,5,2,1,3500,700,50,130,71.0
1210021,嗜魂刃,5,1,1,3500,700,50,130,71.0
1210021,嗜魂刃,5,0,1,3500,700,50,130,71.0
1109021,十字劍,5,1,0,6000,1200,225,150,121.0
1109021,十字劍,5,0,0,6000,1200,225,150,121.0
1109021,十字劍,5,1,1,6000,1200,225,150,121.0
1109021,十字劍,5,0,1,6000,1200,225,150,121.0
1210104,逃遁,5,0,0,5000,1000,50,130,101.0
1104014,昇龍斬,12,0,0,500,600,586,118,78.0
1104014,昇龍斬,12,1,0,500,600,586,118,78.0
1105014,龍尾襲,12,0,0,554,724,468,108,93.42
1106004,音速斬,12,0,0,160,320,0,30,41.0
1105004,順烈斬,5,0,0,2250,450,20,40,46.0
1107004,閃影劍,5,0,0,3200,640,520,104,65.0
1107004,閃影劍,5,0,1,3200,640,520,104,65.0
1106101,光速斬,5,0,0,2500,500,20,24,51.0
1106101,光速斬,5,0,1,2500,500,20,24,51.0
1106101,光速斬,5,0,2,2500,500,20,24,51.0
1106102,迴旋盾牌[單手劍],5,0,0,5000,1000,1050,210,101.0
1106102,迴旋盾牌[單手劍],5,0,1,5000,1000,1050,210,101.0
1107014,迴旋斬,5,0,0,3850,770,468,104,78.0
1107014,迴旋斬,5,0,0,3850,770,468,104,78.0
1107014,迴旋斬,5,0,1,3850,770,468,104,78.0
1107014,迴旋斬,5,0,1,3850,770,468,104,78.0
1802405,心狀紋,5,0,0,700,800,0,10,48.0
1109104,邁大步走,8,0,0,40,170,50,30,15.0
1109104,邁大步走,8,0,0,40,170,0,50,15.0
1210004,劍氣波,5,0,0,3000,600,110,70,61.0
1802404,[無限] 結界之擊,5,0,0,1000,500,0,10,36.0
1802404,[無限] 結界之擊,5,0,0,1000,500,0,10,36.0
1802404,[無限] 結界之擊,5,0,1,1000,500,0,10,36.0
1802404,[無限] 結界之擊,5,0,1,1000,500,0,10,36.0
1109004,撞擊盾,5,0,0,6000,1200,225,120,121.0
1802407,撞擊鎚,5,0,0,4000,800,0,10,81.0
1802407,撞擊鎚,5,0,0,4000,800,0,10,81.0
1211101,雙連爆,5,0,0,2400,480,1050,210,49.0
1211101,雙連爆,5,0,1,2400,480,1050,210,49.0
1211103,反殺,5,0,0,2400,480,1050,210,49.0
1211103,反殺,5,0,1,2400,480,1050,210,49.0
1109406,颱風鎚,5,0,0,2000,400,30,50,41.0
1211102,盾擊[鈍器],5,0,0,3000,600,1050,210,61.0
1106202,迴旋盾牌[鈍器],5,0,0,2400,480,1050,210,49.0
1211006,天降制裁,5,0,0,3250,650,260,130,66.0
1211006,天降制裁,5,0,0,3250,650,200,100,66.0
1211006,天降制裁,5,0,1,3250,650,260,130,66.0
1211006,天降制裁,5,0,1,3250,650,200,100,66.0
1211006,天降制裁,5,0,2,3250,650,260,130,66.0
1211006,天降制裁,5,0,2,3250,650,200,100,66.0
1210006,威力襲捲,5,1,0,2400,480,10,30,49.0
1210006,威力襲捲,5,0,0,2400,120,10,20,31.0
1210006,威力襲捲,5,1,1,2400,480,10,30,49.0
1210006,威力襲捲,5,0,1,2400,480,10,30,49.0
1802406,[無限] 天堂地獄,5,0,0,3000,1100,0,10,86.0
1802406,[無限] 天堂地獄,5,0,0,3000,1100,0,10,86.0
1802406,[無限] 天堂地獄,5,0,1,3000,1100,0,10,86.0
1802406,[無限] 天堂地獄,5,0,1,3000,1100,0,10,86.0
1211104,威力爆擊,5,0,0,3250,650,1050,210,66.0
1211104,威力爆擊,5,0,0,3250,650,1050,210,66.0
1211104,威力爆擊,5,0,1,3250,650,1050,210,66.0
1802408,[無限] 幻夜馬郎拳,5,0,0,1000,500,2,5,36.0
1802408,[無限] 幻夜馬郎拳,5,0,0,1000,500,2,5,36.0
1802408,[無限] 幻夜馬郎拳,5,0,1,1000,500,2,5,36.0
1106012,肘擊,5,0,0,5500,1100,450,120,111.0
1107012,如來神掌,5,0,0,5500,1100,450,105,111.0
1107012,如來神掌,5,0,1,5500,1100,450,105,111.0
1106002,能量波,5,0,0,1500,300,864,208,31.0
1106002,能量波,5,0,1,1500,300,864,208,31.0
1101101,升龍拳,5,2,0,2000,400,260,52,41.0
1101101,升龍拳,5,2,0,2000,400,200,40,41.0
1101101,升龍拳,5,1,0,2000,400,260,52,41.0
1101101,升龍拳,5,1,0,2000,400,200,40,41.0
1101101,升龍拳,5,0,0,2000,400,260,52,41.0
1101101,升龍拳,5,0,0,2000,400,200,40,41.0
1211002,地雷陣,10,0,0,1500,150,180,180,31.0
1100110,斬靈拳,1,1,0,300,2700,225,165,31.0
1100110,斬靈拳,1,0,0,300,2700,225,165,31.0
1100113,吸血拳,5,0,0,260,468,40,40,27.0
1109101,天龍波,5,0,0,1100,990,225,150,61.5
1104001,虎烈腳,5,0,0,6000,1200,420,76,121.0
1104001,虎烈腳,5,1,1,6000,1200,420,76,121.0
1104001,虎烈腳,5,0,1,6000,1200,420,76,121.0
1104001,虎烈腳,5,1,2,4500,900,5,20,91.0
1104001,虎烈腳,5,0,2,6000,1200,420,76,121.0
1100109,旋轉腳,5,0,0,2500,500,50,50,51.0
1100109,旋轉腳,5,0,0,2500,500,50,50,51.0
1100109,旋轉腳,5,0,0,3500,700,50,50,71.0
1100109,旋轉腳,5,1,1,2500,500,50,50,51.0
1100109,旋轉腳,5,1,1,3500,700,50,50,71.0
1100109,旋轉腳,5,1,1,2500,500,50,50,51.0
1100109,旋轉腳,5,0,1,2500,500,50,50,51.0
1100109,旋轉腳,5,0,1,3500,700,50,50,71.0
1100109,旋轉腳,5,0,1,2500,500,50,50,51.0
1100109,旋轉腳,5,0,2,2500,500,50,50,51.0
1100109,旋轉腳,5,0,2,3500,700,50,50,71.0
1106001,半月腳,5,0,0,2750,550,450,120,56.0
1106001,半月腳,5,1,0,2750,550,450,120,56.0
1106001,半月腳,5,2,0,2750,550,450,120,56.0
1106001,半月腳,5,2,0,2750,275,450,120,42.25
1210002,大地毀滅,5,0,0,3250,650,308,375,66.0
1210002,大地毀滅,5,0,1,3250,650,308,375,66.0
1107001,天龍腳,5,3,0,3500,700,60,20,71.0
1107001,天龍腳,5,2,0,3500,700,60,20,71.0
1107001,天龍腳,5,1,0,3500,700,60,20,71.0
1107001,天龍腳,5,0,0,3500,700,60,20,71.0
1100112,鏟腳,1,1,0,200,1800,70,24,21.0
1100112,鏟腳,1,0,0,200,1800,70,24,21.0
1100111,幻影腳,5,0,0,3000,600,5,20,61.0
1100111,幻影腳,5,0,1,3000,600,5,20,61.0
1212002,旋風腳,5,0,0,1900,380,100,70,39.0
1802409,[無限] 火焰先鋒,5,0,0,1000,500,150,50,36.0
1802409,[無限] 火焰先鋒,5,0,0,1000,500,150,50,36.0
1802409,[無限] 火焰先鋒,5,0,1,1000,500,150,50,36.0
1802409,[無限] 火焰先鋒,5,0,1,1000,500,150,50,36.0
2107006,冰旋風,5,0,0,1500,300,34,7,31.0
2104104,冰板,5,0,0,3420,684,156,208,69.4
2104104,冰板,5,0,1,3420,684,156,208,69.4
2104104,冰板,5,0,2,3420,684,156,208,69.4
2211003,火牆術,5,0,0,2400,480,150,150,49.0
2211103,火焰地獄,5,0,0,3250,650,10,3,66.0
2211103,火焰地獄,5,0,1,3250,650,10,3,66.0
2211006,瞬間凍結,5,0,0,1200,240,85,100,25.0
2211006,瞬間凍結,5,0,0,2200,440,85,100,45.0
2008006,冰矢漫舞,5,0,0,1200,240,0,10,25.0
2210003,烈焰火蛇,5,1,0,2000,400,50,40,41.0
2210003,烈焰火蛇,5,0,0,2000,400,50,40,41.0
2105002,旋風劈,5,0,0,1200,240,12,4,25.0
2106002,風庇護,5,0,0,3850,770,150,60,78.0
2106002,風庇護,5,1,1,3850,770,150,60,78.0
2106002,風庇護,5,0,1,3850,770,150,60,78.0
2104001,巨石震地,5,0,0,5500,1100,150,36,111.0
2105001,巨石突襲,5,0,0,4250,850,130,16,86.0
2107002,旋風狂掃,5,0,0,1300,260,32,8,27.0
2211002,旋風狂刃,5,0,0,1100,220,100,120,23.0
2106001,天龍牙,5,0,0,3500,700,130,13,71.0
2106001,天龍牙,5,0,1,3500,700,130,13,71.0
2211001,召喚泥妖,5,0,0,1500,300,70,100,31.0
1802410,[無限] 波音調號,5,0,0,1000,500,0,10,36.0
1802410,[無限] 波音調號,5,0,0,1000,500,0,10,36.0
1802410,[無限] 波音調號,5,0,1,1000,500,0,10,36.0
3101023,電擊,5,0,0,1600,320,1120,6,33.0
3101023,電擊,5,1,0,1600,320,1120,6,33.0
3001019,惡魔之聲,5,0,0,3750,750,0,5,76.0
3001019,惡魔之聲,5,0,1,3750,750,0,5,76.0
3001019,惡魔之聲,5,0,2,3750,750,0,5,76.0
1108001,音符地獄,5,0,0,2500,500,169,195,51.0
1108001,音符地獄,5,1,0,2500,500,169,195,51.0
1108001,音符地獄,5,0,1,2500,500,169,195,51.0
1108001,音符地獄,5,1,1,2500,500,169,195,51.0
3101013,惡魔的演奏,5,2,0,2100,420,0,0,43.0
3101013,惡魔的演奏,5,0,0,2100,420,0,0,43.0
3101013,惡魔的演奏,5,2,1,2100,420,0,0,43.0
3101013,惡魔的演奏,5,0,1,2100,420,0,0,43.0
3001016,集體死亡,5,2,0,1750,350,150,150,36.0
3001016,集體死亡,5,0,0,1750,350,150,150,36.0
3001016,集體死亡,5,2,1,1750,350,150,150,36.0
3001016,集體死亡,5,0,1,1750,350,150,150,36.0
1108000,詭異的演奏,5,2,0,2000,400,50,20,41.0
1108000,詭異的演奏,5,0,0,2000,400,50,20,41.0
1108000,詭異的演奏,5,2,1,2000,400,50,20,41.0
1108000,詭異的演奏,5,0,1,2000,400,50,20,41.0
1108000,詭異的演奏,5,2,2,2000,400,50,20,41.0
1108000,詭異的演奏,5,0,2,2000,400,50,20,41.0
1802411,[無限] 狂歡狂怒,5,0,0,1000,500,0,10,36.0
1802411,[無限] 狂歡狂怒,5,0,0,1000,500,0,10,36.0
1802411,[無限] 狂歡狂怒,5,0,0,1000,500,0,10,36.0
1802411,[無限] 狂歡狂怒,5,0,1,1000,500,0,10,36.0
1802411,[無限] 狂歡狂怒,5,0,1,1000,500,0,10,36.0
1104013,迅影飛刃,5,0,0,3500,700,104,26,71.0
1106013,閃光刃,5,0,0,4500,900,480,60,91.0
1106013,閃光刃,5,0,1,4500,900,480,60,91.0
1106013,閃光刃,5,1,1,4500,900,480,60,91.0
1107013,爆裂飛刀,10,0,0,1800,180,2,16,37.0
1107013,爆裂飛刀,10,0,0,1800,180,2,16,37.0
1210003,快影飛刀,5,0,0,2750,550,60,60,56.0
1210003,快影飛刀,5,0,1,2750,550,60,60,56.0
1210003,快影飛刀,5,1,1,2750,550,60,60,56.0
1107023,急襲,5,1,0,4750,950,525,225,96.0
1107023,急襲,5,0,0,4750,950,525,225,96.0
1107023,急襲,5,1,1,4750,950,525,225,96.0
1107023,急襲,5,0,1,4750,950,525,225,96.0
1107033,短刃狂熱,5,0,0,3250,650,100,50,66.0
1107033,短刃狂熱,5,1,1,3250,650,100,50,66.0
1107033,短刃狂熱,5,0,1,3250,650,100,50,66.0
1107033,短刃狂熱,5,1,2,3250,650,100,50,66.0
1107033,短刃狂熱,5,0,2,3250,650,100,50,66.0
1107003,斬魔崩影刃,5,0,0,1800,360,20,18,37.0
1106003,幻影飛舞,5,0,0,1560,312,20,30,32.2
1105008,暴雨箭,5,0,0,2000,400,80,20,41.0
1105008,暴雨箭,5,0,1,2000,400,80,20,41.0
1106008,亂舞箭,10,0,0,1500,150,100,30,31.0
1106008,亂舞箭,10,0,0,1500,150,100,30,31.0
1107008,冰棱錐,5,0,0,3500,700,364,66,71.0
1109908,爆炸箭,5,0,0,3150,630,150,75,64.0
1109908,爆炸箭,5,0,0,3150,630,100,100,64.0
1109908,爆炸箭,5,0,1,3150,630,150,75,64.0
1109908,爆炸箭,5,0,2,3150,630,150,75,64.0
1105100,後步伐箭,5,2,0,6000,1200,900,210,121.0
1105100,後步伐箭,5,1,0,5500,1100,900,210,111.0
1105100,後步伐箭,5,0,0,5500,1100,900,210,111.0
1104018,多重箭,5,0,0,3500,700,88,18,71.0
1104018,多重箭,5,0,1,3500,700,88,18,71.0
1104018,多重箭,5,0,2,3500,700,88,18,71.0
1108008,光亮箭,5,0,0,2900,580,40,56,59.0
1108008,光亮箭,5,0,1,2900,580,40,56,59.0
1106018,鳳凰箭,5,0,0,2750,550,750,136,56.0
1802412,[無限] 光線疾風,5,0,0,2000,400,0,10,41.0
1802412,[無限] 光線疾風,5,0,0,2000,400,0,10,41.0
1802412,[無限] 光線疾風,5,0,1,2000,400,0,10,41.0
1802412,[無限] 光線疾風,5,0,1,2000,400,0,10,41.0
1105009,狂亂弩,5,0,0,1500,300,40,20,31.0
1210009,反擊,1,1,0,2000,1000,100,100,31.0
1210009,反擊,1,0,0,2000,1000,100,100,31.0
1108019,蝗蟲,5,0,0,1400,280,50,70,29.0
1108019,蝗蟲,5,0,1,1400,280,50,70,29.0
1211009,竄流發射,5,1,0,5000,1000,450,375,101.0
1211009,竄流發射,5,0,0,5000,1000,450,375,101.0
1211009,竄流發射,5,1,1,5000,1000,450,375,101.0
1211009,竄流發射,5,0,1,5000,1000,450,375,101.0
1211009,竄流發射,5,1,2,5000,1000,450,375,101.0
1211009,竄流發射,5,0,2,5000,1000,450,375,101.0
1107009,暗影絕殺,5,0,0,5000,1000,516,102,101.0
1107009,暗影絕殺,5,0,1,5000,1000,516,102,101.0
1106019,解除限制,5,0,0,2000,400,160,30,41.0
1106009,次元砲,5,0,0,3750,750,516,96,76.0
1106009,次元砲,5,0,1,3750,750,516,96,76.0
1109009,浴火鳳凰,5,0,0,3750,750,50,30,76.0
1109009,浴火鳳凰,5,1,0,3750,750,50,30,76.0
1109009,浴火鳳凰,5,2,0,3750,750,50,30,76.0
1109009,浴火鳳凰,5,0,1,3750,750,50,30,76.0
1109009,浴火鳳凰,5,1,1,3750,750,50,30,76.0
1109009,浴火鳳凰,5,2,1,3750,750,50,30,76.0
1109009,浴火鳳凰,5,0,2,3750,750,50,30,76.0
1109009,浴火鳳凰,5,1,2,3750,750,50,30,76.0
1109009,浴火鳳凰,5,2,2,3750,750,50,30,76.0
1802413,[無限] 彗星亂雷,5,0,0,1000,500,150,10,36.0
1802413,[無限] 彗星亂雷,5,0,1,1000,500,150,10,36.0
1802414,[無限] 幻影光炮,5,0,0,1000,500,250,120,36.0
1802414,[無限] 幻影光炮,5,0,1,1000,500,250,120,36.0
1100820,後退步法,5,1,0,4050,810,750,360,82.0
1100820,後退步法,5,0,0,4050,810,750,360,82.0
1100320,速射,1,0,0,500,500,0,18,11.0
1100420,連射,5,2,0,2250,450,0,18,46.0
1100420,連射,5,1,0,2250,450,0,18,46.0
1100420,連射,5,0,0,2250,450,0,18,46.0
1100420,連射,5,2,1,2250,450,0,18,46.0
1100420,連射,5,1,1,2250,450,0,18,46.0
1100420,連射,5,0,1,2250,450,0,18,46.0
1100520,亂槍掃射,5,1,0,1875,375,0,18,38.5
1100520,亂槍掃射,5,0,0,3000,600,0,18,61.0
1100520,亂槍掃射,5,1,1,3000,600,0,18,61.0
1100520,亂槍掃射,5,1,1,1875,375,0,18,38.5
1100520,亂槍掃射,5,0,1,3000,600,0,18,61.0
1100520,亂槍掃射,5,1,2,3250,650,48,24,66.0
1100520,亂槍掃射,5,0,2,3250,650,48,24,66.0
1100620,黃金神槍手,5,0,0,4050,810,750,360,82.0
1210020,毀滅炸彈,5,0,0,2300,460,100,100,47.0
1210020,毀滅炸彈,5,0,1,2300,460,100,100,47.0
1106020,後步伐發射,5,1,0,3250,650,48,24,66.0
1106020,後步伐發射,5,0,0,3250,650,48,24,66.0
1106020,後步伐發射,5,1,1,3250,650,48,24,66.0
1106020,後步伐發射,5,0,1,3250,650,48,24,66.0
1103020,旋轉掃射,5,0,0,2750,550,0,16,56.0
1103020,旋轉掃射,5,0,1,2750,550,0,16,56.0
1105020,機關掃射,5,2,0,3750,750,28,28,76.0
1105020,機關掃射,5,1,0,3750,750,28,28,76.0
1105020,機關掃射,5,0,0,3750,750,28,28,76.0
1105020,機關掃射,5,3,1,3750,750,28,28,76.0
1105020,機關掃射,5,2,1,3750,750,28,28,76.0
1105020,機關掃射,5,1,1,3750,750,28,28,76.0
1105020,機關掃射,5,0,1,3750,750,28,28,76.0
1105020,機關掃射,5,3,2,3750,750,28,28,76.0
1105020,機關掃射,5,2,2,3750,750,28,28,76.0
1105020,機關掃射,5,1,2,3750,750,28,28,76.0
1105020,機關掃射,5,0,2,3750,750,28,28,76.0
1000021,機械槍,3,0,0,-10,9,20,10,1.17
1001021,機械召喚,3,0,0,130,40,120,25,3.5
1002021,閃電術,3,0,0,-25,10,20,10,1.05
1003021,大槌落下,3,0,0,-25,10,30,10,1.05
1003021,大槌落下,3,0,0,40,20,0,15,2.0
1101022,火力全開,5,0,0,3750,750,732,131,76.0
1101022,火力全開,5,0,1,3750,750,732,131,76.0
1101022,火力全開,5,0,2,3750,750,732,131,76.0
1103022,前方突刺,5,1,0,2750,550,360,74,56.0
1103022,前方突刺,5,0,0,2750,550,360,74,56.0
1103022,前方突刺,5,1,1,2750,550,360,74,56.0
1103022,前方突刺,5,0,1,2750,550,360,74,56.0
1212026,閃電之翼,5,0,0,2000,400,360,74,41.0
1102022,死棘之槍,5,0,0,2000,400,405,68,41.0
1102022,死棘之槍,5,0,1,2000,400,405,68,41.0
1109022,火神砲,5,0,0,2000,400,180,180,41.0
1109022,火神砲,5,0,0,3600,720,180,180,73.0
1109022,火神砲,5,0,1,3600,720,180,180,73.0
1109022,火神砲,5,0,2,3600,720,180,180,73.0
1210022,冷光砲彈,5,0,0,3400,680,110,100,69.0
1210022,冷光砲彈,5,0,1,3400,680,110,100,69.0
1802416,[無限] 巨龍之災,5,0,0,1000,500,120,120,36.0
1802416,[無限] 巨龍之災,5,0,1,1000,500,120,120,36.0
1100033,野蠻靈魂,5,0,0,2000,400,20,14,41.0
1100033,野蠻靈魂,5,1,0,3000,600,20,14,61.0
1100033,野蠻靈魂,5,2,0,3000,600,20,14,61.0
1100033,野蠻靈魂,5,0,1,2000,400,20,14,41.0
1100033,野蠻靈魂,5,1,1,3000,600,20,14,61.0
1100033,野蠻靈魂,5,2,1,3000,600,20,14,61.0
1100033,野蠻靈魂,5,3,1,3000,600,20,14,61.0
1106033,巨人靈魂,5,2,0,3500,700,20,14,71.0
1106033,巨人靈魂,5,1,0,3500,700,20,14,71.0
1106033,巨人靈魂,5,0,0,3500,700,20,14,71.0
1106033,巨人靈魂,5,4,1,3500,700,20,14,71.0
1106033,巨人靈魂,5,3,1,3500,700,20,14,71.0
1106033,巨人靈魂,5,2,1,3500,700,20,14,71.0
1106033,巨人靈魂,5,1,1,3500,700,20,14,71.0
1106033,巨人靈魂,5,0,1,3500,700,20,14,71.0
1101033,靈魂大師I,5,1,0,5000,1000,20,14,101.0
1101033,靈魂大師I,5,0,0,5000,1000,20,14,101.0
1101033,靈魂大師I,5,1,1,5000,1000,20,14,101.0
1101033,靈魂大師I,5,0,1,5000,1000,20,14,101.0
1101033,靈魂大師I,5,1,2,5000,1000,20,14,101.0
1101033,靈魂大師I,5,0,2,5000,1000,20,14,101.0
1210037,速移靈魂,5,1,0,3000,600,20,14,61.0
1210037,速移靈魂,5,0,0,3000,600,20,14,61.0
1102033,靈魂大師II,5,1,0,4000,800,20,14,81.0
1102033,靈魂大師II,5,0,0,4000,800,20,14,81.0
1102033,靈魂大師II,5,1,1,4000,800,20,14,81.0
1102033,靈魂大師II,5,0,1,4000,800,20,14,81.0
1102033,靈魂大師II,5,1,2,4000,800,20,14,81.0
1102033,靈魂大師II,5,0,2,4000,800,20,14,81.0
1103033,靈魂大師III,5,0,0,4500,900,20,14,91.0
1103033,靈魂大師III,5,0,0,4500,900,20,14,91.0
1103033,靈魂大師III,5,1,0,4500,900,20,14,91.0
1103033,靈魂大師III,5,1,0,4500,900,20,14,91.0
1103033,靈魂大師III,5,0,1,4500,900,20,14,91.0
1103033,靈魂大師III,5,1,1,4500,900,20,14,91.0
1210036,靈魂大師IV,5,0,0,3000,600,20,14,61.0
1210036,靈魂大師IV,5,1,0,3000,600,20,14,61.0
1802417,[無限] 銀河戰役,5,0,0,1000,500,30,15,36.0
1802417,[無限] 銀河戰役,5,0,1,1000,500,30,15,36.0
2212004,火焰卡片,5,0,0,4250,850,20,20,86.0
2212004,火焰卡片,5,0,1,4250,850,20,20,86.0
2212005,閃電螺絲,5,0,0,755,151,66,10,16.1
2212005,閃電螺絲,5,0,1,3500,700,390,130,71.0
2212007,閃耀卡牌,5,0,0,3000,600,80,20,61.0
2212007,閃耀卡牌,5,0,1,3000,600,80,20,61.0
1311147,自由光影,5,0,0,5000,1000,300,100,101.0
1311147,自由光影,5,0,0,5000,1000,390,130,101.0
1311147,自由光影,5,0,1,5000,1000,390,130,101.0
1311147,自由光影,5,0,2,5000,1000,300,100,101.0
1311147,自由光影,5,0,2,5000,1000,390,130,101.0
1310048,反射,5,0,0,2500,500,45,27,51.0
1310048,反射,5,0,1,2500,500,45,27,51.0
1310048,反射,5,0,2,2500,500,45,27,51.0
1313048,閃亮星眩,5,0,0,2005,401,50,30,41.1
1311052,毀滅,5,0,0,5000,1001,10,10,101.05
1311049,底牌,5,1,0,2250,450,40,104,46.0
1311049,底牌,5,0,0,2250,450,40,104,46.0
1311049,底牌,5,1,1,930,186,40,104,19.6
1311049,底牌,5,0,1,930,186,40,104,19.6
1310049,野蠻卡片,5,0,0,3000,600,162,117,61.0
1310049,野蠻卡片,5,1,0,3000,600,162,117,61.0
1310049,野蠻卡片,5,2,0,3000,600,162,117,61.0
1310049,野蠻卡片,5,3,0,3000,600,162,117,61.0
1802418,[無限] 逐能轟擊,5,0,0,1000,500,50,30,36.0
1802418,[無限] 逐能轟擊,5,0,0,1000,500,50,30,36.0
1802418,[無限] 逐能轟擊,5,0,1,1000,500,50,30,36.0
1802418,[無限] 逐能轟擊,5,0,1,1000,500,50,30,36.0
1311446,[梅花] 旋風球,5,0,0,2000,400,92,14,41.0
1311446,[梅花] 旋風球,5,0,1,2000,400,92,14,41.0
1311446,[梅花] 旋風球,5,0,2,2000,400,92,14,41.0
1310053,[梅花] 暗黑卡牌,5,0,0,2500,500,92,14,51.0
1310053,[梅花] 暗黑卡牌,5,0,1,2500,500,92,14,51.0
1310052,[梅花] 時光斬,5,0,0,1500,300,50,50,31.0
1311051,[方塊] 粉碎,5,0,0,1600,320,50,40,33.0
1310250,[黑桃] 上鉤拳,5,0,0,3150,630,90,80,64.0
1310250,[黑桃] 上鉤拳,5,0,1,3150,630,90,80,64.0
1310250,[黑桃] 上鉤拳,5,0,2,3150,630,90,80,64.0
1312546,[黑桃] 光線雷射,5,1,0,5000,1000,196,90,101.0
1312546,[黑桃] 光線雷射,5,0,0,5000,1000,196,90,101.0
1312546,[黑桃] 光線雷射,5,2,1,5000,1000,196,90,101.0
1312546,[黑桃] 光線雷射,5,1,1,5000,1000,196,90,101.0
1312546,[黑桃] 光線雷射,5,0,1,5000,1000,196,90,101.0
1313250,[黑桃] 特技踢,5,3,0,6000,1200,525,225,121.0
1313250,[黑桃] 特技踢,5,2,0,6000,1200,520,260,121.0
1313250,[黑桃] 特技踢,5,1,0,6000,1200,520,260,121.0
1313250,[黑桃] 特技踢,5,0,0,6000,1200,520,260,121.0
1313250,[黑桃] 特技踢,5,3,1,6000,1200,525,225,121.0
1313250,[黑桃] 特技踢,5,2,1,6000,1200,520,260,121.0
1313250,[黑桃] 特技踢,5,1,1,6000,1200,520,260,121.0
1313250,[黑桃] 特技踢,5,0,1,6000,1200,520,260,121.0
1314746,[方塊] 快閃,10,1,0,400,460,130,130,51.0
1314746,[方塊] 快閃,10,0,0,400,460,130,130,51.0
1310056,[方塊] 勁擊突刺,5,0,0,4250,900,520,260,88.5
1310056,[方塊] 勁擊突刺,5,0,0,4250,900,520,260,88.5
1310056,[方塊] 勁擊突刺,5,1,1,4250,900,520,260,88.5
1310056,[方塊] 勁擊突刺,5,1,1,4250,900,520,260,88.5
1310056,[方塊] 勁擊突刺,5,0,1,4250,900,520,260,88.5
1802419,[無限] 消滅的影子,5,0,0,1000,500,0,20,36.0
1802419,[無限] 消滅的影子,5,0,0,1000,500,0,20,36.0
1802419,[無限] 消滅的影子,5,0,0,1000,500,0,20,36.0
1802419,[無限] 消滅的影子,5,0,1,1000,500,0,20,36.0
1802419,[無限] 消滅的影子,5,0,1,1000,500,0,20,36.0
1410055,漆黑的影子,5,1,0,2800,560,0,0,57.0
1410055,漆黑的影子,5,0,0,2800,560,0,0,57.0
1410055,漆黑的影子,5,3,1,2800,560,0,0,57.0
1410055,漆黑的影子,5,2,1,2800,560,0,0,57.0
1410055,漆黑的影子,5,1,1,2800,560,0,0,57.0
1410055,漆黑的影子,5,0,1,2800,560,0,0,57.0
1410055,漆黑的影子,5,1,2,2800,560,0,0,57.0
1410055,漆黑的影子,5,0,2,2800,560,0,0,57.0
1411055,魅惑的影子,5,1,0,1365,272,0,0,28.25
1411055,魅惑的影子,5,0,0,1365,272,0,0,28.25
1411055,魅惑的影子,5,1,1,1365,272,0,0,28.25
1411055,魅惑的影子,5,0,1,1365,272,0,0,28.25
1413055,僵直的影子,5,0,0,4800,960,0,0,97.0
1413055,僵直的影子,5,0,1,4800,960,0,0,97.0
1412055,憤怒的影子,5,0,0,4300,860,0,0,87.0
1412055,憤怒的影子,5,0,0,4300,860,0,21,87.0
1412055,憤怒的影子,5,0,1,4300,860,0,0,87.0
1412055,憤怒的影子,5,0,1,4300,860,0,21,87.0
1415055,瘋狂之影,5,0,0,315,63,240,36,7.3
1802420,[無限] 影子一擊,5,0,0,1200,600,0,100,43.0
1802420,[無限] 影子一擊,5,0,0,1200,600,0,100,43.0
1802420,[無限] 影子一擊,5,0,1,1200,600,0,100,43.0
1802420,[無限] 影子一擊,5,0,1,1200,600,0,100,43.0
1414055,影子穿刺,5,0,0,3400,680,0,42,69.0
1416055,影子之劍,5,0,0,3855,771,162,18,78.1
1416055,影子之劍,5,0,1,3855,771,162,18,78.1
1416055,影子之劍,5,0,2,3855,771,162,18,78.1
1417055,影子之舞,5,0,0,3500,700,0,22,71.0
1417055,影子之舞,5,0,0,2950,592,0,22,60.1
1417055,影子之舞,5,0,1,3500,700,0,22,71.0
1759101,神力重擊,12,1,0,10,541,120,64,66.02
1759101,神力重擊,12,0,0,10,916,150,80,111.02
1759101,神力重擊,12,1,1,10,541,120,64,66.02
1759101,神力重擊,12,0,1,10,916,150,80,111.02
1759102,聖魔刺,12,0,0,660,792,200,120,102.64
1759102,聖魔刺,12,1,0,10,333,98,45,41.06
1759103,神力斬,5,2,0,2000,400,65,65,41.0
1759103,神力斬,5,1,0,3250,650,65,65,66.0
1759103,神力斬,5,0,0,3250,650,65,65,66.0
1759103,神力斬,5,2,1,2000,400,65,65,41.0
1759103,神力斬,5,1,1,3250,650,65,65,66.0
1759103,神力斬,5,0,1,3250,650,65,65,66.0
1759105,聖光流擊,5,1,0,2000,400,110,85,41.0
1759105,聖光流擊,5,0,0,1900,380,100,90,39.0
1759105,聖光流擊,5,0,0,5500,1100,100,90,111.0
1759105,聖光流擊,5,2,1,2000,400,110,85,41.0
1759105,聖光流擊,5,1,1,5500,1100,100,90,111.0
1759105,聖光流擊,5,0,1,5500,1100,100,90,111.0
1759106,神怒擊,5,1,0,2200,440,125,95,45.0
1759106,神怒擊,5,0,0,3500,700,360,150,71.0
1759106,神怒擊,5,1,1,2200,440,125,95,45.0
1759106,神怒擊,5,0,1,3500,700,360,150,71.0
1759106,神怒擊,5,1,2,2200,440,125,95,45.0
1759106,神怒擊,5,0,2,3500,700,360,150,71.0
1759107,聖憤魄擊,5,1,0,5665,1133,230,150,114.3
1759107,聖憤魄擊,5,0,0,2500,500,260,130,51.0
1759107,聖憤魄擊,5,3,1,5665,1133,230,150,114.3
1759107,聖憤魄擊,5,2,1,2500,500,260,130,51.0
1759107,聖憤魄擊,5,1,1,2500,500,260,130,51.0
1759107,聖憤魄擊,5,0,1,2500,500,260,130,51.0
1759109,神魔掃殺,5,0,0,3750,467,525,225,61.85
1760101,光爆進擊,5,0,0,3000,600,50,50,61.0
1760101,光爆進擊,5,1,0,3000,600,50,50,61.0
1760101,光爆進擊,5,2,0,2171,434,50,50,44.41
1760102,聖魔錮殺,5,1,0,3250,650,300,200,66.0
1760102,聖魔錮殺,5,0,0,4000,800,50,30,81.0
1760102,聖魔錮殺,5,2,1,3250,650,300,200,66.0
1760102,聖魔錮殺,5,1,1,4000,800,50,30,81.0
1760102,聖魔錮殺,5,0,1,4000,800,50,30,81.0
1760102,聖魔錮殺,5,2,2,3250,650,300,200,66.0
1760102,聖魔錮殺,5,1,2,4000,800,50,30,81.0
1760102,聖魔錮殺,5,0,2,4000,800,50,30,81.0
1802421,[無限] 旋風狂擊,5,0,0,1000,500,20,10,36.0
1802421,[無限] 旋風狂擊,5,0,0,1000,500,20,10,36.0
1802421,[無限] 旋風狂擊,5,1,0,1000,500,50,30,36.0
1802421,[無限] 旋風狂擊,5,1,0,1000,500,50,30,36.0
1802421,[無限] 旋風狂擊,5,0,1,1000,500,20,10,36.0
1802421,[無限] 旋風狂擊,5,0,1,1000,500,20,10,36.0
1802421,[無限] 旋風狂擊,5,1,1,1000,500,50,30,36.0
1802421,[無限] 旋風狂擊,5,1,1,1000,500,50,30,36.0
1801301,巨焱狂掃,5,0,0,3000,600,50,100,61.0
1801301,巨焱狂掃,5,0,0,3000,600,50,100,61.0
1801302,巨焱狂刃,5,0,0,3050,610,40,110,62.0
1801303,巨焱一擊,5,0,0,6000,1200,30,85,121.0
1801303,巨焱一擊,5,0,1,6000,1200,30,85,121.0
1801304,巨焱毀滅,5,0,0,4250,850,40,380,86.0
1801315,巨焱猛攻,5,1,0,4700,940,40,360,95.0
1801315,巨焱猛攻,5,0,0,4700,940,40,360,95.0
1801315,巨焱猛攻,5,1,1,4700,960,40,360,96.0
1801315,巨焱猛攻,5,0,1,4700,960,40,360,96.0
1801315,巨焱猛攻,5,1,2,4700,940,40,360,95.0
1801315,巨焱猛攻,5,0,2,4700,940,40,360,95.0
1801305,火焰揮擊,5,3,0,2000,400,200,200,41.0
1801305,火焰揮擊,5,2,0,2000,400,200,200,41.0
1801305,火焰揮擊,5,1,0,2000,400,200,200,41.0
1801305,火焰揮擊,5,0,0,2000,400,200,200,41.0
1801305,火焰揮擊,5,3,1,2000,200,200,200,31.0
1801305,火焰揮擊,5,2,1,2000,200,200,200,31.0
1801305,火焰揮擊,5,1,1,2000,200,200,200,31.0
1801305,火焰揮擊,5,0,1,2000,200,200,200,31.0
1801306,火焰爆擊,5,1,0,1200,240,40,55,25.0
1801306,火焰爆擊,5,0,0,1200,240,40,55,25.0
1801307,火焰毀滅,5,1,0,1550,310,100,100,32.0
1801307,火焰毀滅,5,1,0,1550,310,100,100,32.0
1801307,火焰毀滅,5,0,0,1550,310,100,100,32.0
1801307,火焰毀滅,5,0,0,1550,310,100,100,32.0
1801308,岩漿爆發,5,1,0,3000,600,40,65,61.0
1801308,岩漿爆發,5,0,0,3000,600,40,65,61.0
1801308,岩漿爆發,5,3,1,3000,600,40,65,61.0
1801308,岩漿爆發,5,2,1,3000,600,40,65,61.0
1801308,岩漿爆發,5,1,1,3000,600,40,65,61.0
1801308,岩漿爆發,5,0,1,3000,600,40,65,61.0
1801309,岩漿爆焱,5,1,0,4000,800,50,107,81.0
1801309,岩漿爆焱,5,0,0,4000,800,50,107,81.0
1801309,岩漿爆焱,5,1,1,4000,800,50,107,81.0
1801309,岩漿爆焱,5,0,1,4000,800,50,107,81.0
1801312,但丁地獄,5,1,0,3750,750,50,100,76.0
1801312,但丁地獄,5,0,0,3750,750,50,100,76.0
1801312,但丁地獄,5,1,1,3750,750,50,100,76.0
1801312,但丁地獄,5,0,1,3750,750,50,100,76.0
1801312,但丁地獄,5,1,2,3750,750,50,100,76.0
1801312,但丁地獄,5,0,2,3750,750,50,100,76.0
1802422,[無限] 火焰熔融,5,0,0,1000,500,50,110,36.0
1802422,[無限] 火焰熔融,5,0,0,1000,500,50,110,36.0
1802422,[無限] 火焰熔融,5,0,1,1000,500,50,110,36.0
1802422,[無限] 火焰熔融,5,0,1,1000,500,50,110,36.0
1802423,[無限] 熾烈旋擊,5,0,0,1000,500,0,10,36.0
1802423,[無限] 熾烈旋擊,5,0,0,1000,500,0,10,36.0
1802423,[無限] 熾烈旋擊,5,0,1,1000,500,0,10,36.0
1802423,[無限] 熾烈旋擊,5,0,1,1000,500,0,10,36.0
1802308,箭步突刺,5,0,0,6266,1254,20,40,126.36
1802301,凱利溫上鉤拳,5,0,0,1500,210,20,40,26.5
1802310,致命重擊,5,0,0,6003,1206,20,42,121.33
1802303,凱利溫狂刃,5,0,0,1500,210,20,40,26.5
1802311,死亡之章,5,0,0,2613,523,36,19,53.28
1802311,死亡之章,5,0,1,2613,523,36,19,53.28
1802312,三重連爆,5,2,0,6040,1208,36,19,121.8
1802312,三重連爆,5,1,0,6040,1208,36,19,121.8
1802312,三重連爆,5,0,0,6040,1208,36,19,121.8
1802312,三重連爆,5,2,1,6040,1208,36,19,121.8
1802312,三重連爆,5,1,1,6040,1208,36,19,121.8
1802312,三重連爆,5,0,1,6040,1208,36,19,121.8
1802302,凱利溫猛擊,5,0,0,1250,175,12,14,22.25
1802302,凱利溫猛擊,5,0,0,1400,196,24,28,24.8
1802313,紊亂無章,5,0,0,1500,300,36,19,31.0
1802313,紊亂無章,5,0,0,2250,450,36,19,46.0
1802313,紊亂無章,5,1,1,1500,300,36,19,31.0
1802313,紊亂無章,5,0,1,1500,300,36,19,31.0
1802304,鎖鏈狂掃,5,0,0,10166,2034,20,40,204.36
1802305,鎖鏈扣殺,5,1,0,7800,760,10,20,117.0
1802305,鎖鏈扣殺,5,1,1,7800,760,10,20,117.0
1802305,鎖鏈扣殺,5,0,1,2660,532,10,20,54.2
1802306,鎖鏈爆,5,1,0,2100,420,10,20,43.0
1802306,鎖鏈爆,5,1,0,2500,500,10,20,51.0
1802306,鎖鏈爆,5,0,0,2100,420,10,20,43.0
1802306,鎖鏈爆,5,0,0,2500,500,10,20,51.0
1802306,鎖鏈爆,5,1,1,2100,420,10,20,43.0
1802306,鎖鏈爆,5,0,1,2100,420,10,20,43.0
1802306,鎖鏈爆,5,1,2,2100,420,10,20,43.0
1802306,鎖鏈爆,5,0,2,2100,420,10,20,43.0
1802307,鎖鏈揮掃,5,0,0,2000,400,10,20,41.0
1802424,[無限] 怒刺破壞,5,0,0,1000,500,0,10,36.0
1802424,[無限] 怒刺破壞,5,0,1,1000,500,0,10,36.0
1803301,雙重猛擊,5,1,0,2000,400,120,60,41.0
1803301,雙重猛擊,5,0,0,2000,400,120,60,41.0
1803301,雙重猛擊,5,0,1,2000,400,120,60,41.0
1803301,雙重猛擊,5,1,1,2000,400,120,60,41.0
1803303,碎殺,5,0,0,4000,800,60,60,81.0
1803303,碎殺,5,0,1,4000,800,60,60,81.0
1803303,碎殺,5,1,1,5000,1000,60,60,101.0
1803302,躍襲,5,0,0,3500,700,90,60,71.0
1803309,猛衝,1,3,0,2400,2400,90,60,49.0
1803309,猛衝,1,2,0,2400,2400,90,60,49.0
1803309,猛衝,1,3,1,2400,2400,90,60,49.0
1803309,猛衝,1,2,1,2400,2400,90,60,49.0
1803311,暗影步,1,4,0,3000,3000,90,60,61.0
1803311,暗影步,1,1,0,3500,3500,90,60,71.0
1803401,黑暗噬者,1,0,0,4000,500,130,60,46.0
1803402,黑暗噬者,1,0,0,4000,500,130,60,46.0
1803403,黑暗噬者,1,0,0,5000,1000,130,60,61.0
1803321,暗影猛擊,5,0,0,1900,380,90,60,39.0
1803321,暗影猛擊,5,1,0,4000,800,130,60,81.0
1803321,暗影猛擊,5,2,0,4000,800,130,60,81.0
1803321,暗影猛擊,5,3,0,4000,800,130,60,81.0
1803321,暗影猛擊,5,0,1,2750,550,90,60,56.0
1803321,暗影猛擊,5,1,1,4000,800,130,60,81.0
1803321,暗影猛擊,5,0,2,2750,550,90,60,56.0
1803321,暗影猛擊,5,1,2,4000,800,130,60,81.0
1803322,闇黑重擊,5,0,0,1600,320,130,60,33.0
1803322,闇黑重擊,5,1,0,3500,700,130,60,71.0
1803322,闇黑重擊,5,0,1,1600,320,130,60,33.0
1803322,闇黑重擊,5,1,1,2500,500,130,60,51.0
1803324,闇黑爆破,5,0,0,1800,360,90,60,37.0
1803324,闇黑爆破,5,1,0,3500,700,130,60,71.0
1803323,黑暗之魂,5,0,0,2250,450,90,60,46.0
1803323,黑暗之魂,5,1,0,4500,900,130,60,91.0
1803323,黑暗之魂,5,0,1,2250,450,90,60,46.0
1803323,黑暗之魂,5,1,1,4500,900,130,60,91.0
1803323,黑暗之魂,5,0,2,2250,450,90,60,46.0
1803323,黑暗之魂,5,1,2,4500,900,130,60,91.0
1008005,絕路,5,0,0,1820,156,0,10,27.0
1008005,絕路,5,0,0,1820,156,0,10,27.0
1008005,絕路,5,0,0,1820,156,0,10,27.0
1008007,百花撩亂,5,0,0,1820,156,0,10,27.0
1008007,百花撩亂,5,0,0,1820,156,0,10,27.0
1008021,偏執狂,5,0,0,2800,240,0,10,41.0
1008004,結界之擊,5,0,0,2800,240,0,10,41.0
1008004,結界之擊,5,0,0,2800,240,0,10,41.0
1008006,天堂地獄,5,0,0,7700,660,0,10,111.0
1008001,幻夜馬郎拳,5,0,0,1820,156,2,5,27.0
1008001,幻夜馬郎拳,5,0,0,1820,156,2,5,27.0
2008003,火焰先鋒,5,0,0,4550,390,0,10,66.0
2008003,火焰先鋒,5,0,0,4550,390,0,10,66.0
1008023,波音調號,5,0,0,1820,156,0,10,27.0
1008023,波音調號,5,0,0,1820,156,0,10,27.0
1008003,狂歡狂怒,5,0,0,2100,180,0,10,31.0
1008003,狂歡狂怒,5,0,0,2100,180,0,10,31.0
1008003,狂歡狂怒,5,0,0,2100,180,0,10,31.0
1008008,光線疾風,5,0,0,1820,156,0,10,27.0
1008008,光線疾風,5,0,0,1820,156,0,10,27.0
1008009,彗星亂雷,5,0,0,1820,156,0,10,27.0
1008020,幻影光炮,5,0,0,500,500,0,100,31.0
1008022,衛星喚擊,5,0,0,2800,240,0,10,41.0
1008022,衛星喚擊,5,0,0,2800,240,0,10,41.0
1105035,巨龍之災,5,0,0,195,104,120,120,8.15
1105035,巨龍之災,5,0,0,195,104,120,120,8.15
1312147,銀河戰役,5,0,0,2100,180,30,15,31.0
1310051,[梅花] 逐能轟擊,5,0,0,2100,180,50,30,31.0
1310051,[梅花] 逐能轟擊,5,0,0,2100,180,50,30,31.0
1419055,消滅的影子,5,0,0,1820,156,0,10,27.0
1419055,消滅的影子,5,0,0,1820,156,0,10,27.0
1420055,影子一擊,5,0,0,4550,390,0,100,66.0
1759110,旋風狂擊,5,0,0,1120,96,20,10,17.0
1759110,旋風狂擊,5,0,0,1120,96,20,10,17.0
1759110,旋風狂擊,5,1,0,1120,96,20,10,17.0
1759110,旋風狂擊,5,1,0,1120,96,20,10,17.0
1801314,火焰熔融,5,0,0,1820,156,50,110,27.0
1802314,熾烈旋擊,5,0,0,1120,96,10,20,17.0
1802314,熾烈旋擊,5,0,0,1120,180,10,20,21.2
1210014,盾擊[單手劍],5,0,0,3000,600,1050,210,61.0
1210014,盾擊[單手劍],5,0,1,3000,600,1050,210,61.0
1803500,飛行攻擊：突擊,5,3,0,4500,900,0,9,91.0
1803500,飛行攻擊：突擊,5,2,0,4500,900,0,9,91.0
1803500,飛行攻擊：突擊,5,1,0,4500,900,0,9,91.0
1803500,飛行攻擊：突擊,5,0,0,4500,900,0,9,91.0
1803500,飛行攻擊：突擊,5,1,1,4500,900,0,9,91.0
1803500,飛行攻擊：突擊,5,1,1,4500,900,0,9,91.0
1803500,飛行攻擊：突擊,5,0,1,4500,900,0,9,91.0
1803500,飛行攻擊：突擊,5,0,1,4500,900,0,9,91.0
1803500,飛行攻擊：突擊,5,1,2,4500,900,0,9,91.0
1803500,飛行攻擊：突擊,5,1,2,4500,900,0,9,91.0
1803500,飛行攻擊：突擊,5,0,2,4500,900,0,9,91.0
1803500,飛行攻擊：突擊,5,0,2,4500,900,0,9,91.0
1803501,狂風刃：突擊,5,1,0,1900,380,0,9,39.0
1803501,狂風刃：突擊,5,0,0,1900,380,0,9,39.0
1803502,暴風狂擊：釋放,5,1,0,3000,600,0,9,61.0
1803502,暴風狂擊：釋放,5,0,0,3000,600,0,9,61.0
1803502,暴風狂擊：釋放,5,1,1,3000,600,0,9,61.0
1803502,暴風狂擊：釋放,5,0,1,3000,600,0,9,61.0
1803503,順風：突擊,5,1,0,2500,500,0,9,51.0
1803503,順風：突擊,5,1,0,2500,500,0,9,51.0
1803503,順風：突擊,5,0,0,2500,500,0,9,51.0
1803503,順風：突擊,5,0,0,2500,500,0,9,51.0
1803503,順風：突擊,5,1,1,2500,500,0,9,51.0
1803503,順風：突擊,5,1,1,2500,500,0,9,51.0
1803503,順風：突擊,5,0,1,2500,500,0,9,51.0
1803503,順風：突擊,5,0,1,2500,500,0,9,51.0
1803504,旋風：釋放,5,3,0,2000,400,0,9,41.0
1803504,旋風：釋放,5,2,0,2000,400,0,9,41.0
1803504,旋風：釋放,5,1,0,2000,400,0,9,41.0
1803504,旋風：釋放,5,0,0,2000,400,0,9,41.0
1803504,旋風：釋放,5,3,1,2000,400,0,9,41.0
1803504,旋風：釋放,5,2,1,2000,400,0,9,41.0
1803504,旋風：釋放,5,1,1,2000,400,0,9,41.0
1803504,旋風：釋放,5,0,1,2000,400,0,9,41.0
1803505,狂風暴：釋放,5,1,0,2000,400,0,9,41.0
1803505,狂風暴：釋放,5,0,0,2000,400,0,9,41.0
1803506,強風：突擊,5,1,0,1650,330,0,9,34.0
1803506,強風：突擊,5,0,0,1650,330,0,9,34.0
3807404,【覺醒】,50,0,0,3200,32,1120,6,49.0
3807404,【覺醒】,50,0,1,3200,32,1120,6,49.0
3807407,【傳奇】,50,0,0,3200,27,160,2,46.5
3807407,【傳奇】,50,0,0,3200,27,160,2,46.5
3807407,【傳奇】,50,0,1,11000,120,0,0,171.0
3807407,【傳奇】,50,0,1,11000,120,0,0,171.0
3817407,【傳奇II】,50,0,0,4000,34,160,2,58.0
3817407,【傳奇II】,50,0,0,4000,34,160,2,58.0
3817407,【傳奇II】,50,0,1,4000,34,160,2,58.0
3817407,【傳奇II】,50,0,1,4000,34,160,2,58.0
1803700,搖擺波浪,5,0,0,2750,550,0,9,56.0
1803700,搖擺波浪,5,1,0,2750,550,0,9,56.0
1803700,搖擺波浪,5,0,1,2750,550,0,9,56.0
1803700,搖擺波浪,5,1,1,2750,550,0,9,56.0
1803700,搖擺波浪,5,0,2,2750,550,0,9,56.0
1803700,搖擺波浪,5,1,2,2750,550,0,9,56.0
1803702,強力漩渦,5,0,0,2000,400,0,9,41.0
1803702,強力漩渦,5,1,0,2000,400,0,9,41.0
1803702,強力漩渦,5,2,0,2000,400,0,9,41.0
1803702,強力漩渦,5,3,0,2000,400,0,9,41.0
1803702,強力漩渦,5,0,1,2000,400,0,9,41.0
1803702,強力漩渦,5,1,1,2000,400,0,9,41.0
1803702,強力漩渦,5,2,1,2000,400,0,9,41.0
1803702,強力漩渦,5,3,1,2000,400,0,9,41.0
1803703,水力防護,5,0,0,1900,380,0,9,39.0
1803703,水力防護,5,1,0,1900,380,0,9,39.0
1803703,水力防護,5,0,1,1900,380,0,9,39.0
1803703,水力防護,5,1,1,1900,380,0,9,39.0
1803704,水炸彈,5,0,0,1500,300,0,9,31.0
1803704,水炸彈,5,1,0,1500,300,0,9,31.0
1803705,巨浪,5,0,0,3000,600,0,9,61.0
1803705,巨浪,5,1,0,3000,600,0,9,61.0
1803705,巨浪,5,0,1,3000,600,0,9,61.0
1803705,巨浪,5,1,1,3000,600,0,9,61.0
1803705,巨浪,5,0,2,3000,600,0,9,61.0
1803705,巨浪,5,1,2,3000,600,0,9,61.0
1803706,水力加農砲,5,0,0,1650,330,0,9,34.0
1803706,水力加農砲,5,1,0,1650,330,0,9,34.0
1803707,水漾爆擊,5,0,0,3000,600,0,9,61.0
1803707,水漾爆擊,5,1,0,3000,600,0,9,61.0
3807504,【覺醒】,50,0,0,3200,32,1120,6,49.0
3807504,【覺醒】,50,1,0,3200,32,1120,6,49.0
3807504,【覺醒】,50,0,1,3200,32,1120,6,49.0
3807504,【覺醒】,50,1,1,3200,32,1120,6,49.0
3807507,【傳奇】,50,0,0,3200,27,160,2,46.5
3807507,【傳奇】,50,0,0,3200,27,160,2,46.5
3807507,【傳奇】,50,0,1,11000,120,0,0,171.0
3807507,【傳奇】,50,0,1,11000,120,0,0,171.0
3817504,【覺醒II】,50,0,0,4000,40,500,100,61.0
3817504,【覺醒II】,50,1,0,4000,40,500,100,61.0
3817504,【覺醒II】,50,0,1,4000,40,500,100,61.0
3817504,【覺醒II】,50,1,1,4000,40,500,100,61.0
3817507,【傳奇II】,50,0,0,4000,34,160,2,58.0
3817507,【傳奇II】,50,0,0,4000,34,160,2,58.0
3817507,【傳奇II】,50,0,1,4000,34,160,2,58.0
3817507,【傳奇II】,50,0,1,4000,34,160,2,58.0
3807804,【覺醒】,50,0,0,3200,32,1120,6,49.0
3807804,【覺醒】,50,0,1,3200,32,1120,6,49.0
3807807,【傳奇】,50,0,0,3200,27,160,2,46.5
3807807,【傳奇】,50,0,1,11000,120,0,0,171.0
3817807,【傳奇II】,50,0,0,4000,34,160,2,58.0
3817807,【傳奇II】,50,0,1,4000,34,160,2,58.0
1803801,雙環狂刃,5,0,0,2500,500,10,20,51.0
1803801,雙環狂刃,5,1,0,2500,500,10,20,51.0
1803801,雙環狂刃,5,0,1,2500,500,10,20,51.0
1803801,雙環狂刃,5,1,1,2500,500,10,20,51.0
1803801,雙環狂刃,5,0,2,2500,500,10,20,51.0
1803802,飛騰刃斬,5,0,0,2000,200,10,20,31.0
1803802,飛騰刃斬,5,0,0,2000,200,10,20,31.0
1803802,飛騰刃斬,5,1,0,2000,200,10,20,31.0
1803803,快旋猛攻,5,0,0,5000,1000,10,20,101.0
1803804,奧術之門,5,0,0,3000,600,10,20,61.0
1803804,奧術之門,5,0,0,3000,600,10,20,61.0
1803804,奧術之門,5,0,1,3000,600,10,20,61.0
1803805,旋轉環刃,5,0,0,2250,450,10,20,46.0
1803805,旋轉環刃,5,0,2,2250,450,10,20,46.0
1803806,迴旋飛刃,5,0,0,3500,700,10,20,71.0
1803806,迴旋飛刃,5,0,1,3500,700,10,20,71.0
1803807,大腳,5,0,0,4500,900,10,20,91.0
1803807,大腳,5,0,1,4500,900,10,20,91.0
1803810,殘酷飛刃,5,0,0,1120,96,10,20,17.0
1802425,[無限] 殘酷飛刃,5,0,0,1000,500,0,10,36.0
1802425,[無限] 殘酷飛刃,5,0,1,1000,500,0,10,36.0
1006038,箭擊,5,1,0,4000,800,100,30,81.0
1006038,箭擊,5,1,0,4000,800,100,30,81.0
1006038,箭擊,5,0,0,4000,800,100,30,81.0
1109304,防禦突刺,5,2,0,3200,640,50,100,65.0
1109304,防禦突刺,5,1,0,3200,640,50,100,65.0
1109304,防禦突刺,5,0,0,3200,640,50,100,65.0
1411060,影子驟風,5,1,0,2500,500,0,0,51.0
1411060,影子驟風,5,0,0,2500,500,0,0,51.0
1411060,影子驟風,5,2,1,2500,500,0,0,51.0
1411060,影子驟風,5,1,1,2500,500,0,0,51.0
1411060,影子驟風,5,0,1,2500,500,0,0,51.0
1411060,影子驟風,5,2,2,2500,500,0,0,51.0
1411060,影子驟風,5,1,2,2500,500,0,0,51.0
1411060,影子驟風,5,0,2,2500,500,0,0,51.0
1521001,影子劍術 - 1連式,5,0,0,2000,400,0,0,41.0
1521001,影子劍術 - 1連式,5,1,0,2000,400,0,0,41.0
1521002,影子劍術 - 2連式,5,0,0,2000,400,0,0,41.0
1521002,影子劍術 - 2連式,5,1,0,2000,400,0,0,41.0
1521003,影子劍術 - 3連式,5,0,0,2000,400,0,0,41.0
1521003,影子劍術 - 3連式,5,1,0,2000,400,0,0,41.0
1521004,影子劍術 - 4連式,5,0,0,2000,400,0,0,41.0
1521004,影子劍術 - 4連式,5,1,0,2000,400,0,0,41.0
1510055,影子劍術 - 1招式,5,0,0,2500,500,0,0,51.0
1510055,影子劍術 - 1招式,5,1,0,2500,500,0,0,51.0
1511055,影子劍術 - 2招式,5,0,0,2500,500,0,0,51.0
1511055,影子劍術 - 2招式,5,1,0,2500,500,0,0,51.0
1512055,影子劍術 - 3招式,5,0,0,2500,500,0,0,51.0
1512055,影子劍術 - 3招式,5,1,0,2500,500,0,0,51.0
1514055,影子劍術 - 4招式,5,0,0,3000,600,0,0,61.0
1514055,影子劍術 - 4招式,5,1,0,3000,600,0,0,61.0
1518055,影子劍術 - 5招式,5,0,0,3000,600,0,0,61.0
1518055,影子劍術 - 5招式,5,1,0,3000,600,0,0,61.0
1515055,影子劍術 - 6招式,5,0,0,3000,600,0,0,61.0
1515055,影子劍術 - 6招式,5,1,0,3000,600,0,0,61.0
1521055,影子劍術 - 7招式,5,0,0,3000,600,0,0,61.0
1521055,影子劍術 - 7招式,5,1,0,3000,600,0,0,61.0
1510056,影子劍術 - 8招式,5,0,0,3000,600,0,0,61.0
1510056,影子劍術 - 8招式,5,1,0,3000,600,0,0,61.0
1513055,影子劍術 - 9招式,5,0,0,4000,800,0,0,81.0
1513055,影子劍術 - 9招式,5,1,0,4000,800,0,0,81.0
1516055,影子劍術 - 10招式,5,0,0,4000,800,0,0,81.0
1516055,影子劍術 - 10招式,5,1,0,4000,800,0,0,81.0
1519055,影子劍術 - 11招式,5,0,0,4000,800,0,0,81.0
1519055,影子劍術 - 11招式,5,1,0,4000,800,0,0,81.0
1520055,影子劍術 - 12招式,5,0,0,4000,800,0,0,81.0
1520055,影子劍術 - 12招式,5,1,0,4000,800,0,0,81.0
