任務ID,任務名稱,EXP獎勵,ELY獎勵,道具獎勵
901000001,旅程的開始,60.0,5000,漂亮的蛋[永久制] X1
901000002,花之少女,400.0,10000,
901000003,迭爾的弓 (1),2000.0,11000,賽蕾斯蒂亞 X1
901000004,迭爾的弓 (2),2000.0,11000,
901000005,你好，穆亞,10000.0,30000,"暢快可樂 X10
[活動] 復活精髓 X3
經驗值秘藥100% X1"
901000006,走吧，前往艾利亞斯,10000.0,30000,"冒險開始箱子 X1
[活動] 任務獎勵UP！靈藥 X1"
901000007,消失的樂師,95400.0,50000,
901000008,災難的種子,95400.0,50000,
901000009,劍花，蕭羽,95400.0,50000,
901000011,玄武洞的相遇,95400.0,50000,"[活動] 經驗值秘藥500% X1
[活動] 倉庫背包 X1
[活動] 復活精髓 X2
傳送點電池(7日) X1"
901000012,黑月公主,108900.0,53000,
901000013,馬伊諾的寶石,177000.0,62000,"人面獅身殘像鏡子 +6(30日) X1
暢快可樂 X10
[活動] 復活精髓 X2"
901000014,哥德房屋,309000.0,72000,"暢快可樂 X10
[活動] 暴風藥水 X5"
901000015,前往王宮,582000.0,85000,
901000016,暴走海龍王,582000.0,85000,"[任務] 高級糖漿 X1
[活動] 經驗值秘藥200% X1
[活動] 倉庫背包 X1"
901000017,克杜卡的巫女,762000.0,91000,"[任務] 高級糖漿 X1
[活動] 經驗值秘藥200% X1
[活動] 倉庫背包 X1"
901000018,前往奧爾卡海邊,762000.0,91000,
901000019,古代庭園吉納蒂亞,906000.0,95000,"傳送點電池(7日) X1
任務獎勵UP！技能學習書(50%)(7日) X1
經驗值秘藥300% X1
[活動] 寵物用靈芝草(15日) X1"
901000020,詛咒之痕,1074000.0,99000,
901000021,再次前往黑月城,1074000.0,99000,
901000022,貓頭鷹城的激戰,2484000.0,144000,
901000023,黑月公主的下落,3600000.0,156000,
901000024,藍色芙尼克斯,3600000.0,156000,"[活動] 經驗值秘藥500% X1
[活動] 復活精髓 X2
暢快可樂 X10"
901000025,軌道的混亂,3600000.0,156000,
901000026,越過真空，你好?!,8730000.0,217000,
901000027,亞斯卡勒特的協助者,8730000.0,217000,
901000028,代號名稱艾爾梅,8730000.0,217000,
901000029,交叉世界 (1),8730000.0,217000,"[活動] 王者攻擊力秘藥 X1
[活動] 王者防禦秘藥 X1
[活動] 王者攻擊力秘藥2 X1"
901000030,交叉世界 (2),8730000.0,217000,
901000031,Hell's Door,8730000.0,217000,"蘊含舞扇忍者氣息的圖騰 X1
凝聚舞扇忍者氣息的圖騰碎片 X10
[活動] 小企鵝[永久制] X1"
901000032,門開了,8730000.0,217000,
115046000,時空旅行者,12210000.0,165000,
125001000,薩伊安的呼喊,17880000.0,175000,
125002000,崩壞之塔,17880000.0,175000,
125003000,深淵禁錮者,17880000.0,175000,"[活動] 暴風藥水 X10
[活動] 復活精髓 X2
暢快可樂 X10"
125004000,開始的大地,17880000.0,175000,
139001000,2年前 - 上,42000000.0,180000,
139002000,2年前 - 下,42000000.0,180000,
138001000,向著天空,42000000.0,180000,
138003000,最後的守護者,42000000.0,180000,
138004000,新月祭壇,42000000.0,180000,
138005000,悲心,42000000.0,180000,
138005100,流亡者的回憶,42000000.0,180000,"凝聚舞扇忍者氣息的圖騰碎片 X10
喬安潘的第一個記憶 X1
喬安潘的第二個記憶 X1
喬安潘的第三個記憶 X1"
138006000,什麼樣的遊戲,42000000.0,180000,凝聚舞扇忍者氣息的圖騰碎片 X10
138007000,鳥和月亮,42000000.0,180000,
138009000,再會,42000000.0,180000,"傳送點電池(7日) X1
[活動] 倉庫背包 X1
[活動] 寵物用靈芝草(15日) X1"
138011000,野狼的呼喚,42000000.0,180000,薩伊安的戒指 X1
138013000,少年王,42000000.0,180000,
138014000,世界的守護者,42000000.0,180000,
138014001,引領華爾基莉的人們,42000000.0,180000,
138014002,一對呼喚滅亡的老鷹,42000000.0,180000,
138014003,做夢的雷神,42000000.0,180000,
138016000,黎明與黃昏的舞,42000000.0,180000,"凝聚舞扇忍者氣息的圖騰碎片 X10
[活動] 暴風藥水 X5"
148000000,新的相遇,1213050000.0,200000,
148000100,邀請的理由,1213050000.0,200000,
148001000,尋找原因,1213050000.0,200000,
148002000,異形的魔法陣,1213050000.0,200000,
148003000,調查魔法陣,2426100000.0,200000,
148004000,魔法陣的碎片,2426100000.0,300000,
148005000,碎片分析(1),2426100000.0,400000,"[活動] 王者攻擊力秘藥 X1
[活動] 王者防禦秘藥 X1
[活動] 王者攻擊力秘藥2 X1
[活動] 暴風藥水(30分鐘) X1"
148005100,碎片分析(2),2426100000.0,400000,"[活動] 王者攻擊力秘藥 X1
[活動] 王者防禦秘藥 X1
[活動] 王者攻擊力秘藥2 X1
[活動] 暴風藥水(30分鐘) X1"
148005200,碎片分析(3),2426100000.0,400000,"[活動] 王者攻擊力秘藥 X1
[活動] 王者防禦秘藥 X1
[活動] 王者攻擊力秘藥2 X1
[活動] 暴風藥水(30分鐘) X1"
148005300,治療劑完成?,1213050000.0,150000,
148006000,尋找突破口,1213050000.0,150000,
148007000,事件的真相,1213050000.0,150000,
148008000,準備作業(1),2426100000.0,350000,"[活動] 經驗值秘藥888% X1
[活動] 任務獎勵UP！靈藥 X2"
148008100,準備作業(2),2426100000.0,350000,"[活動] 經驗值秘藥888% X1
[活動] 任務獎勵UP！靈藥 X2"
148009000,破壞神器(1),1213050000.0,150000,
148009100,破壞神器(2),2426100000.0,700000,"[活動] 復活精髓 X2
公會金幣(第2季) X50
[活動] 暴風藥水(30分鐘) X1
暢快可樂 X10"
148010000,分離是為了下一次的見面,8087000000.0,200000,凝聚舞扇忍者氣息的圖騰碎片 X10
152003000,宜靜的郵件,1573500000.0,100000,
152003001,龍祭城的復活,1573500000.0,100000,
152003002,迅速整理不安的因素!,3147000000.0,150000,"戰鬥靈藥 X5
實用的靈藥 X5
[活動] 任務獎勵UP！靈藥 X2"
152003003,奇怪的東西,3147000000.0,150000,"[活動] 王者攻擊力秘藥 X1
[活動] 王者防禦秘藥 X1
[活動] 王者攻擊力秘藥2 X1
[活動] 暴風藥水(30分鐘) X1"
152003004,魔石類型研究,3147000000.0,150000,
152003005,強大魔石,3147000000.0,150000,
152003006,回憶的期間,3147000000.0,150000,
152003007,阿卡修拉的魔法類型,1573500000.0,100000,
152003008,扭曲的空間,5245000000.0,1000000,"[活動] 經驗值秘藥888% X1
[活動] 復活精髓 X2
公會金幣(第2季) X50"
152003009,返回悲劇的起點,5245000000.0,1500000,"超級萬能木錘 X1
[活動] 經驗值秘藥1000% X1
[活動] 任務獎勵UP！技能學習書(7日) X1
[活動] 倉庫背包 X1"
152003010,與奇毅太子的對話,1573500000.0,150000,
152003011,分析結果,1573500000.0,150000,
152003012,魔石的秘密,10490000000.0,4000000,凝聚舞扇忍者氣息的圖騰碎片 X10
154002000,吉恩蒂亞的書信,1809000000.0,100000,
154002001,特洛里村莊裡發生的事,1809000000.0,120000,
154002002,奧斯古拉斯傭兵團,1809000000.0,140000,
154002003,蘑菇森林,3618000000.0,160000,"[活動] 王者攻擊力秘藥 X1
[活動] 王者防禦秘藥 X1
[活動] 王者攻擊力秘藥2 X1
[活動] 暴風藥水(30分鐘) X1"
154002004,尋找魔石的根源,3618000000.0,180000,"[活動] 復活精髓 X2
暢快可樂 X10
傳送點電池(7日) X1"
154002005,德魯伊戰士海雷斯,1809000000.0,200000,
154002006,需要治療的藥,3618000000.0,220000,
154002007,藏在洞窟裡的東西,6030000000.0,1000000,"[活動] 經驗值秘藥888% X1
冰花綴飾 X1
傳送點電池(7日) X1"
154002008,利奇奈潘斯,1809000000.0,250000,
154002009,其它的委託,1809000000.0,300000,
154002010,怪物軍隊的主人,6030000000.0,2000000,"[活動] 刻有月亮的刻印石 X4
冰花綴飾 X1"
154002011,亞凱殷的預感,1809000000.0,330000,
154002012,新的委託?,12060000000.0,5000000,"凝聚舞扇忍者氣息的圖騰碎片 X10
冰花綴飾 X1"
162001000,自由貿易都市立佩拉,2280000000.0,1000000,
162001001,與革命軍接觸,2280000000.0,1000000,
162001002,前往梅林島之路,2280000000.0,1000000,
162001003,梅林島的統治者們,4560000000.0,1000000,"[活動] 王者攻擊力秘藥 X1
[活動] 王者防禦秘藥 X1
[活動] 王者攻擊力秘藥2 X1
[活動] 暴風藥水(30分鐘) X1"
162001004,為了搜查的領域確保,4560000000.0,1000000,"[活動] 復活精髓 X2
暢快可樂 X10"
162001005,驚愕的事實,7600000000.0,3000000,"奧莉安的變異教本 X1
[活動] 經驗值秘藥200% X3
[活動] 復活精髓 X5
[活動] 刻有月亮的刻印石 X4"
162001006,傳達狀況,2280000000.0,1000000,
162001007,疑心,2280000000.0,1000000,
162001008,叫傑凱的人,2280000000.0,1000000,
162001009,堅定心證,2280000000.0,1000000,
162001010,還不如…,7600000000.0,3000000,"傑凱的胸針 X1
超級萬能木錘 X2
靈藥兌換券 X20
[活動] 刻有月亮的刻印石 X4"
162001011,收尾,2280000000.0,1000000,
162001012,羅希雅的呼喚,2280000000.0,1000000,
162001013,愛麗絲的下落,15200000000.0,3000000,"[活動] 暴風藥水 X50
[活動] 經驗值秘藥888% X1
[活動] 寵物用靈芝草(30日) X1
凝聚舞扇忍者氣息的圖騰碎片 X10"
164000000,賽蕾斯神殿收復軍,2766000000.0,1000000,
164000001,那個，推薦信…。,2766000000.0,1000000,
164000002,加入手續完成,2766000000.0,1000000,
164000003,交易條件,2766000000.0,1000000,
164000004,普雷督斯,5532000000.0,2500000,"[活動] 王者攻擊力秘藥 X1
[活動] 王者防禦秘藥 X1
[活動] 王者攻擊力秘藥2 X1
[活動] 暴風藥水(30分鐘) X1"
164000005,整理神殿內部,5532000000.0,2500000,"[活動] 復活精髓 X2
暢快可樂 X10"
164000006,1軍長普拉斯,9220000000.0,5000000,"蘊含普拉斯魔力的眉心貼 X1
增幅劑箱子II X10
[活動] 刻有月亮的刻印石 X4"
164000007,控制賽蕾斯神殿的理由,9220000000.0,5000000,"蘊含普拉斯魔力的絲襪 X1
[活動] 經驗香油 X5
[活動] 刻有月亮的刻印石 X4"
164000008,交易完成?,2766000000.0,1000000,
164000009,見過愛麗絲的人。,18440000000.0,10000000,"蘊含普拉斯魔力的眼鏡 X1
[活動] 經驗值秘藥1000% X1
凝聚舞扇忍者氣息的圖騰碎片 X10"
172000200,前往東部大陸之路,3669000000.0,1000000,
172000201,見識一下實力?,7338000000.0,2500000,"[活動] 王者攻擊力秘藥 X1
[活動] 王者防禦秘藥 X1
[活動] 王者攻擊力秘藥2 X1
[活動] 暴風藥水(30分鐘) X1"
172000202,幫我一下。,7338000000.0,2500000,"[活動] 復活精髓 X1
暢快可樂 X1"
172000203,這場戰爭快點結束吧。,3669000000.0,1000000,
172000204,凱因族長的事由,12230000000.0,5000000,"樹人的果實 X20
降靈術師的咒術繩 X20
降靈術的秘藥 X20
超級萬能木錘 X2
[活動] 刻有月亮的刻印石 X4"
172000205,確切的情報,3669000000.0,1000000,
172000206,敵軍的首長就是….,12230000000.0,7000000,"太陽的手套 X1
沙漠的手套 X1
[活動] 經驗值秘藥200% X2
[活動] 經驗值秘藥888% X1
[活動] 刻有月亮的刻印石 X4"
172000207,愉快的消息 1,3669000000.0,1000000,
172000208,愉快的消息 2,3669000000.0,1000000,
172000209,走吧，前往魯曼。,24460000000.0,10000000,"增幅劑箱子II X10
高級鑲嵌神藥 X1
高級鑲嵌妙藥 X1
公會金幣箱子 X20"
174000000,魯曼,7542000000.0,1500000,
174000001,洛克斯2軍團的進攻,15084000000.0,2500000,
174000002,副司令官伊登,7542000000.0,1500000,
174000003,劍后的戰場,15084000000.0,2500000,
174000004,橫掃,15084000000.0,3000000,
174000005,收復瀑布樹森林,25140000000.0,6000000,"特莉妮婭的狸貓圖騰 X1
[活動] 寵物用靈芝草(30日) X1
[活動] 屬性重置妙藥 X3
超級萬能木錘 X2"
174000006,劍神的關門弟子,7542000000.0,1500000,
174000007,閉嘴，突擊!,25140000000.0,10000000,"魔族教本 X1
[活動] 道具掉落率100%靈藥 X2
姜太公的祝福 X3
超級萬能木錘 X2"
174000008,收復寶石樹森林,7542000000.0,1500000,
174000009,終結,50280000000.0,10000000,"[活動] 經驗值秘藥1000% X1
[活動] 經驗值秘藥200% X1
[活動] 綜合背包 X1"
182000001,終於進城,15592500000.0,3000000,
182000002,著急的心,15592500000.0,3000000,
182000003,愛麗絲的下落,15592500000.0,3000000,
182000004,進入修練森林,31185000000.0,5000000,"[活動] 王者攻擊力秘藥 X1
[活動] 王者防禦秘藥 X1
[活動] 王者攻擊力秘藥2 X1
[活動] 暴風藥水(30分鐘) X1"
182000005,沒有例外,31185000000.0,5000000,"[活動] 經驗值秘藥1000% X1
經驗值秘藥300% X1
[活動] 任務獎勵UP！技能學習書(7日) X1"
182000006,浮游島的管理者，比柏萊特,51975000000.0,8000000,"[活動] 暴風藥水 X30
暢快可樂 X100
[活動] 活動背包 X1
高級鑲嵌妙藥 X1"
182000007,那穆亞,51975000000.0,10000000,[活動] 記憶碎片 X4
182000008,暴走,103950000000.0,13000000,"黃金錘 X10
[活動] 復活精髓 X10
[活動] 寵物用靈芝草(30日) X1
公會金幣(第2季) X300"
184000001,愛麗絲的下落,16741500000.0,3000000,
184000002,愛麗絲的內心世界,16741500000.0,3000000,
184000003,滅亡的世界精靈,16741500000.0,3000000,
184000004,阻擋絕望,33483000000.0,5000000,
184000005,邪惡侍從們,33483000000.0,5000000,
184000006,另一個世界,16741500000.0,5000000,
184000007,第一個邪惡種子,55805000000.0,8000000,
184000008,反覆滅亡的存在,55805000000.0,10000000,"[活動] 消耗背包 X1
[活動] 其他背包 X1
[活動] 裝備背包 X1"
184000009,內心世界的安定,16741500000.0,3000000,
184000010,完整的神格,111610000000.0,15000000,"[活動] 經驗值秘藥1000% X2
[活動] 寵物用靈芝草(30日) X1
[活動] 復活精髓 X20"
191000001,柔藍的呼喚,15592500000.0,1500000,
191000002,亞瑪倫沙漠的沙暴,31185000000.0,2500000,
191000003,沙漠王國的公主,15592500000.0,1500000,
191000004,第一次沙漠調查,31185000000.0,3000000,
191000005,第二次沙漠調查,31185000000.0,3000000,
191000006,傳達情況,15592500000.0,1500000,
191000007,異世界的蟲怪,51975000000.0,7000000,"初級萬能木錘 X10
超級萬能木錘 X1
[活動] 刻有星星的刻印石 X150
最高級萬能木錘 X1"
191000008,與亡者之神締約的王,51975000000.0,7000000,"高級萬能木錘 X10
超級萬能木錘 X1
[活動] 刻有月亮的刻印石 X4
最高級萬能木錘 X1"
191000009,能夠回去的方法,15592500000.0,5000000,[活動] 記憶碎片 X4
191000010,掌握情況,103950000000.0,15000000,"姜太公的祝福 X1
[活動] 經驗值秘藥1000% X1
黃金錘 X20"
192000001,另一個危險,17134500000.0,3000000,
192000002,精靈的忠言 (1),17134500000.0,3000000,
192000003,精靈的忠言 (2),17134500000.0,3000000,
192000004,走吧，前往塔爾達洛斯,17134500000.0,3000000,
192000005,無趣的事,17134500000.0,3000000,
192000006,工地的妨礙者們,34269000000.0,5000000,
192000007,一片狼藉的工地,34269000000.0,5000000,
192000008,都市混亂的理由,17134500000.0,3000000,
192000009,擁有不法之力之人,57115000000.0,8000000,"神秘爆擊傷害增幅劑 X5
暢快可樂 X30
[活動] 王者攻擊力秘藥 X2
符文字卷軸 X1"
192000010,需要許可,17134500000.0,3000000,
192000011,塔爾達洛斯的盡頭，地獄,57115000000.0,11000000,"黃金錘 X10
[活動] 復活精髓 X10
[活動] 道具掉落率100%靈藥 X2
符文字卷軸 X1"
192000012,暫時結束,114230000000.0,16000000,"最高級萬能木錘 X5
姜太公的祝福 X1
[活動] 暴風藥水 X15
塔爾達洛斯的黑暗學習書 X1"
193000001,修古的呼喚,16383000000.0,1650000,
193000002,米勒坎蒂亞的異常現象,16383000000.0,1650000,
193000003,前往怪物樹山林,16383000000.0,1650000,
193000004,繁蕪的山腳,32766000000.0,3300000,
193000005,精靈的信任,16383000000.0,1650000,
193000006,以信任為基礎,16383000000.0,1650000,
193000007,需要整理,54610000000.0,8000000,"暢快可樂 X50
[活動] 道具封印鎖 X5
[活動] 道具掉落率100%靈藥 X2"
193000008,傭兵團的煩惱,16383000000.0,1650000,
193000009,尋找解決方法(1),16383000000.0,1650000,
193000010,尋找解決方法(2),16383000000.0,1650000,
193000011,死亡中歸來的王,54610000000.0,9000000,"姜太公的祝福 X1
[活動] 暴風藥水 X20
神秘爆擊傷害增幅劑 X10
[活動] 經驗值秘藥1000% X1
經驗值秘藥300% X1"
193000012,米勒坎蒂亞的正常化,109220000000.0,16500000,"符文字卷軸 X1
超級萬能木錘 X1
[活動] 寵物用靈芝草(30日) X1"
194000001,煞尼克的呼喚,17334000000.0,3000000,
194000002,前往幻影大地…,17334000000.0,3000000,
194000003,迷路的少女,34668000000.0,5000000,
194000004,造訪恪爾立 (1),17334000000.0,3000000,
194000005,造訪恪爾立 (2),17334000000.0,3000000,
194000006,造訪恪爾立 (3),17334000000.0,3000000,
194000007,失憶的少女,34668000000.0,5000000,
194000008,壟罩峽谷的影子,57780000000.0,8000000,"神秘爆擊傷害增幅劑 X5
神秘傷害增幅劑 X5
[活動] 暴風藥水 X10
[活動] 超人任務重置卷軸 X1"
194000009,少女的秘密,17334000000.0,3000000,
194000010,女神的處所,57780000000.0,12000000,"[活動] 復活精髓 X5
超級萬能木錘 X2
[活動] 道具掉落率100%靈藥 X2
[活動] 超人任務重置卷軸 X1"
194000011,遇見黑暗後,17334000000.0,3000000,
194000012,光與影,173340000000.0,17000000,"[活動] 王者攻擊力秘藥2 X3
姜太公的祝福 X1
符文字卷軸 X1
與蓋亞的約定稱號學習書 X1"
201000001,由愛因斯特…,17419500000.0,3264000,
201000002,學院祭邀請函,17419500000.0,3264000,
201000003,前往傑芮尼斯山丘之路,17419500000.0,3264000,
201000004,中斷的學院祭(1),34839000000.0,6528000,
201000005,中斷的學院祭(2),34839000000.0,6528000,
201000006,陷入詛咒的學校,58065000000.0,10880000,"神秘傷害增幅劑 X5
[活動] 經驗值秘藥500% X1
[活動] 暴風藥水 X10"
201000007,尋找解決方法,17419500000.0,3264000,
201000008,重要的工具,17419500000.0,3264000,
201000009,學院祭的最後,58065000000.0,10880000,
201000010,回去的路,17419500000.0,3264000,"[活動] 暴風藥水(30分鐘) X1
[活動] 復活精髓 X5
[活動] 道具掉落率100%靈藥 X2
每週挑戰重置卷軸 X1"
201000011,女帝的傳言?,116130000000.0,21760000,"[活動] 經驗值秘藥1000% X1
姜太公的祝福 X1
[活動] 王者攻擊力秘藥2 X3
又一個線索學習書 X1"
202000001,就是今天,17497500000.0,328800,
202000002,被遮蔽的都市,17497500000.0,328800,
202000003,理所當然的疑心,34995000000.0,657600,
202000004,另一面,17497500000.0,328800,
202000005,新命運的場所 (1),34995000000.0,657600,
202000006,新命運的場所 (2),34995000000.0,657600,
202000007,艾特瓦勒聯軍,17497500000.0,328800,
202000008,夢境貪欲,58325000000.0,1096000,"神秘爆擊傷害增幅劑 X5
神秘傷害增幅劑 X5
[活動] 暴風藥水 X10"
202000009,預定的事,17497500000.0,328800,
202000010,必須在森林裡做的事,58325000000.0,1096000,"[活動] 暴風藥水(30分鐘) X1
姜太公的祝福 X1
[活動] 王者攻擊力秘藥2 X4"
202000011,某個王國的最後,116650000000.0,2192000,"姜太公的祝福 X1
[活動] 經驗值秘藥1000% X1
符文字卷軸 X1
破滅大地的救援者稱號學習書 X1"
203000001,泰奧多勒的呼喚,17569500000.0,3312000,
203000002,吉斯克領地的繼承者,17569500000.0,3312000,
203000003,與吉斯卡德見面,17569500000.0,3312000,
203000004,真實火花,35139000000.0,6624000,
203000005,幽靈西娜,35139000000.0,6624000,
203000006,西娜的禮物,35139000000.0,6624000,
203000007,也許遺物…,17569500000.0,3312000,
203000008,令人起疑之處,17569500000.0,3312000,
203000009,蛇影,58565000000.0,11040000,"[活動] 王者經驗值秘藥 X2
[活動] 王者攻擊力秘藥 X2
[活動] 任務獎勵UP！靈藥 X2
虛無的胸針 X1"
203000010,尋找線索,17569500000.0,3312000,
203000011,忘卻與真實 (1),58565000000.0,11040000,"姜太公的祝福 X2
神秘爆擊傷害增幅劑 X5
[活動] 暴風藥水 X10"
203000012,忘卻與真實 (2),117130000000.0,22080000,"[活動] 暴風藥水(30分鐘) X1
[活動] 經驗值秘藥1000% X3
神秘爆擊傷害增幅劑 X10
劍神的信賴稱號學習書 X1"
204000001,風的引渡,17635500000.0,3336000,
204000002,某些記憶,17635500000.0,3336000,
204000003,前往福波斯之路,17635500000.0,3336000,
204000004,確認實力,35271000000.0,6672000,
204000005,赤地的問題終結者,35271000000.0,6672000,
204000006,瑪爾斯城 (1),17635500000.0,3336000,
204000007,瑪爾斯城 (2),17635500000.0,3336000,
204000008,下落不明的市長,17635500000.0,3336000,
204000009,籠罩福波斯的影子,17635500000.0,3336000,
204000010,師傅的搖籃,58785000000.0,11120000,"戰鬥靈藥 X5
實用的靈藥 X5
[活動] 王者攻擊力秘藥 X4"
204000011,市長的下落,17635500000.0,3336000,
204000012,魅惑的玫瑰,58785000000.0,11120000,"[活動] 經驗值秘藥1000% X1
姜太公的祝福 X4
[活動] 道具掉落率100%靈藥 X3"
204000013,玩偶的存在,17635500000.0,3336000,
204000014,阿德奇納的決心,117570000000.0,22240000,"符文字卷軸 X1
[活動] 暴風藥水(30分鐘) X1
神秘爆擊傷害增幅劑 X4
阿德奇納的決心稱號學習書 X1"
211000001,約定的時間,18055500000.0,3456000,
211000002,聖域的另一面,18055500000.0,3456000,
211000003,蓋亞在哪裡…,18055500000.0,3456000,
211000004,另一面的警戒,18055500000.0,3456000,
211000005,前往聖域之路,18055500000.0,3456000,
211000006,掌握情況 (1),36111000000.0,6912000,
211000007,掌握情況 (2),36111000000.0,6912000,
211000008,進門的天使,60185000000.0,11520000,"神秘傷害增幅劑 X5
[活動] 經驗值秘藥500% X1
[活動] 暴風藥水 X10"
211000009,見到天使後,18055500000.0,3456000,
211000010,前往誓約的聖地…,18055500000.0,3456000,
211000011,某種硬幣,60185000000.0,11520000,
211000012,未結束的事情,18055500000.0,3456000,"[活動] 暴風藥水(30分鐘) X1
姜太公的祝福 X1
[活動] 王者攻擊力秘藥2 X3"
211000013,另一個未來,120370000000.0,23040000,"[活動] 經驗值秘藥1000% X1
神秘爆擊傷害增幅劑 X5
[活動] 任務獎勵UP！靈藥 X5
獲得大地祝福的稱號學習書 X1"
102702000,跟著普拉蒂娜回到普雷伊奧斯,2484000.0,120000,
219009101,神祕小矮人的委託,14430000.0,0,
119202000,星座峭壁,14430000.0,0,
119206000,在搖籃做夢的……,14430000.0,0,
10210586,不祥徵兆,42000000.0,100000,靈藥兌換券 X2
219009002,凌亂的艾爾亞諾勒,42000000.0,180000,
219009003,帝國和聯合公會的委託,42000000.0,180000,
219009004,再一次委託,42000000.0,180000,
219009005,前往被遺忘的平原,42000000.0,180000,
219009006,可疑的花園 (1),42000000.0,180000,
219009007,可疑的花園 (2),42000000.0,180000,
219009008,關於委託的報告,42000000.0,180000,
149010001,望著天空的神祕建築,1213050000.0,500000,
161000000,愛因斯特的信,1379400000.0,545600,
161000001,前往歐若拉森林！,1379400000.0,545600,[活動] 綜合背包 X1
161000028,做錯就要挨訓!,4598000000.0,2000000,"歐若拉的貓貼紙 X1
[活動] 綜合背包 X1"
163000000,沸沸揚揚的傳聞,2575800000.0,500000,
163000001,被稱為惡魔之山的地方,2575800000.0,500000,
163000002,倒塌的殿堂,2575800000.0,500000,
163000003,進入神秘的殿堂,2575800000.0,1500000,"[活動] 經驗值秘藥500% X1
[活動] 經驗值秘藥200% X1"
163000004,討伐完畢。可是…。,5001000000.0,2000000,"[活動] 經驗值秘藥888% X1
超級萬能木錘 X2"
163000005,流傳的故事,5001000000.0,2000000,
171001000,另一面的世界樹,5838000000.0,1500000,
171001001,魔氣之因,5838000000.0,1500000,
171001002,淨化作業開始,9730000000.0,5000000,"突變藍寶怪的腰帶 X1
[活動] 道具掉落率100%靈藥 X2
[活動] 經驗值秘藥888% X1"
171000000,馬勒泰利的信,3084000000.0,1200000,
171000001,小矮人們的王國,3084000000.0,1200000,
171000002,前往亞奇城之路,6168000000.0,1200000,"[活動] 經驗值秘藥500% X1
[活動] 經驗值秘藥200% X1"
171000003,勇敢的多倫,6168000000.0,1200000,"戰鬥靈藥 X3
實用的靈藥 X3
[活動] 任務獎勵UP！靈藥 X1"
171000004,小矮人們的王,10280000000.0,3000000,"亞奇戰龍的獅子貼紙 X1
[活動] 復活精髓 X5
[活動] 道具掉落率100%靈藥 X2"
171000005,被關在獄中的王子,3084000000.0,2000000,[活動] 寵物用靈芝草(30日) X1
171000006,確保退路,3084000000.0,1100000,
171000007,再次前往立佩拉,3084000000.0,1100000,
171000008,致新市長,20560000000.0,5000000,"高級機甲虎林綴飾 X1
靈藥兌換券 X20"
173000000,正義的考古學家,4533000000.0,2500000,
173000001,代替上天 (1),9066000000.0,3500000,
173000002,代替上天 (2),9066000000.0,5000000,
173000003,代替上天 (3),15110000000.0,7500000,"符文字卷軸 X1
[活動] 致命香油 X5
增幅劑箱子II X15
暢快可樂 X100"
173001000,日落森林,3262500000.0,1600000,
173001001,不尋常的徵兆,6525000000.0,1600000,[活動] 暴風藥水 X10
173001002,進行汙染 (1),6525000000.0,1600000,[活動] 暴風藥水 X10
173001003,進行汙染 (2),10875000000.0,5500000,"[活動] 經驗值秘藥888% X1
[活動] 經驗值秘藥200% X2
[活動] 活動覺醒劑 X30
[活動] 暴風藥水 X30"
181000001,彩諾恩的轉介,10095000000.0,1000000,
181000002,玩偶小徑大掃除！,20190000000.0,2000000,
181000003,紀念館的不法之徒 1,20190000000.0,2500000,
181000004,紀念館的不法之徒 2,20190000000.0,2500000,
181000005,紀念館的不法之徒 3,33650000000.0,5000000,"奉春植的猴子貼紙 X1
[活動] 經驗值秘藥500% X2
[活動] 經驗值秘藥200% X2
公會金幣(第2季) X150"
181000006,冰淇淋庭園大掃除1,20190000000.0,3500000,
181000007,冰淇淋庭園大掃除2,20190000000.0,3500000,
181000008,冰淇淋庭園大掃除3,33650000000.0,8000000,"草莓餅乾棒 X30
薄荷糖 X30
蝴蝶餅 X30
[活動] 刻有月亮的刻印石 X8"
181000009,影子之書大掃除1,20190000000.0,3000000,
181000010,影子之書大掃除2,20190000000.0,3000000,
181000011,影子之書大掃除3,33650000000.0,10000000,"蝴蝶之影綴飾 X1
[活動] 經驗值秘藥888% X2
[活動] 經驗值秘藥200% X2
公會金幣(第2季) X150"
183000000,不完整的覺醒餘波,15592500000.0,1500000,
183000001,學者艾琳娜,15592500000.0,2000000,
183000002,滅亡的古代王國,31185000000.0,3000000,
183000003,報告,15592500000.0,2500000,
183000004,決定討伐,15592500000.0,2500000,
183000005,關於珊瑚之城,31185000000.0,3500000,[活動] 記憶碎片 X4
183000006,戰爭就是和時間賽跑!,31185000000.0,4000000,[活動] 記憶碎片 X4
183000007,神獸巨靈,51975000000.0,6000000,"符文字卷軸 X1
[活動] 活動背包 X1
每週挑戰重置卷軸 X1"
183000008,亡者之王,51975000000.0,9000000,"神秘爆擊傷害增幅劑 X3
神秘爆擊率增幅劑 X3
神秘傷害增幅劑 X3"
183000009,任務完成,103950000000.0,11000000,"[活動] 經驗值秘藥1000% X1
姜太公的祝福 X2
[活動] 寵物用靈芝草(30日) X1"
192005102,猶忒王國重建支援 (1),11423000000.0,1000000,
192005103,猶忒王國重建支援 (2),11423000000.0,1000000,
192005104,猶忒王國重建支援 (3),11423000000.0,1000000,
192005105,猶忒王國重建支援 (4),19419100000.0,3000000,[活動] 刻有星星的刻印石 X300
192006102,恪爾立族交流支援 (1),11423000000.0,1000000,
192006103,恪爾立族交流支援 (2),11423000000.0,1000000,
192006104,恪爾立族交流支援 (3),11423000000.0,1000000,
192006105,恪爾立族交流支援 (4),19419100000.0,3000000,[活動] 經驗值秘藥200% X2
192007102,專屬薇爾的食物 (1),11423000000.0,1000000,
192007103,專屬薇爾的食物 (2),11423000000.0,1000000,
192007104,專屬薇爾的食物 (3),11423000000.0,1000000,
192007105,專屬薇爾的食物 (4),19419100000.0,3000000,[活動] 任務獎勵UP！靈藥 X1
192008101,嶄新的緣分 (1),11423000000.0,1000000,
192008102,嶄新的緣分 (2),11423000000.0,1000000,
192008103,嶄新的緣分 (3),11423000000.0,1000000,
192008104,嶄新的緣分 (4),11423000000.0,1000000,
192008105,嶄新的緣分 (5),19419100000.0,3000000,考古學家學習書 X1
193005101,不足的精氣 (1),10922000000.0,1000000,
193005102,不足的精氣 (2),14198600000.0,2000000,
193005103,不足的精氣 (3),10922000000.0,1000000,
193005104,不足的精氣 (4),14198600000.0,1500000,
193005105,不足的精氣 (5),14198600000.0,1500000,"特殊副本恢復藥水 X100
[活動] 刻有星星的刻印石 X200"
193006101,記憶的線索 (1),10922000000.0,1000000,
193006102,記憶的線索 (2),21844000000.0,3000000,"高級恢復藥水 X100
[活動] 王者攻擊力秘藥2 X1"
193006103,記憶的線索 (3),10922000000.0,1000000,
193006104,記憶的線索 (4),18567400000.0,2000000,"高級恢復藥水 X100
[活動] 王者攻擊力秘藥 X2"
193007101,寶石交易仲介 (1),10922000000.0,1000000,
193007102,寶石交易仲介 (2),10922000000.0,1000000,
193007103,寶石交易仲介 (3),18567400000.0,2000000,"高級恢復藥水 X100
[活動] 王者防禦秘藥 X2"
193007104,寶石交易仲介 (4),10922000000.0,1000000,
193007105,寶石交易仲介 (5),10922000000.0,1000000,
193008101,問候 (1),14198600000.0,1500000,
193008102,問候 (2),10922000000.0,1000000,
193008103,問候 (3),21844000000.0,3000000,"高級恢復藥水 X150
[活動] 任務獎勵UP！靈藥 X1
[活動] 活動覺醒劑 X50"
193008104,問候 (4),21844000000.0,4500000,女神的劊子手稱號學習書 X1
194005101,記憶的破片 (1),11556000000.0,1000000,
194005102,記憶的破片 (2),11556000000.0,1000000,
194005103,記憶的破片 (3),11556000000.0,1000000,
194005104,記憶的破片 (4),11556000000.0,1000000,
194005105,記憶的破片 (5),11556000000.0,1000000,
194006101,恪爾立族的信任 (1),17334000000.0,3000000,"[活動] 王者經驗值秘藥 X3
[活動] 王者防禦秘藥 X3"
194006102,恪爾立族的信任 (2),11556000000.0,1000000,
194006103,恪爾立族的信任 (3),11556000000.0,1000000,
194006104,恪爾立族的信任 (4),17334000000.0,2000000,"[活動] 王者攻擊力秘藥 X3
[活動] 刻有星星的刻印石 X50"
194007101,等待時機的遺物 (1),11556000000.0,1000000,
194007102,等待時機的遺物 (2),11556000000.0,1000000,
194007103,等待時機的遺物 (3),23112000000.0,3500000,"[活動] 活動覺醒劑 X30
高級恢復藥水 X150"
194007104,等待時機的遺物 (4),11556000000.0,1000000,
194007105,等待時機的遺物 (5),23112000000.0,3500000,"[活動] 致命香油 X5
特殊副本恢復藥水 X150"
194007106,等待時機的遺物 (6),11556000000.0,1000000,
194008101,愛麗絲的不安 (1),11556000000.0,1000000,
194008102,愛麗絲的不安 (2),11556000000.0,1000000,
194008103,愛麗絲的不安 (3),11556000000.0,1000000,
194008104,愛麗絲的不安 (4),11556000000.0,1000000,
194008105,愛麗絲的不安 (5),21844000000.0,5000000,"暢快可樂 X100
[活動] Lv.2 爆擊傷害增幅劑 X5
[活動] Lv.2 最大傷害增幅劑 X5
愛麗絲的不安稱號學習書 X1"
194205101,疑問 (1),11556000000.0,1000000,
194205102,疑問 (2),17334000000.0,3000000,
194205103,疑問 (3),17334000000.0,3000000,
194205104,疑問 (4),11556000000.0,1000000,
194205105,疑問 (5),17334000000.0,3000000,"戰鬥靈藥 X3
[活動] 致命香油 X5
暢快可樂 X100"
194205106,疑問 (6),11556000000.0,1000000,
194206101,結尾 ~ 幻影大地 ~,23112000000.0,1000000,"[活動] 暴風藥水(30分鐘) X1
姜太公的祝福 X1
[活動] 王者經驗值秘藥 X2"
201005101,渴望力量之人 (1),11613000000.0,1000000,
201005102,渴望力量之人 (2),11613000000.0,1000000,
201005103,渴望力量之人 (3),17419500000.0,3000000,
201005104,渴望力量之人 (4),11613000000.0,1000000,
201005105,渴望力量之人 (5),11613000000.0,1000000,
201005106,渴望力量之人 (6),17419500000.0,3000000,"渴望力量之人學習書 X1
[活動] 王者經驗值秘藥 X3
[活動] 王者防禦秘藥 X3"
201006101,龜裂的痕跡 (1),11613000000.0,1000000,
201006102,龜裂的痕跡 (2),17419500000.0,3000000,"[活動] 王者經驗值秘藥 X3
[活動] 王者防禦秘藥 X3"
201006103,龜裂的痕跡 (3),11613000000.0,1000000,
201006104,龜裂的痕跡 (4),17419500000.0,3000000,"[活動] 王者攻擊力秘藥 X3
高級恢復藥水 X150"
201006105,龜裂的痕跡 (5),11613000000.0,1000000,
201007101,朋友的下落(1),11613000000.0,1000000,
201007102,朋友的下落(2),17419500000.0,3000000,"[活動] 活動覺醒劑 X30
特殊副本恢復藥水 X150"
201007103,朋友的下落(3),11613000000.0,1000000,
201007104,朋友的下落(4),17419500000.0,3000000,"[活動] 王者經驗值秘藥 X3
[活動] Lv.2 最大傷害增幅劑 X5"
201008101,某個都市的進出資格 (1),23226000000.0,3000000,
201008102,某個都市的進出資格 (2),23226000000.0,3000000,
201008103,某個都市的進出資格 (3),23226000000.0,3000000,"暢快可樂 X100
[活動] Lv.2 爆擊傷害增幅劑 X5
[活動] Lv.2 最大傷害增幅劑 X5"
201009501,結尾∼另一個慶典,23226000000.0,1000000,"[活動] 暴風藥水(30分鐘) X1
[活動] 道具掉落率100%靈藥 X2
[活動] 致命香油 X5"
202005101,少女的記憶 (1),17497500000.0,300000,"[活動] 王者攻擊力秘藥 X3
[活動] 王者防禦秘藥 X3"
202005102,少女的記憶 (2),11665000000.0,100000,
202005103,少女的記憶 (3),17497500000.0,300000,"[活動] 王者經驗值秘藥 X3
特殊副本恢復藥水 X100"
202005104,少女的記憶 (4),11665000000.0,100000,
202005105,少女的記憶 (5),11665000000.0,100000,"[活動] 王者經驗值秘藥 X4
[活動] 王者防禦秘藥 X2
煞尼克的記憶稱號學習書 X1"
202006101,魔道靈魂 (1),11665000000.0,100000,
202006102,魔道靈魂 (2),11665000000.0,100000,
202006103,魔道靈魂 (3),11665000000.0,100000,
202006104,魔道靈魂 (4),17497500000.0,300000,"[活動] 王者經驗值秘藥 X2
[活動] Lv.2 最大傷害增幅劑 X4"
202006105,魔道靈魂 (5),17497500000.0,300000,"[活動] 王者經驗值秘藥 X3
[活動] 王者防禦秘藥 X3"
202007101,劍神的試驗 (1),17497500000.0,300000,"神秘爆擊傷害增幅劑 X3
實用的靈藥 X8"
202007102,劍神的試驗 (2),17497500000.0,300000,"神秘傷害增幅劑 X2
[活動] 道具掉落率100%靈藥 X2"
202007103,劍神的試驗 (3),11665000000.0,100000,
202007104,劍神的試驗 (4),11665000000.0,100000,
202008101,菲莉亞的希爾帝斯維尼(1),11665000000.0,100000,姜太公的祝福 X1
202008102,菲莉亞的希爾帝斯維尼(2),23330000000.0,300000,"[活動] 暴風藥水 X10
[活動] 致命香油 X5"
202008103,菲莉亞的希爾帝斯維尼(3),23330000000.0,300000,
202009501,結尾 ~ 安慰的話,23330000000.0,100000,"[活動] 暴風藥水(30分鐘) X1
[活動] 道具掉落率100%靈藥 X1
[活動] 致命香油 X5"
203005101,魔女的痕跡(1),11713000000.0,1000000,
203005102,魔女的痕跡(2),17569500000.0,3000000,
203005103,魔女的痕跡(3),17569500000.0,3000000,"[活動] 王者經驗值秘藥 X3
[活動] 王者防禦秘藥 X3"
203006101,赫爾摩妮亞的項鍊 (1),11713000000.0,1000000,
203006102,赫爾摩妮亞的項鍊 (2),23426000000.0,3000000,"[活動] 活動覺醒劑 X30
特殊副本恢復藥水 X150"
203006103,赫爾摩妮亞的項鍊 (3),11713000000.0,1000000,
203007101,西娜之歌 (1),17569500000.0,3000000,
203007102,西娜之歌 (2),17569500000.0,3000000,"[活動] 王者經驗值秘藥 X3
[活動] 王者防禦秘藥 X3"
203007103,西娜之歌 (3),11713000000.0,1000000,
203009501,結尾 ~ 記憶的彼端,23426000000.0,1000000,"[活動] 暴風藥水(30分鐘) X1
[活動] 道具掉落率100%靈藥 X2
[活動] 致命香油 X5"
204005001,玫瑰的誓約 (1),11757000000.0,222400,
204005002,玫瑰的誓約 (2),17635500000.0,2224000,
204005003,玫瑰的誓約 (3),23514000000.0,3336000,"[活動] 經驗值秘藥500% X1
特殊副本恢復藥水 X50"
204006001,赤地的沉睡熊 (1),11757000000.0,222400,
204006002,赤地的沉睡熊 (2),17635500000.0,2224000,
204006003,赤地的沉睡熊(3),17635500000.0,2224000,"[活動] 任務獎勵UP！靈藥 X1
神秘爆擊傷害增幅劑 X4"
204007001,耶比耶比魔耶比 (1),17635500000.0,2224000,
204007002,耶比耶比魔耶比 (2),23514000000.0,3336000,"[活動] 王者攻擊力秘藥2 X4
神秘傷害增幅劑 X4"
204007003,耶比耶比魔耶比 (3),11757000000.0,222400,
204008001,神諭之地 (1),11757000000.0,222400,
204008002,神諭之地 (2),23514000000.0,3336000,"[活動] 任務獎勵UP！靈藥 X1
[活動] 致命香油 X5"
204008003,神諭之地 (3),11757000000.0,222400,
204009501,結尾 ~ 某個聚會,23514000000.0,3336000,"[活動] 任務獎勵UP！靈藥 X1
[活動] 經驗值秘藥888% X1
特殊副本恢復藥水 X50
超人聯歡會稱號學習書 X1"
211005101,無預期的見面 (1),24074000000.0,3456000,
211005102,無預期的見面 (2),24074000000.0,3456000,"特殊副本恢復藥水 X120
[活動] 活動覺醒劑 X25"
211005103,無預期的見面 (3),12037000000.0,1152000,
211006101,禮物和餅乾 (1),12037000000.0,1152000,
211006102,禮物和餅乾 (2),12037000000.0,1152000,"[活動] 王者經驗值秘藥 X2
[活動] 王者防禦秘藥 X4"
211006103,禮物和餅乾 (3),24074000000.0,3456000,
211007101,負傷之月 (1),24074000000.0,3456000,
211007102,負傷之月 (2),12037000000.0,1152000,
211007103,負傷之月 (3),18055500000.0,2304000,"[活動] 王者經驗值秘藥 X4
[活動] Lv.2 最大傷害增幅劑 X4"
211009501,結尾 ~ 愛麗絲的冒險家,24074000000.0,3456000,"暢快可樂 X100
[活動] Lv.2 爆擊傷害增幅劑 X5
[活動] Lv.2 最大傷害增幅劑 X5
愛麗絲的冒險家稱號學習書 X1"
212000000,魯曼聯盟本部的聯絡,18214500000.0,3504000,
212000001,準備與愛麗絲相遇,18214500000.0,3504000,
212000002,女神愛麗絲,18214500000.0,3504000,
212000003,前往雪原的方法,36429000000.0,7008000,
212000004,穿越暴風雪…,36429000000.0,7008000,
212000005,雪之都格爾答,18214500000.0,3504000,
212000006,搖晃的冰柱監獄,60715000000.0,11680000,"[活動] 任務獎勵UP！靈藥 X2
[活動] 復活精髓 X5
[活動] 王者攻擊力秘藥 X5"
212000007,汙染之泉,18214500000.0,3504000,
212000008,冰封的過去,60715000000.0,11680000,"[活動] 經驗值秘藥1000% X2
[活動] 致命香油 X5
暢快可樂 X100"
212000009,拋開過去…,18214500000.0,3504000,
212000010,和美味的食物一起,18214500000.0,3504000,
212000011,霧狀花海,121430000000.0,23360000,"符文字卷軸 X1
[活動] 暴風藥水(30分鐘) X1
姜太公的祝福 X3
霧狀花海稱號學習書 X1"
212005101,在恪爾立吃的飯 (1),24286000000.0,3504000,"[活動] 寵物用靈芝草(15日) X2
[活動] 任務獎勵UP！靈藥 X2"
212005102,在恪爾立吃的飯 (2),12143000000.0,1168000,
212005103,在恪爾立吃的飯 (3),12143000000.0,1168000,
212006101,請去收集優惠券 (1),12143000000.0,1168000,
212006102,請去收集優惠券 (2),12143000000.0,1168000,
212006103,請去收集優惠券 (3),24286000000.0,3504000,"姜太公的祝福 X2
[活動] 暴風藥水 X5"
212007101,尋找答案的道路 (1),12143000000.0,1168000,
212007102,尋找答案的道路 (2),12143000000.0,1168000,
212007103,尋找答案的道路 (3),24286000000.0,3504000,"[活動] 暴風藥水(30分鐘) X2
[活動] 復活精髓 X4
尋找答案的道路稱號學習書 X1"
212008101,某個禮物 (1),24286000000.0,3504000,"[活動] 道具掉落率100%靈藥 X5
[活動] 致命香油 X5"
212008102,某個禮物 (2),24286000000.0,3504000,"[活動] 經驗值秘藥1000% X2
神秘爆擊傷害增幅劑 X3"
212008103,某個禮物 (3),12143000000.0,1168000,
212009501,結尾 ~ 誘餌,24286000000.0,3504000,"[活動] 經驗值秘藥1000% X1
[活動] 任務獎勵UP！靈藥 X3
特殊副本恢復藥水 X50
銜尾蛇的誘餌稱號學習書 X1"
213000000,再次前往格爾答…,18214500000.0,3504000,
213000001,尋路(1),18214500000.0,3504000,
213000002,尋路(2),18214500000.0,3504000,
213000003,尋路(3),18214500000.0,3504000,
213000004,未知之地，克諾索斯(1),18214500000.0,3504000,
213000005,未知之地，克諾索斯(2),18214500000.0,3504000,
213000006,克諾索斯的管理者 (1),36429000000.0,7008000,
213000007,克諾索斯的管理者 (2),36429000000.0,7008000,
213000008,需要的物品,60715000000.0,11680000,"[活動] 王者攻擊力秘藥 X4
[活動] 王者攻擊力秘藥2 X4
[活動] Lv.2 爆擊傷害增幅劑 X4"
213000009,非管理者的觀察者,18214500000.0,3504000,
213000010,獸人王米諾斯,60715000000.0,11680000,"[活動] 道具掉落率100%靈藥 X3
姜太公的祝福 X3
神秘爆擊傷害增幅劑 X5"
213000011,混沌的路口,121430000000.0,23360000,"[活動] 鑲嵌妙藥 X3
[活動] 復活精髓 X5
[活動] 暴風藥水(30分鐘) X2
混沌的路口稱號學習書 X1"
213005101,貝儂的請求 (1),12196000000.0,1176000,
213005102,貝儂的請求 (2),12196000000.0,1176000,
213005103,貝儂的請求 (3),24392000000.0,3528000,"[活動] 任務獎勵UP！靈藥 X3
[活動] 王者攻擊力秘藥2 X3"
213006101,尊敬的老師 (1),12196000000.0,1176000,
213006102,尊敬的老師 (2),12196000000.0,1176000,
213006103,尊敬的老師 (3),24392000000.0,3528000,"[活動] 王者攻擊力秘藥 X3
[活動] 鑲嵌妙藥 X2"
213007101,瑪德琳的煩惱 (1),12196000000.0,1176000,
213007102,瑪德琳的煩惱 (2),24392000000.0,3528000,"[活動] 經驗值秘藥888% X1
[活動] 道具掉落率100%靈藥 X2"
213007103,瑪德琳的煩惱 (3),24392000000.0,3528000,"[活動] 道具掉落率100%靈藥 X5
[活動] 致命香油 X5"
213008101,終極甜點 (1),12196000000.0,1176000,
213008102,終極甜點 (2),24392000000.0,3528000,
213009501,結尾 ~ 暴風雨前的寧靜,24392000000.0,3528000,"[活動] 道具掉落率100%靈藥 X5
[活動] 暴風藥水(30分鐘) X1
暢快可樂 X100
暴風雨前的寧靜稱號學習書 X1"
214000000,鄰近決戰,18214500000.0,3504000,
214000001,不速之客的造訪,18214500000.0,3504000,
214000002,愛麗絲與玫蒂亞,18214500000.0,3504000,
214000003,不轉動的燃燒之輪 (1),18214500000.0,3504000,
214000004,不轉動的燃燒之輪 (2),18214500000.0,3504000,
214000005,搖晃的阿瓦隆,36429000000.0,7008000,
214000006,閃亮星之劍,36429000000.0,7008000,
214000007,書做的門,60715000000.0,11680000,"暢快可樂 X100
姜太公的祝福 X1
[活動] 致命香油 X2"
214000008,疑心的結果,18214500000.0,3504000,
214000009,超人的決心,18214500000.0,3504000,
214000010,開門的鑰匙,60715000000.0,11680000,"[活動] 經驗值秘藥1000% X2
神秘爆擊傷害增幅劑 X5
[活動] 復活精髓 X3"
214000011,吞噬一切的洞窟,18214500000.0,3504000,
214000012,降落的死亡,18214500000.0,3504000,
214000013,東方大陸的救援者,121430000000.0,23360000,"符文字卷軸 X1
[活動] 道具掉落率100%靈藥 X4
[活動] 暴風藥水(30分鐘) X3
東方大陸的救援者稱號學習書 X1"
214002101,岐路的盡頭,12143000000.0,1168000,
214003101,玫蒂亞的記憶(1),12143000000.0,1168000,
214003102,玫蒂亞的記憶(2),24392000000.0,3528000,"[活動] 王者經驗值秘藥 X2
[活動] 致命香油 X2"
214003103,玫蒂亞的記憶(3),12143000000.0,1168000,
214003104,玫蒂亞的記憶(4),18214500000.0,2336000,
214004101,為了盟主的禮物(1),24392000000.0,3528000,"[活動] 經驗值秘藥888% X1
神秘爆擊傷害增幅劑 X2"
214004102,為了盟主的禮物(2),18214500000.0,2336000,
214005101,為了你的香氣(1),12143000000.0,1168000,
214005102,為了你的香氣(2),24392000000.0,3528000,"特殊副本恢復藥水 X100
[活動] 暴風藥水 X10"
214005103,為了你的香氣(3),24392000000.0,3528000,"[活動] 任務獎勵UP！靈藥 X3
[活動] 道具掉落率100%靈藥 X2"
214006101,尋寶(1),24392000000.0,3528000,"[活動] 鑲嵌妙藥 X2
戰鬥靈藥 X5"
214006102,尋寶(2),24392000000.0,3528000,"黃金錘 X2
[活動] 暴風藥水(30分鐘) X1"
214007101,美麗的宴會(1),24392000000.0,3528000,"神秘爆擊傷害增幅劑 X3
[活動] 寵物用靈芝草(30日) X1"
214007102,美麗的宴會(2),24392000000.0,3528000,"姜太公的祝福 X1
[活動] 道具封印鎖 X1"
214008101,結尾 ~ 脫離束縛的位置(1),24392000000.0,3528000,
214009101,結尾 ~ 脫離束縛的位置(2),24392000000.0,3528000,"[活動] 暴風藥水(30分鐘) X2
暢快可樂 X100
[活動] 復活精髓 X2
親愛的我的星星稱號學習書 X1"
221000001,消失的女神痕跡,18214500000.0,3504000,
221000002,蓋亞所在之處,18214500000.0,3504000,
221000003,充滿精靈的場所 (1),36429000000.0,7008000,
221000004,充滿精靈的場所 (2),36429000000.0,7008000,
221000005,為了維持日常,60715000000.0,11680000,"暢快可樂 X100
特殊副本恢復藥水 X100
神秘爆擊傷害增幅劑 X4"
221000006,為了特別的瞬間,60715000000.0,11680000,"暢快可樂 X100
姜太公的祝福 X1
神秘傷害增幅劑 X4"
221000007,阿爾珂的過去,18214500000.0,3504000,
221000008,與蓋亞的重逢,18214500000.0,3504000,
221000009,回到愛麗絲身邊…,121430000000.0,23360000,"[活動] 經驗值秘藥1000% X2
[活動] 暴風藥水(30分鐘) X2
[活動] 道具掉落率100%靈藥 X5
走在時間分界的稱號學習書 X1"
221005101,情感色彩 (1),18214500000.0,2336000,
221005102,情感色彩 (2),12143000000.0,1168000,
221005103,情感色彩 (3),18214500000.0,2336000,
221005104,情感色彩 (4),12143000000.0,1168000,
221005105,情感色彩 (5),12143000000.0,1168000,
221005106,情感色彩 (6),18214500000.0,2336000,
221005107,情感色彩 (7),12143000000.0,1168000,
221005108,情感色彩 (8),24286000000.0,3504000,"[活動] 經驗值秘藥888% X3
[活動] 任務獎勵UP！靈藥 X3"
221006101,某種地圖 (1),12143000000.0,1168000,
221006102,某種地圖 (2),12143000000.0,1168000,
221006103,某種地圖 (3),24286000000.0,3504000,"神秘爆擊傷害增幅劑 X4
[活動] 道具掉落率100%靈藥 X3"
221007101,斑駁的童話(1),12143000000.0,1168000,
221007102,斑駁的童話(2),12143000000.0,1168000,
221007103,斑駁的童話(3),24286000000.0,3504000,"[活動] 致命香油 X5
[活動] 經驗值秘藥1000% X1"
221009101,結尾∼捉迷藏,24286000000.0,3504000,"[活動] 暴風藥水(30分鐘) X1
姜太公的祝福 X1
暢快可樂 X100
新捉迷藏鬼稱號學習書 X1"
222000000,留在記憶中的詞語,18214500000.0,3504000,
222000001,羽毛的記憶,36429000000.0,7008000,
222000002,夜晚停留的場所,18214500000.0,3504000,
222000003,走吧，前往大陸關口！,18214500000.0,3504000,
222000004,請叫我莉可,18214500000.0,3504000,
222000005,可疑傳聞的原因,18214500000.0,3504000,
222000006,其他大陸的旅行作家,36429000000.0,7008000,
222000007,擁抱玩偶的精靈,36429000000.0,7008000,
222000008,唱歌的勇士,60715000000.0,11680000,"[活動] 經驗值秘藥1000% X2
姜太公的祝福 X1
神秘爆擊傷害增幅劑 X4"
222000009,劇場的首席團員,60715000000.0,11680000,"[活動] 復活精髓 X5
[活動] 寵物用靈芝草(30日) X1
[活動] 致命香油 X4"
222000010,執著的理由,18214500000.0,3504000,
222000011,新舞台的演員們,121430000000.0,23360000,"符文字卷軸 X1
[活動] 暴風藥水(30分鐘) X2
暢快可樂 X100
第一次彩排稱號學習書 X1"
222002001,[職業] 其他時空的冒險家,nan,0,
202004101,黑暗的追捕者 (1),11665000000.0,100000,
202004102,黑暗的追捕者 (2),23330000000.0,300000,高級恢復藥水 X120
202004103,黑暗的追捕者 (3),23330000000.0,300000,"[活動] 暴風藥水(30分鐘) X1
[活動] 王者經驗值秘藥 X3
特殊副本恢復藥水 X100"
222005101,情感色彩(9),12143000000.0,1168000,
222005102,情感色彩(10),18214500000.0,2336000,
222005103,情感色彩(11),24286000000.0,3504000,"[活動] 致命香油 X3
暢快可樂 X50"
222006101,該怎麼做呢？(1),12143000000.0,1168000,
222006102,該怎麼做呢？(2),24286000000.0,3504000,"姜太公的祝福 X1
超級萬能木錘 X2"
222007101,外送的冒險家(1),18214500000.0,2336000,
222007102,外送的冒險家(2),12143000000.0,1168000,
222007103,外送的冒險家(3),12143000000.0,1168000,
222007104,外送的冒險家(4),24286000000.0,3504000,"神秘爆擊傷害增幅劑 X5
神秘傷害增幅劑 X5
外送的冒險家稱號學習書 X1"
222009501,結尾∼島上的特別訪客,24286000000.0,3504000,"[活動] 暴風藥水(30分鐘) X1
[活動] 復活精髓 X5
[活動] 經驗值秘藥1000% X1"
223000000,莎拉斯芭蒂的訊息,18214500000.0,3504000,
223000001,可疑的數據,18214500000.0,3504000,
223000002,認知到另一個我的地方,18214500000.0,3504000,
223000003,迷路,18214500000.0,3504000,
223000004,凝視的眼睛,18214500000.0,3504000,
223000005,拉娜夏身上發生的事,18214500000.0,3504000,
223000006,前往奧勒卡里姆之路,36429000000.0,7008000,
223000007,說服我吧,36429000000.0,7008000,
223000008,探索奧勒卡里姆,36429000000.0,7008000,
223000009,精靈的聲音,18214500000.0,3504000,
223000010,無名想要的東西,60715000000.0,11680000,"[活動] 道具掉落率100%靈藥 X3
[活動] 任務獎勵UP！靈藥 X3
[活動] 暴風藥水 X10"
223000011,奧勒卡里姆的影子,60715000000.0,11680000,"姜太公的祝福 X1
超級萬能木錘 X1
[活動] 致命香油 X3"
223000012,光之囑咐,18214500000.0,3504000,
223000013,預言者的等待,121430000000.0,23360000,"[活動] 復活精髓 X3
黃金錘 X3
[活動] 經驗值秘藥1000% X1
奧勒卡里姆的影子稱號學習書 X1"
223009501,結尾∼B計畫,24286000000.0,3504000,"暢快可樂 X50
[活動] 寵物用靈芝草(15日) X1"
223005101,"Mors tua, vita mea(1)",18214500000.0,2336000,
223005102,"Mors tua, vita mea(2)",12143000000.0,1168000,
223005103,"Mors tua, vita mea(3)",18214500000.0,2336000,
223005104,"Mors tua, vita mea(4)",12143000000.0,1168000,
223005105,"Mors tua, vita mea(5)",18214500000.0,2336000,
223005106,"Mors tua, vita mea(6)",24286000000.0,3504000,"[活動] 暴風藥水(30分鐘) X2
[活動] 經驗值秘藥1000% X1
姜太公的祝福 X1"
223005107,"Mors tua, vita mea(7)",12143000000.0,1168000,
224000000,既視感,18214500000.0,3504000,
224000001,召喚魔女的事件,18214500000.0,3504000,
224000002,前往亞普和因,18214500000.0,3504000,
224000003,探索精靈村莊,18214500000.0,3504000,
224000004,記憶的錯誤,36429000000.0,7008000,
224000005,籠罩森林的影子,36429000000.0,7008000,
224000006,晶月森林限制區域,18214500000.0,3504000,
224000007,確認錯誤,18214500000.0,3504000,
224000008,黎弗特菈希爾的過去,18214500000.0,3504000,
224000009,不會消逝的歌曲,60715000000.0,11680000,"[活動] 道具掉落率100%靈藥 X1
[活動] 經驗值秘藥1000% X2
神秘爆擊傷害增幅劑 X4"
224000010,魔女莫爾嘉納,60715000000.0,11680000,"[活動] 復活精髓 X4
姜太公的祝福 X1
[活動] 道具掉落率100%靈藥 X3"
224000011,記憶的餘香,121430000000.0,23360000,"符文字卷軸 X1
[活動] 暴風藥水(30分鐘) X1
[活動] 寵物用靈芝草(30日) X1
記憶的餘香稱號學習書 X1"
224009501,結尾∼邀請,24286000000.0,3504000,"[活動] 道具掉落率100%靈藥 X2
神秘傷害增幅劑 X3"
224005101,Memento mori(1),12143000000.0,1168000,
224005102,Memento mori(2),12143000000.0,1168000,
224005103,Memento mori(3),18214500000.0,2336000,
224005104,Memento mori(4),18214500000.0,2336000,
224005105,Memento mori(5),24286000000.0,3504000,"[活動] 致命香油 X3
[活動] 復活精髓 X5
[活動] 經驗值秘藥1000% X2"
222002002,[職業] 蛇影,nan,0,
231000000,賽伊娜的訊息,18214500000.0,3504000,
231000001,再次來到魔法學院,18214500000.0,3504000,
231000002,重要的故事,18214500000.0,3504000,
231000003,你好，再見,18214500000.0,3504000,
231000004,越過可疑的門,18214500000.0,3504000,
231000005,失去光芒的地方,36429000000.0,7008000,
231000006,神旨,36429000000.0,7008000,
231000007,第一個試煉,60715000000.0,11680000,"[活動] 道具掉落率100%靈藥 X1
[活動] 經驗值秘藥1000% X1
公會金幣(第2季) X100"
231000008,艾莉希婭的主人,18214500000.0,3504000,
231000009,第二個試煉,60715000000.0,11680000,"神秘傷害增幅劑 X5
神秘爆擊傷害增幅劑 X1
暢快可樂 X50"
231000010,戰勝試煉,18214500000.0,3504000,
231000011,無法歇息的靈魂,121430000000.0,23360000,"[活動] 暴風藥水(30分鐘) X1
符文字卷軸 X1
[活動] 復活精髓 X5
無法歇息的靈魂稱號學習書 X1"
231003101,情感色彩(12),12143000000.0,1168000,
231003102,情感色彩(13),12143000000.0,1168000,
231003103,情感色彩(14),18214500000.0,2336000,
231003104,情感色彩(15),18214500000.0,2336000,
231003105,情感色彩(16),12143000000.0,1168000,
231003106,情感色彩(17),18214500000.0,2336000,
231003107,情感色彩(18),18214500000.0,2336000,
231003108,情感色彩(19),24286000000.0,3504000,"[活動] 復活精髓 X3
[活動] 經驗值秘藥1000% X1
姜太公的祝福 X2"
231009501,結尾∼掩蓋黑月,24286000000.0,3504000,"[活動] 致命香油 X3
[活動] 道具掉落率100%靈藥 X1
神秘爆擊傷害增幅劑 X1
[活動] 復活精髓 X1"
231004101,灰斑(1),12143000000.0,1168000,
231004102,灰斑(2),18214500000.0,2336000,
231004103,灰斑(3),18214500000.0,2336000,
231004104,灰斑(4),24286000000.0,3504000,
232000000,從夢中醒來的冒險家,18214500000.0,3504000,
232000001,老朋友的故事,18214500000.0,3504000,
232000002,前往拉蘭街道之路,18214500000.0,3504000,
232000003,導遊莉可塔,18214500000.0,3504000,
232000004,拉蘭街道的狼人,36429000000.0,7008000,
232000005,打造安全道路,36429000000.0,7008000,
232000006,再次相遇的不安,18214500000.0,3504000,
232000007,他的下落,18214500000.0,3504000,
232000008,迷路的天使,36429000000.0,7008000,
232000009,解開誤會的方法,18214500000.0,3504000,
232000010,米卡與拉比,18214500000.0,3504000,
232000011,戰鬥天使的方式,60715000000.0,11680000,"神秘爆擊傷害增幅劑 X5
[活動] 道具掉落率100%靈藥 X2
暢快可樂 X150"
232000012,達芙妮真正的目的,18214500000.0,3504000,"[活動] 復活精髓 X5
[活動] 暴風藥水 X10
[活動] 經驗值秘藥1000% X2"
232000013,守護庭園之人,60715000000.0,11680000,
232000014,潘朵拉的箱子,18214500000.0,3504000,潘朵拉的箱子稱號學習書 X1
232000015,永垂不朽的庭園,121430000000.0,23360000,"[活動] 重置結晶 X3
黃金錘 X5
[活動] 記憶破片箱子 X20"
232009101,結尾∼開啟箱子,24286000000.0,3504000,"[活動] 重置結晶 X1
[活動] 王者攻擊力秘藥2 X3"
233000000,休息結束後…,18214500000.0,3504000,
233000001,赫蓮娜與卡依納,18214500000.0,3504000,
233000002,不該發生的事情,18214500000.0,3504000,
233000003,雙面的基準,18214500000.0,3504000,
233000004,一分為二的世界,36429000000.0,7008000,
233000005,另一面的維格利德,36429000000.0,7008000,
233000006,等待你之人,36429000000.0,7008000,
233000007,死亡車站,60715000000.0,11680000,"[活動] 暴風藥水 X3
暢快可樂 X30
特殊副本恢復藥水 X30"
233000008,戰勝熱氣的方法,18214500000.0,3504000,
233000009,即將到來的命運流動,60715000000.0,11680000,"公會金幣(第2季) X40
增幅劑箱子II X3
[活動] 王者攻擊力秘藥 X1"
233000010,遠去的命運,18214500000.0,3504000,
233000011,在被掩蓋的時間之中,121430000000.0,23360000,"白金錘 X1
[活動] 經驗值秘藥1000% X1
[活動] 任務獎勵UP！靈藥 X1
在被掩蓋的時間之中稱號學習書 X1"
234000000,於正面的時間之中,18214500000.0,3504000,
234000001,園丁想要的答案,36429000000.0,7008000,
234000002,真理留下的線索,18214500000.0,3504000,
234000003,為了獲得信任,18214500000.0,3504000,
234000004,窺探神之領域者,18214500000.0,3504000,
234000005,通向魂之島之路,18214500000.0,3504000,
234000006,獅鷲的嚎叫,36429000000.0,7008000,
234000007,魔族羅邁利烏斯,36429000000.0,7008000,
234000008,沒有可疑傳聞嗎？,18214500000.0,3504000,
234000009,不祥的情況,18214500000.0,3504000,
234000010,風停留之地,18214500000.0,3504000,
234000011,貓的主人,60715000000.0,11680000,"神秘爆擊傷害增幅劑 X3
特殊副本恢復藥水 X50
[活動] 復活精髓 X3"
234000012,叫聲指向的場所,18214500000.0,3504000,
234000013,昨日、今日與明日,60715000000.0,11680000,"[活動] 暴風藥水(30分鐘) X1
姜太公的祝福 X1
[活動] 經驗值秘藥1000% X2"
234000014,希望能成為幸福的時光,18214500000.0,3504000,
234000015,前往普紐瑪與艾莉希婭,18214500000.0,3504000,
234000016,時間的裂痕,121430000000.0,23360000,"白金錘 X1
[活動] 復活精髓 X5
[活動] 道具掉落率100%靈藥 X2
時間的裂痕稱號學習書 X1"
