ID,_Gender,_CategoryView,_ServiceType,_PartsIndex,_PosID,_CategoryDetail,_CategoryString,_Explanation,_Name,_PositionIndex,_ItemID,_Icon,_IconIndex,_D_RequireItem1,_D_RequireItemCount1,_D_RequireItem2,_D_RequireItemCount2,_D_RequireItem_Con,_D_CashID,_P_RequireItem1,_P_RequireItemCount1,_P_RequireItem2,_P_RequireItemCount2,_P_RequireItem_Con,_P_CashID,_ColorIndex01,_ColorIndex02,_ColorIndex03,_ColorIndex04,_ColorIndex05,_ColorIndex06,_ColorIndex07,_ColorIndex08,_ColorIndex09,_ColorIndex10
130100100,1,1,2,1,3,0,基本,??,俐落短髮髮型,1,130100100,10002103,1,190160101,1,190180639,1,1,0,190147472,1,190147489,1,1,0,130100101,130100102,130100103,130100104,130100105,130100106,130100109,130100150,130100151,0
130100200,1,1,2,1,3,0,基本,??,飄逸馬尾髮型,2,130100200,10002103,10,190160101,1,190180639,1,1,0,190147472,1,190147489,1,1,0,130100201,130100202,130100203,130100204,130100205,130100206,130100209,130100250,130100251,0
130100300,1,1,2,1,3,0,基本,??,浪漫捲髮型,3,130100300,10002103,19,190160101,1,190180639,1,1,0,190147472,1,190147489,1,1,0,130100301,130100302,130100303,130100304,130100305,130100306,130100309,130100350,130100351,0
130100400,1,1,2,1,3,0,基本,??,火花髮型,4,130100400,10002103,28,190160101,1,190180639,1,1,0,190147472,1,190147489,1,1,0,130100401,130100402,130100403,130100404,130100405,130100406,130100409,130100450,130100451,0
130100500,1,1,2,1,3,0,基本,??,火花馬尾髮型,5,130100500,10002103,37,190160101,1,190180639,1,1,0,190147472,1,190147489,1,1,0,130100501,130100502,130100503,130100504,130100505,130100506,130100509,130100550,130100551,0
130100600,1,1,2,1,3,0,基本,??,超級飄逸髮型,6,130100600,10002103,46,190160101,1,190180639,1,1,0,190147472,1,190147489,1,1,0,130100601,130100602,130100603,130100604,130100605,130100606,130100609,130100650,130100651,0
130100700,1,1,2,1,3,0,基本,??,飄逸髮型,7,130100700,10002103,55,190160101,1,190180639,1,1,0,190147472,1,190147489,1,1,0,130100701,130100702,130100703,130100704,130100705,130100706,130100709,130100750,130100751,0
130100800,1,1,2,1,3,0,基本,??,中長髮型,8,130100800,10002103,64,190160101,1,190180639,1,1,0,190147472,1,190147489,1,1,0,130100801,130100802,130100803,130100804,130100805,130100806,130100809,130100850,130100851,0
130100900,1,1,2,1,3,0,基本,??,活力馬尾髮型,9,130100900,10002103,73,190160101,1,190180639,1,1,0,190147472,1,190147489,1,1,0,130100901,130100902,130100903,130100904,130100905,130100906,130100909,130100950,130100951,0
130101000,1,1,2,1,3,0,基本,??,耍脾氣髮型,10,130101000,10002105,1,190160101,1,190180639,1,1,0,190147472,1,190147489,1,1,0,130101001,130101002,130101003,130101004,130101005,130101006,130101009,130101050,130101051,0
130110200,1,1,2,1,3,0,基本,???,金鋼狼髮型,11,130110200,10002105,10,190160102,1,0,0,0,0,190147467,1,190147484,1,1,0,130110201,130110202,130110203,130110204,130110205,130110206,130110209,130110250,130110251,0
130110100,1,1,2,1,3,0,基本,???,霜淇淋髮型,12,130110100,10002105,19,190160102,1,0,0,0,0,190147467,1,190147484,1,1,0,130110101,130110102,130110103,130110104,130110105,130110106,130110109,130110150,130110151,0
130132301,1,1,2,1,3,1,專家,???,自然層次捲髮髮型,1,130132301,10002110,5,190160103,1,190144089,1,1,0,190147470,1,190147487,1,1,0,0,0,0,0,0,0,0,0,0,0
130132001,1,1,2,1,3,1,專家,???,喚雨淨使橙金色髮型 (男),2,130132001,10002108,78,190160103,1,190144089,1,1,0,190147470,1,190147487,1,1,0,0,0,0,0,0,0,0,0,0,0
130131903,1,1,2,1,3,1,專家,???,御風引者天藍色髮型 (男),3,130131903,10002108,76,190160103,1,190144089,1,1,0,190147470,1,190147487,1,1,0,0,0,0,0,0,0,0,0,0,0
130131901,1,1,2,1,3,1,專家,???,淡黃色髮夾短髮,4,130131901,10002108,62,190160103,1,190144089,1,1,0,190147470,1,190147487,1,1,0,0,0,0,0,0,0,0,0,0,0
130131801,1,1,2,1,3,1,專家,???,彩虹型男髮型,5,130131801,10002108,26,190160103,1,190144089,1,1,0,190147470,1,190147487,1,1,0,0,0,0,0,0,0,0,0,0,0
130130505,1,1,2,1,3,1,專家,???,銀灰不對稱短髮,6,130130505,10002108,24,190160103,1,190144089,1,1,0,190147470,1,190147487,1,1,0,0,0,0,0,0,0,0,0,0,0
130131803,1,1,2,1,3,1,專家,???,輕飄飄微風髮型,7,130131803,10002108,34,190160103,1,190144089,1,1,0,190147470,1,190147487,1,1,0,0,0,0,0,0,0,0,0,0,0
130131703,1,1,2,1,3,1,專家,???,雙色層次髮型,8,130131703,10002108,22,190160103,1,190144089,1,1,0,190147470,1,190147487,1,1,0,0,0,0,0,0,0,0,0,0,0
130130404,1,1,2,1,3,1,專家,???,柔軟蓬鬆捲髮,9,130130404,10002108,14,190160103,1,190144089,1,1,0,190147470,1,190147487,1,1,0,0,0,0,0,0,0,0,0,0,0
130130402,1,1,2,1,3,1,專家,???,粉色分線捲髮型,10,130130402,10002108,12,190160103,1,190144089,1,1,0,190147470,1,190147487,1,1,0,0,0,0,0,0,0,0,0,0,0
130130401,1,1,2,1,3,1,專家,???,奶油半扎髮型,11,130130401,10002108,9,190160103,1,190144089,1,1,0,190147470,1,190147487,1,1,0,0,0,0,0,0,0,0,0,0,0
130131401,1,1,2,1,3,1,專家,???,暗影行者飛機頭 - 黑色,12,130131401,10002108,42,190160103,1,190144089,1,1,0,190147470,1,190147487,1,1,0,0,0,0,0,0,0,0,0,0,0
130130303,1,1,2,1,3,1,專家,???,暗影行者飛機頭,13,130130303,10002108,10,190160103,1,190144089,1,1,0,190147470,1,190147487,1,1,0,0,0,0,0,0,0,0,0,0,0
130130301,1,1,2,1,3,1,專家,???,奢華西裝頭,14,130130301,10002108,5,190160103,1,190144089,1,1,0,190147470,1,190147487,1,1,0,0,0,0,0,0,0,0,0,0,0
130130203,1,1,2,1,3,1,專家,???,魔法長馬尾(男),15,130130203,10002108,3,190160103,1,190144089,1,1,0,190147470,1,190147487,1,1,0,0,0,0,0,0,0,0,0,0,0
130130003,1,1,2,1,3,1,專家,???,淡藍星星髮型 (男),16,130130003,10002107,74,190160103,1,190144089,1,1,0,190147470,1,190147487,1,1,0,0,0,0,0,0,0,0,0,0,0
130130001,1,1,2,1,3,1,專家,???,藍紫挑染捲髮,17,130130001,10002107,72,190160103,1,190144089,1,1,0,190147470,1,190147487,1,1,0,0,0,0,0,0,0,0,0,0,0
130124905,1,1,2,1,3,1,專家,???,冷都男的微濕髮型,18,130124905,10002107,70,190160103,1,190144089,1,1,0,190147470,1,190147487,1,1,0,0,0,0,0,0,0,0,0,0,0
130130805,1,1,2,1,3,1,專家,???,冷都男的微濕髮型 - 白金,19,130130805,10002108,40,190160103,1,190144089,1,1,0,190147470,1,190147487,1,1,0,0,0,0,0,0,0,0,0,0,0
130124802,1,1,2,1,3,1,專家,???,寶石之星閃耀髮型(男),20,130124802,10002107,66,190160103,1,190144089,1,1,0,190147470,1,190147487,1,1,0,0,0,0,0,0,0,0,0,0,0
130124804,1,1,2,1,3,1,專家,???,光頭(男),21,130124804,10002107,68,190160103,1,190144089,1,1,0,190147470,1,190147487,1,1,0,0,0,0,0,0,0,0,0,0,0
130124601,1,1,2,1,3,1,專家,???,歐若拉星星髮型(男),22,130124601,10002107,55,190160103,1,190144089,1,1,0,190147470,1,190147487,1,1,0,0,0,0,0,0,0,0,0,0,0
130124405,1,1,2,1,3,1,專家,???,猴子髮型,23,130124405,10002107,53,190160103,1,190144089,1,1,0,190147470,1,190147487,1,1,0,0,0,0,0,0,0,0,0,0,0
130124503,1,1,2,1,3,1,專家,???,霧灰紫時尚短髮,24,130124503,10002107,51,190160103,1,190144089,1,1,0,190147470,1,190147487,1,1,0,0,0,0,0,0,0,0,0,0,0
130224103,1,1,2,1,3,1,專家,???,巴勒夏髮型,25,130224103,10002107,34,190160103,1,190144089,1,1,0,190147470,1,190147487,1,1,0,0,0,0,0,0,0,0,0,0,0
130124501,1,1,2,1,3,1,專家,???,終結者(男),26,130124501,10002107,49,190160103,1,190144089,1,1,0,190147470,1,190147487,1,1,0,0,0,0,0,0,0,0,0,0,0
130124403,1,1,2,1,3,1,專家,???,性感型男髮型,27,130124403,10002107,47,190160103,1,190144089,1,1,0,190147470,1,190147487,1,1,0,0,0,0,0,0,0,0,0,0,0
130124401,1,1,2,1,3,1,專家,???,紫色鳳梨頭,28,130124401,10002107,45,190160103,1,190144089,1,1,0,190147470,1,190147487,1,1,0,0,0,0,0,0,0,0,0,0,0
130124205,1,1,2,1,3,1,專家,???,白狼髮型 (男),29,130124205,10002107,43,190160103,1,190144089,1,1,0,190147470,1,190147487,1,1,0,0,0,0,0,0,0,0,0,0,0
130124303,1,1,2,1,3,1,專家,???,火神髮型 (男),30,130124303,10002107,41,190160103,1,190144089,1,1,0,190147470,1,190147487,1,1,0,0,0,0,0,0,0,0,0,0,0
130124301,1,1,2,1,3,1,專家,???,俐落短髮,31,130124301,10002107,39,190160103,1,190144089,1,1,0,190147470,1,190147487,1,1,0,0,0,0,0,0,0,0,0,0,0
130124201,1,1,2,1,3,1,專家,???,奶油黃小辮子頭,32,130124201,10002107,35,190160103,1,190144089,1,1,0,190147470,1,190147487,1,1,0,0,0,0,0,0,0,0,0,0,0
130124104,1,1,2,1,3,1,專家,???,佩爾髮型(男),33,130124104,10002107,33,190160103,1,190144089,1,1,0,190147470,1,190147487,1,1,0,0,0,0,0,0,0,0,0,0,0
130124105,1,1,2,1,3,1,專家,???,莉茲髮型(男),34,130124105,10002107,32,190160103,1,190144089,1,1,0,190147470,1,190147487,1,1,0,0,0,0,0,0,0,0,0,0,0
130124203,1,1,2,1,3,1,專家,???,可愛狐狸髮型,35,130124203,10002107,37,190160103,1,190144089,1,1,0,190147470,1,190147487,1,1,0,0,0,0,0,0,0,0,0,0,0
130124101,1,1,2,1,3,1,專家,???,白色Fury髮型,36,130124101,10002107,30,190160103,1,190144089,1,1,0,190147470,1,190147487,1,1,0,0,0,0,0,0,0,0,0,0,0
130124003,1,1,2,1,3,1,專家,???,休止符頭,37,130124003,10002107,28,190160103,1,190144089,1,1,0,190147470,1,190147487,1,1,0,0,0,0,0,0,0,0,0,0,0
130124001,1,1,2,1,3,1,專家,???,gradation層次髮型,38,130124001,10002107,26,190160103,1,190144089,1,1,0,190147470,1,190147487,1,1,0,0,0,0,0,0,0,0,0,0,0
130123903,1,1,2,1,3,1,專家,???,性感短髮,39,130123903,10002107,24,190160103,1,190144089,1,1,0,190147470,1,190147487,1,1,0,0,0,0,0,0,0,0,0,0,0
130123601,1,1,2,1,3,1,專家,???,微捲短髮,40,130123601,10002107,6,190160103,1,190144089,1,1,0,190147470,1,190147487,1,1,0,0,0,0,0,0,0,0,0,0,0
130123203,1,1,2,1,3,1,專家,???,高貴層次髮型,41,130123203,10002106,71,190160103,1,190144089,1,1,0,190147470,1,190147487,1,1,0,0,0,0,0,0,0,0,0,0,0
130123901,1,1,2,1,3,1,專家,???,東洋風長髮,42,130123901,10002107,22,190160103,1,190144089,1,1,0,190147470,1,190147487,1,1,0,0,0,0,0,0,0,0,0,0,0
130123801,1,1,2,1,3,1,專家,???,可愛瀏海長髮,43,130123801,10002107,16,190160103,1,190144089,1,1,0,190147470,1,190147487,1,1,0,0,0,0,0,0,0,0,0,0,0
130123803,1,1,2,1,3,1,專家,???,銀河髮型,44,130123803,10002107,18,190160103,1,190144089,1,1,0,190147470,1,190147487,1,1,0,0,0,0,0,0,0,0,0,0,0
130123701,1,1,2,1,3,1,專家,???,狂野性感捲髮,45,130123701,10002107,10,190160103,1,190144089,1,1,0,190147470,1,190147487,1,1,0,0,0,0,0,0,0,0,0,0,0
130123603,1,1,2,1,3,1,專家,???,大衛天使捲髮,46,130123603,10002107,8,190160103,1,190144089,1,1,0,190147470,1,190147487,1,1,0,0,0,0,0,0,0,0,0,0,0
130123703,1,1,2,1,3,1,專家,???,黑點銀短髮,47,130123703,10002107,12,190160103,1,190144089,1,1,0,190147470,1,190147487,1,1,0,0,0,0,0,0,0,0,0,0,0
130123405,1,1,2,1,3,1,專家,???,時尚小捲髮,48,130123405,10002106,81,190160103,1,190144089,1,1,0,190147470,1,190147487,1,1,0,0,0,0,0,0,0,0,0,0,0
130123503,1,1,2,1,3,1,專家,???,時髦的小辮子頭,49,130123503,10002107,4,190160103,1,190144089,1,1,0,190147470,1,190147487,1,1,0,0,0,0,0,0,0,0,0,0,0
130123501,1,1,2,1,3,1,專家,???,彩虹風暴髮型,50,130123501,10002107,2,190160103,1,190144089,1,1,0,190147470,1,190147487,1,1,0,0,0,0,0,0,0,0,0,0,0
130122703,1,1,2,1,3,1,專家,???,狂野音樂家髮型,51,130122703,10002106,51,190160103,1,190144089,1,1,0,190147470,1,190147487,1,1,0,0,0,0,0,0,0,0,0,0,0
130123403,1,1,2,1,3,1,專家,???,小可愛GD髮型(男),52,130123403,10002106,79,190160103,1,190144089,1,1,0,190147470,1,190147487,1,1,0,0,0,0,0,0,0,0,0,0,0
130123401,1,1,2,1,3,1,專家,???,旋風髮型(男),53,130123401,10002106,77,190160103,1,190144089,1,1,0,190147470,1,190147487,1,1,0,0,0,0,0,0,0,0,0,0,0
130123003,1,1,2,1,3,1,專家,???,二分區式捲髮 (男),54,130123003,10002106,63,190160103,1,190144089,1,1,0,190147470,1,190147487,1,1,0,0,0,0,0,0,0,0,0,0,0
130123303,1,1,2,1,3,1,專家,???,天使髮型(男),55,130123303,10002106,75,190160103,1,190144089,1,1,0,190147470,1,190147487,1,1,0,0,0,0,0,0,0,0,0,0,0
130123301,1,1,2,1,3,1,專家,???,奧丁司捲髮,56,130123301,10002106,73,190160103,1,190144089,1,1,0,190147470,1,190147487,1,1,0,0,0,0,0,0,0,0,0,0,0
130123103,1,1,2,1,3,1,專家,???,小可愛短髮型,57,130123103,10002106,67,190160103,1,190144089,1,1,0,190147470,1,190147487,1,1,0,0,0,0,0,0,0,0,0,0,0
130123001,1,1,2,1,3,1,專家,???,絲柔滑順捲髮型,58,130123001,10002106,61,190160103,1,190144089,1,1,0,190147470,1,190147487,1,1,0,0,0,0,0,0,0,0,0,0,0
130123101,1,1,2,1,3,1,專家,???,酷炫挑染髮型,59,130123101,10002106,65,190160103,1,190144089,1,1,0,190147470,1,190147487,1,1,0,0,0,0,0,0,0,0,0,0,0
130122903,1,1,2,1,3,1,專家,???,酒紅色柔滑長直髮型(男),60,130122903,10002106,59,190160103,1,190144089,1,1,0,190147470,1,190147487,1,1,0,0,0,0,0,0,0,0,0,0,0
130122901,1,1,2,1,3,1,專家,???,自然泡麵捲髮型(男),61,130122901,10002106,57,190160103,1,190144089,1,1,0,190147470,1,190147487,1,1,0,0,0,0,0,0,0,0,0,0,0
130122803,1,1,2,1,3,1,專家,???,圓圓香菇頭髮型(男),62,130122803,10002106,55,190160103,1,190144089,1,1,0,190147470,1,190147487,1,1,0,0,0,0,0,0,0,0,0,0,0
130122801,1,1,2,1,3,1,專家,???,貴氣波浪捲髮型(男),63,130122801,10002106,53,190160103,1,190144089,1,1,0,190147470,1,190147487,1,1,0,0,0,0,0,0,0,0,0,0,0
130122701,1,1,2,1,3,1,專家,???,粉紅色華麗捲髮型(男),64,130122701,10002106,49,190160103,1,190144089,1,1,0,190147470,1,190147487,1,1,0,0,0,0,0,0,0,0,0,0,0
130122603,1,1,2,1,3,1,專家,???,時尚S型捲髮型(男),65,130122603,10002106,47,190160103,1,190144089,1,1,0,190147470,1,190147487,1,1,0,0,0,0,0,0,0,0,0,0,0
130131503,1,1,2,1,3,1,專家,???,浪漫波浪捲髮型 - 淺紫色,66,130131503,10002108,46,190160103,1,190144089,1,1,0,190147470,1,190147487,1,1,0,0,0,0,0,0,0,0,0,0,0
130122601,1,1,2,1,3,1,專家,???,浪漫波浪捲髮型(男),67,130122601,10002106,45,190160103,1,190144089,1,1,0,190147470,1,190147487,1,1,0,0,0,0,0,0,0,0,0,0,0
130122505,1,1,2,1,3,1,專家,???,小惡魔髮型(男),68,130122505,10002106,43,190160103,1,190144089,1,1,0,190147470,1,190147487,1,1,0,0,0,0,0,0,0,0,0,0,0
130131404,1,1,2,1,3,1,專家,???,包包頭 - 黃色,69,130131404,10002108,60,190160103,1,190144089,1,1,0,190147470,1,190147487,1,1,0,0,0,0,0,0,0,0,0,0,0
130122501,1,1,2,1,3,1,專家,???,氣質包頭髮型,70,130122501,10002106,39,190160103,1,190144089,1,1,0,190147470,1,190147487,1,1,0,0,0,0,0,0,0,0,0,0,0
130122503,1,1,2,1,3,1,專家,???,捲捲馬尾髮型,71,130122503,10002106,41,190160103,1,190144089,1,1,0,190147470,1,190147487,1,1,0,0,0,0,0,0,0,0,0,0,0
130122403,1,1,2,1,3,1,專家,???,銀色酷炫髮型,72,130122403,10002106,37,190160103,1,190144089,1,1,0,190147470,1,190147487,1,1,0,0,0,0,0,0,0,0,0,0,0
130121902,1,1,2,1,3,1,專家,???,金色短捲髮型,73,130121902,10002106,21,190160103,1,190144089,1,1,0,190147470,1,190147487,1,1,0,0,0,0,0,0,0,0,0,0,0
130122401,1,1,2,1,3,1,專家,???,金色公主捲髮型,74,130122401,10002106,32,190160103,1,190144089,1,1,0,190147470,1,190147487,1,1,0,0,0,0,0,0,0,0,0,0,0
130122402,1,1,2,1,3,1,專家,???,傑利髮型,75,130122402,10002106,33,190160103,1,190144089,1,1,0,190147470,1,190147487,1,1,0,0,0,0,0,0,0,0,0,0,0
130122301,1,1,2,1,3,1,專家,???,自然紫捲髮型,76,130122301,10002106,25,190160103,1,190144089,1,1,0,190147470,1,190147487,1,1,0,0,0,0,0,0,0,0,0,0,0
130122201,1,1,2,1,3,1,專家,???,喬安潘髮型,77,130122201,10002106,31,190160103,1,190144089,1,1,0,190147470,1,190147487,1,1,0,0,0,0,0,0,0,0,0,0,0
130122204,1,1,2,1,3,1,專家,???,羽毛剪短髮型,78,130122204,10002106,28,190160103,1,190144089,1,1,0,190147470,1,190147487,1,1,0,0,0,0,0,0,0,0,0,0,0
130131104,1,1,2,1,3,1,專家,???,羽毛剪短髮型 - 紅色,79,130131104,10002108,56,190160103,1,190144089,1,1,0,190147470,1,190147487,1,1,0,0,0,0,0,0,0,0,0,0,0
130122309,1,1,2,1,3,1,專家,???,深綠色綁兩邊髮型,80,130122309,10002106,36,190160103,1,190144089,1,1,0,190147470,1,190147487,1,1,0,0,0,0,0,0,0,0,0,0,0
130122306,1,1,2,1,3,1,專家,???,黑月公主髮型,81,130122306,10002106,35,190160103,1,190144089,1,1,0,190147470,1,190147487,1,1,0,0,0,0,0,0,0,0,0,0,0
130122209,1,1,2,1,3,1,專家,???,紫色造型短髮型,82,130122209,10002106,30,190160103,1,190144089,1,1,0,190147470,1,190147487,1,1,0,0,0,0,0,0,0,0,0,0,0
130122206,1,1,2,1,3,1,專家,???,淺紫色氣質髮型,83,130122206,10002106,34,190160103,1,190144089,1,1,0,190147470,1,190147487,1,1,0,0,0,0,0,0,0,0,0,0,0
130131004,1,1,2,1,3,1,專家,???,人魚公主捲髮型 - 白金,84,130131004,10002108,58,190160103,1,190144089,1,1,0,190147470,1,190147487,1,1,0,0,0,0,0,0,0,0,0,0,0
130122002,1,1,2,1,3,1,專家,???,人魚公主捲髮型,85,130122002,10002106,24,190160103,1,190144089,1,1,0,190147470,1,190147487,1,1,0,0,0,0,0,0,0,0,0,0,0
130122003,1,1,2,1,3,1,專家,???,俏麗捲髮型,86,130122003,10002106,26,190160103,1,190144089,1,1,0,190147470,1,190147487,1,1,0,0,0,0,0,0,0,0,0,0,0
130122109,1,1,2,1,3,1,專家,???,巫婆髮型,87,130122109,10002106,29,190160103,1,190144089,1,1,0,190147470,1,190147487,1,1,0,0,0,0,0,0,0,0,0,0,0
130121901,1,1,2,1,3,1,專家,???,捲捲刺蝟頭髮型,88,130121901,10002106,20,190160103,1,190144089,1,1,0,190147470,1,190147487,1,1,0,0,0,0,0,0,0,0,0,0,0
130121509,1,1,2,1,3,1,專家,???,黑色野狼髮型,89,130121509,10002106,12,190160103,1,190144089,1,1,0,190147470,1,190147487,1,1,0,0,0,0,0,0,0,0,0,0,0
130131103,1,1,2,1,3,1,專家,???,黑色野狼髮型 - 玫瑰,90,130131103,10002108,52,190160103,1,190144089,1,1,0,190147470,1,190147487,1,1,0,0,0,0,0,0,0,0,0,0,0
130121602,1,1,2,1,3,1,專家,???,德古拉金色髮型,91,130121602,10002106,14,190160103,1,190144089,1,1,0,190147470,1,190147487,1,1,0,0,0,0,0,0,0,0,0,0,0
130121703,1,1,2,1,3,1,專家,???,蘋果髮型,92,130121703,10002106,16,190160103,1,190144089,1,1,0,190147470,1,190147487,1,1,0,0,0,0,0,0,0,0,0,0,0
130121306,1,1,2,1,3,1,專家,???,銀色泡麵捲髮型,93,130121306,10002106,9,190160103,1,190144089,1,1,0,190147470,1,190147487,1,1,0,0,0,0,0,0,0,0,0,0,0
130121409,1,1,2,1,3,1,專家,???,貓王髮型,94,130121409,10002106,10,190160103,1,190144089,1,1,0,190147470,1,190147487,1,1,0,0,0,0,0,0,0,0,0,0,0
130121101,1,1,2,1,3,1,專家,???,褐色鳥尾巴髮型,95,130121101,10002106,4,190160103,1,190144089,1,1,0,190147470,1,190147487,1,1,0,0,0,0,0,0,0,0,0,0,0
130121209,1,1,2,1,3,1,專家,???,黑色酷哥髮型,96,130121209,10002106,6,190160103,1,190144089,1,1,0,190147470,1,190147487,1,1,0,0,0,0,0,0,0,0,0,0,0
130120905,1,1,2,1,3,1,專家,???,古典美人髮型,97,130120905,10002105,81,190160103,1,190144089,1,1,0,190147470,1,190147487,1,1,0,0,0,0,0,0,0,0,0,0,0
130121009,1,1,2,1,3,1,專家,???,狂野爆炸髮型,98,130121009,10002106,2,190160103,1,190144089,1,1,0,190147470,1,190147487,1,1,0,0,0,0,0,0,0,0,0,0,0
130120801,1,1,2,1,3,1,專家,???,龐克髮型,99,130120801,10002105,79,190160103,1,190144089,1,1,0,190147470,1,190147487,1,1,0,0,0,0,0,0,0,0,0,0,0
130120609,1,1,2,1,3,1,專家,???,龐克男野狼髮型,100,130120609,10002105,75,190160103,1,190144089,1,1,0,190147470,1,190147487,1,1,0,0,0,0,0,0,0,0,0,0,0
130120601,1,1,2,1,3,1,專家,???,俏甜心捲髮型,101,130120601,10002105,73,190160103,1,190144089,1,1,0,190147470,1,190147487,1,1,0,0,0,0,0,0,0,0,0,0,0
130120704,1,1,2,1,3,1,專家,???,西瓜皮髮型,102,130120704,10002105,77,190160103,1,190144089,1,1,0,190147470,1,190147487,1,1,0,0,0,0,0,0,0,0,0,0,0
130120502,1,1,2,1,3,1,專家,???,閃亮金色偶像髮型,103,130120502,10002105,69,190160103,1,190144089,1,1,0,190147470,1,190147487,1,1,0,0,0,0,0,0,0,0,0,0,0
130120506,1,1,2,1,3,1,專家,???,閃亮藍色偶像髮型,104,130120506,10002105,70,190160103,1,190144089,1,1,0,190147470,1,190147487,1,1,0,0,0,0,0,0,0,0,0,0,0
130120405,1,1,2,1,3,1,專家,???,翡翠綠貴公子髮型,105,130120405,10002105,67,190160103,1,190144089,1,1,0,190147470,1,190147487,1,1,0,0,0,0,0,0,0,0,0,0,0
130120406,1,1,2,1,3,1,專家,???,粉紅貴公子髮型,106,130120406,10002105,68,190160103,1,190144089,1,1,0,190147470,1,190147487,1,1,0,0,0,0,0,0,0,0,0,0,0
130120302,1,1,2,1,3,1,專家,???,孔雀開屏髮型,107,130120302,10002105,63,190160103,1,190144089,1,1,0,190147470,1,190147487,1,1,0,0,0,0,0,0,0,0,0,0,0
130120306,1,1,2,1,3,1,專家,???,海草髮型,108,130120306,10002105,64,190160103,1,190144089,1,1,0,190147470,1,190147487,1,1,0,0,0,0,0,0,0,0,0,0,0
130120203,1,1,2,1,3,1,專家,???,可愛辮子頭髮型,109,130120203,10002105,59,190160103,1,190144089,1,1,0,190147470,1,190147487,1,1,0,0,0,0,0,0,0,0,0,0,0
130120209,1,1,2,1,3,1,專家,???,辮子頭馬尾髮型,110,130120209,10002105,61,190160103,1,190144089,1,1,0,190147470,1,190147487,1,1,0,0,0,0,0,0,0,0,0,0,0
130120101,1,1,2,1,3,1,專家,???,粉紅藝術家髮型,111,130120101,10002105,55,190160103,1,190144089,1,1,0,190147470,1,190147487,1,1,0,0,0,0,0,0,0,0,0,0,0
130120102,1,1,2,1,3,1,專家,???,金色藝術家髮型,112,130120102,10002105,56,190160103,1,190144089,1,1,0,190147470,1,190147487,1,1,0,0,0,0,0,0,0,0,0,0,0
130124702,1,1,2,1,3,2,稀有,???,金色貴族髮型,1,130124702,10002107,61,190160122,1,190160124,1,1,0,190147475,1,190147492,1,1,0,0,0,0,0,0,0,0,0,0,0
130124703,1,1,2,1,3,2,稀有,???,銀色飄逸髮型,2,130124703,10002107,62,190160122,1,190160124,1,1,0,190147475,1,190147492,1,1,0,0,0,0,0,0,0,0,0,0,0
130124704,1,1,2,1,3,2,稀有,???,天藍色長髮,3,130124704,10002107,63,190160122,1,190160124,1,1,0,190147475,1,190147492,1,1,0,0,0,0,0,0,0,0,0,0,0
130124801,1,1,2,1,3,2,稀有,???,銀色隨興髮型,4,130124801,10002107,65,190160122,1,190160124,1,1,0,190147475,1,190147492,1,1,0,0,0,0,0,0,0,0,0,0,0
130130101,1,1,2,1,3,2,稀有,?? ????,貴族閃耀髮型(男),5,130130101,10002107,76,190160125,1,190147203,1,1,0,190147476,1,190147493,1,1,0,0,0,0,0,0,0,0,0,0,0
130130103,1,1,2,1,3,2,稀有,?? ????,絢麗彩色髮型(男),6,130130103,10002107,78,190160125,1,190147203,1,1,0,190147476,1,190147493,1,1,0,0,0,0,0,0,0,0,0,0,0
130130005,1,1,2,1,3,2,稀有,?? ????,小可愛髮型(男),7,130130005,10002107,80,190160125,1,190147203,1,1,0,190147476,1,190147493,1,1,0,0,0,0,0,0,0,0,0,0,0
130130201,1,1,2,1,3,2,稀有,?? ????,皇家精靈髮型(男),8,130130201,10002108,1,190160125,1,190147203,1,1,0,190147476,1,190147493,1,1,0,0,0,0,0,0,0,0,0,0,0
130130501,1,1,2,1,3,2,稀有,???,甜蜜大波浪髮型,9,130130501,10002108,16,190147030,1,190147586,1,1,0,190147477,1,190147494,1,1,0,0,0,0,0,0,0,0,0,0,0
130130503,1,1,2,1,3,2,稀有,???,甜蜜自然柔順髮型,10,130130503,10002108,18,190147030,1,190147586,1,1,0,190147477,1,190147494,1,1,0,0,0,0,0,0,0,0,0,0,0
130131701,1,1,2,1,3,2,稀有,???,甜蜜層次剪髮型,11,130131701,10002108,20,190147030,1,190147586,1,1,0,190147477,1,190147494,1,1,0,0,0,0,0,0,0,0,0,0,0
130131302,1,1,2,1,3,2,稀有,?? ??? ??,淡藍星星髮型 - 玫瑰金,12,130131302,10002108,28,190147272,1,190147290,1,1,0,190147478,1,190147495,1,1,0,0,0,0,0,0,0,0,0,0,0
130131203,1,1,2,1,3,2,稀有,?? ??? ??,銀河髮型 - 靛藍,13,130131203,10002108,30,190147272,1,190147290,1,1,0,190147478,1,190147495,1,1,0,0,0,0,0,0,0,0,0,0,0
130130901,1,1,2,1,3,2,稀有,?? ??? ??,可愛短髮 - 黑色,14,130130901,10002108,32,190147272,1,190147290,1,1,0,190147478,1,190147495,1,1,0,0,0,0,0,0,0,0,0,0,0
130132003,1,1,2,1,3,2,稀有,?? ??,時髦浪漫二分區髮型,15,130132003,10002108,80,190147625,1,190147626,1,1,0,190147627,1,190147628,1,1,0,0,0,0,0,0,0,0,0,0,0
130132004,1,1,2,1,3,2,稀有,?? ??,時髦A字瀏海定型髮型,16,130132004,10002108,81,190147625,1,190147626,1,1,0,190147627,1,190147628,1,1,0,0,0,0,0,0,0,0,0,0,0
130132005,1,1,2,1,3,2,稀有,?? ??,時髦後梳定型髮型,17,130132005,10002110,1,190147625,1,190147626,1,1,0,190147627,1,190147628,1,1,0,0,0,0,0,0,0,0,0,0,0
130200100,2,1,2,1,3,0,基本,??,可愛馬尾髮型,1,130200100,10002104,1,190160101,1,190180639,1,1,0,190147472,1,190147489,1,1,0,130200101,130200102,130200103,130200104,130200105,130200106,130200109,130200150,130200151,0
130200200,2,1,2,1,3,0,基本,??,公主頭髮型,2,130200200,10002104,10,190160101,1,190180639,1,1,0,190147472,1,190147489,1,1,0,130200201,130200202,130200203,130200204,130200205,130200206,130200209,130200250,130200251,0
130200300,2,1,2,1,3,0,基本,??,柔順捲髮型,3,130200300,10002104,19,190160101,1,190180639,1,1,0,190147472,1,190147489,1,1,0,130200301,130200302,130200303,130200304,130200305,130200306,130200309,130200350,130200351,0
130200400,2,1,2,1,3,0,基本,??,短髮髮型,4,130200400,10002104,28,190160101,1,190180639,1,1,0,190147472,1,190147489,1,1,0,130200401,130200402,130200403,130200404,130200405,130200406,130200409,130200450,130200451,0
130200500,2,1,2,1,3,0,基本,??,秀麗長髮髮型,5,130200500,10002104,37,190160101,1,190180639,1,1,0,190147472,1,190147489,1,1,0,130200501,130200502,130200503,130200504,130200505,130200506,130200509,130200550,130200551,0
130200600,2,1,2,1,3,0,基本,??,沖天砲髮型,6,130200600,10002104,46,190160101,1,190180639,1,1,0,190147472,1,190147489,1,1,0,130200601,130200602,130200603,130200604,130200605,130200606,130200609,130200650,130200651,0
130200700,2,1,2,1,3,0,基本,??,自然捲髮型,7,130200700,10002104,55,190160101,1,190180639,1,1,0,190147472,1,190147489,1,1,0,130200701,130200702,130200703,130200704,130200705,130200706,130200709,130200750,130200751,0
130200800,2,1,2,1,3,0,基本,??,直順長髮髮型,8,130200800,10002104,64,190160101,1,190180639,1,1,0,190147472,1,190147489,1,1,0,130200801,130200802,130200803,130200804,130200805,130200806,130200809,130200850,130200851,0
130200900,2,1,2,1,3,0,基本,??,馬尾髮型,9,130200900,10002104,73,190160101,1,190180639,1,1,0,190147472,1,190147489,1,1,0,130200901,130200902,130200903,130200904,130200905,130200906,130200909,130200950,130200951,0
130201000,2,1,2,1,3,0,基本,??,分兩邊馬尾髮型,10,130201000,10002105,28,190160101,1,190180639,1,1,0,190147472,1,190147489,1,1,0,130201001,130201002,130201003,130201004,130201005,130201006,130201009,130201050,130201051,0
130210200,2,1,2,1,3,0,基本,???,長襪子皮皮髮型,28,130210200,10002105,46,190160102,1,0,0,0,0,190147467,1,190147484,1,1,0,130210201,130210202,130210203,130210204,130210205,130210206,130210209,130210250,130210251,0
130210100,2,1,2,1,3,0,基本,???,可愛羽毛剪髮型,29,130210100,10002105,37,190160102,1,0,0,0,0,190147467,1,190147484,1,1,0,130210101,130210102,130210103,130210104,130210105,130210106,130210109,130210150,130210151,0
130232302,2,1,2,1,3,1,專家,???,波紋捲髮公主頭髮型,1,130232302,10002110,6,190160103,1,190144089,1,1,0,190147470,1,190147487,1,1,0,0,0,0,0,0,0,0,0,0,0
130232002,2,1,2,1,3,1,專家,???,喚雨淨使橙金色髮型 (女),2,130232002,10002108,79,190160103,1,190144089,1,1,0,190147470,1,190147487,1,1,0,0,0,0,0,0,0,0,0,0,0
130231904,2,1,2,1,3,1,專家,???,御風引者天藍色髮型 (女),3,130231904,10002108,77,190160103,1,190144089,1,1,0,190147470,1,190147487,1,1,0,0,0,0,0,0,0,0,0,0,0
130231902,2,1,2,1,3,1,專家,???,淡黃色髮夾短髮,4,130231902,10002108,63,190160103,1,190144089,1,1,0,190147470,1,190147487,1,1,0,0,0,0,0,0,0,0,0,0,0
130231802,2,1,2,1,3,1,專家,???,彩虹微捲髮型,5,130231802,10002108,27,190160103,1,190144089,1,1,0,190147470,1,190147487,1,1,0,0,0,0,0,0,0,0,0,0,0
130231705,2,1,2,1,3,1,專家,???,銀灰公主切髮型,6,130231705,10002108,25,190160103,1,190144089,1,1,0,190147470,1,190147487,1,1,0,0,0,0,0,0,0,0,0,0,0
130231804,2,1,2,1,3,1,專家,???,輕飄飄微風髮型,7,130231804,10002108,35,190160103,1,190144089,1,1,0,190147470,1,190147487,1,1,0,0,0,0,0,0,0,0,0,0,0
130231704,2,1,2,1,3,1,專家,???,雙色波浪捲髮型,8,130231704,10002108,23,190160103,1,190144089,1,1,0,190147470,1,190147487,1,1,0,0,0,0,0,0,0,0,0,0,0
130230405,2,1,2,1,3,1,專家,???,柔軟蓬鬆捲髮,9,130230405,10002108,15,190160103,1,190144089,1,1,0,190147470,1,190147487,1,1,0,0,0,0,0,0,0,0,0,0,0
130230403,2,1,2,1,3,1,專家,???,粉色雙包頭髮型,10,130230403,10002108,13,190160103,1,190144089,1,1,0,190147470,1,190147487,1,1,0,0,0,0,0,0,0,0,0,0,0
130230305,2,1,2,1,3,1,專家,???,奶油辮子髮型,11,130230305,10002108,8,190160103,1,190144089,1,1,0,190147470,1,190147487,1,1,0,0,0,0,0,0,0,0,0,0,0
130231305,2,1,2,1,3,1,專家,???,暗影行者波浪捲髮 - 沙棕色,12,130231305,10002108,43,190160103,1,190144089,1,1,0,190147470,1,190147487,1,1,0,0,0,0,0,0,0,0,0,0,0
130230304,2,1,2,1,3,1,專家,???,暗影行者波浪捲髮,13,130230304,10002108,11,190160103,1,190144089,1,1,0,190147470,1,190147487,1,1,0,0,0,0,0,0,0,0,0,0,0
130230302,2,1,2,1,3,1,專家,???,甜美公主頭,14,130230302,10002108,6,190160103,1,190144089,1,1,0,190147470,1,190147487,1,1,0,0,0,0,0,0,0,0,0,0,0
130230204,2,1,2,1,3,1,專家,???,魔法長馬尾(女),15,130230204,10002108,4,190160103,1,190144089,1,1,0,190147470,1,190147487,1,1,0,0,0,0,0,0,0,0,0,0,0
130230004,2,1,2,1,3,1,專家,???,淡藍星星雙馬尾髮型 (女),16,130230004,10002107,75,190160103,1,190144089,1,1,0,190147470,1,190147487,1,1,0,0,0,0,0,0,0,0,0,0,0
130230002,2,1,2,1,3,1,專家,???,藍紫挑染短髮,17,130230002,10002107,73,190160103,1,190144089,1,1,0,190147470,1,190147487,1,1,0,0,0,0,0,0,0,0,0,0,0
130225005,2,1,2,1,3,1,專家,???,冷都女的波浪捲髮,18,130225005,10002107,71,190160103,1,190144089,1,1,0,190147470,1,190147487,1,1,0,0,0,0,0,0,0,0,0,0,0
130230601,2,1,2,1,3,1,專家,???,冷都女的波浪捲髮 - 白金,19,130230601,10002108,41,190160103,1,190144089,1,1,0,190147470,1,190147487,1,1,0,0,0,0,0,0,0,0,0,0,0
130224803,2,1,2,1,3,1,專家,???,寶石之星閃耀髮型(女),20,130224803,10002107,67,190160103,1,190144089,1,1,0,190147470,1,190147487,1,1,0,0,0,0,0,0,0,0,0,0,0
130224805,2,1,2,1,3,1,專家,???,光頭(女),21,130224805,10002107,69,190160103,1,190144089,1,1,0,190147470,1,190147487,1,1,0,0,0,0,0,0,0,0,0,0,0
130224602,2,1,2,1,3,1,專家,???,歐若拉星星髮型(女),22,130224602,10002107,56,190160103,1,190144089,1,1,0,190147470,1,190147487,1,1,0,0,0,0,0,0,0,0,0,0,0
130224505,2,1,2,1,3,1,專家,???,自由奔放長髮,23,130224505,10002107,54,190160103,1,190144089,1,1,0,190147470,1,190147487,1,1,0,0,0,0,0,0,0,0,0,0,0
130224504,2,1,2,1,3,1,專家,???,霧粉浪漫捲髮,24,130224504,10002107,52,190160103,1,190144089,1,1,0,190147470,1,190147487,1,1,0,0,0,0,0,0,0,0,0,0,0
130124103,2,1,2,1,3,1,專家,???,巴勒夏髮型,25,130124103,10002107,34,190160103,1,190144089,1,1,0,190147470,1,190147487,1,1,0,0,0,0,0,0,0,0,0,0,0
130224502,2,1,2,1,3,1,專家,???,終結者(女),26,130224502,10002107,50,190160103,1,190144089,1,1,0,190147470,1,190147487,1,1,0,0,0,0,0,0,0,0,0,0,0
130224404,2,1,2,1,3,1,專家,???,可愛妹妹頭,27,130224404,10002107,48,190160103,1,190144089,1,1,0,190147470,1,190147487,1,1,0,0,0,0,0,0,0,0,0,0,0
130224402,2,1,2,1,3,1,專家,???,紫色半丸子頭,28,130224402,10002107,46,190160103,1,190144089,1,1,0,190147470,1,190147487,1,1,0,0,0,0,0,0,0,0,0,0,0
130224305,2,1,2,1,3,1,專家,???,白狼髮型 (女),29,130224305,10002107,44,190160103,1,190144089,1,1,0,190147470,1,190147487,1,1,0,0,0,0,0,0,0,0,0,0,0
130224304,2,1,2,1,3,1,專家,???,火神髮型 (女),30,130224304,10002107,42,190160103,1,190144089,1,1,0,190147470,1,190147487,1,1,0,0,0,0,0,0,0,0,0,0,0
130224302,2,1,2,1,3,1,專家,???,甜甜糖果,31,130224302,10002107,40,190160103,1,190144089,1,1,0,190147470,1,190147487,1,1,0,0,0,0,0,0,0,0,0,0,0
130224202,2,1,2,1,3,1,專家,???,粉紅緞帶髮型,32,130224202,10002107,36,190160103,1,190144089,1,1,0,190147470,1,190147487,1,1,0,0,0,0,0,0,0,0,0,0,0
130224104,2,1,2,1,3,1,專家,???,佩爾髮型(女),33,130224104,10002107,33,190160103,1,190144089,1,1,0,190147470,1,190147487,1,1,0,0,0,0,0,0,0,0,0,0,0
130224105,2,1,2,1,3,1,專家,???,莉茲髮型(女),34,130224105,10002107,32,190160103,1,190144089,1,1,0,190147470,1,190147487,1,1,0,0,0,0,0,0,0,0,0,0,0
130224204,2,1,2,1,3,1,專家,???,可愛狐狸髮型,35,130224204,10002107,38,190160103,1,190144089,1,1,0,190147470,1,190147487,1,1,0,0,0,0,0,0,0,0,0,0,0
130224102,2,1,2,1,3,1,專家,???,白色Fury髮型,36,130224102,10002107,31,190160103,1,190144089,1,1,0,190147470,1,190147487,1,1,0,0,0,0,0,0,0,0,0,0,0
130224004,2,1,2,1,3,1,專家,???,桃色緞帶波浪捲,37,130224004,10002107,29,190160103,1,190144089,1,1,0,190147470,1,190147487,1,1,0,0,0,0,0,0,0,0,0,0,0
130224002,2,1,2,1,3,1,專家,???,gradation波浪捲,38,130224002,10002107,27,190160103,1,190144089,1,1,0,190147470,1,190147487,1,1,0,0,0,0,0,0,0,0,0,0,0
130223904,2,1,2,1,3,1,專家,???,性感微捲短髮,39,130223904,10002107,25,190160103,1,190144089,1,1,0,190147470,1,190147487,1,1,0,0,0,0,0,0,0,0,0,0,0
130223602,2,1,2,1,3,1,專家,???,女神微捲長髮,40,130223602,10002107,7,190160103,1,190144089,1,1,0,190147470,1,190147487,1,1,0,0,0,0,0,0,0,0,0,0,0
130223204,2,1,2,1,3,1,專家,???,高貴雙馬尾,41,130223204,10002106,72,190160103,1,190144089,1,1,0,190147470,1,190147487,1,1,0,0,0,0,0,0,0,0,0,0,0
130223902,2,1,2,1,3,1,專家,???,東洋風長髮,42,130223902,10002107,23,190160103,1,190144089,1,1,0,190147470,1,190147487,1,1,0,0,0,0,0,0,0,0,0,0,0
130223802,2,1,2,1,3,1,專家,???,可愛貓咪髮型,43,130223802,10002107,17,190160103,1,190144089,1,1,0,190147470,1,190147487,1,1,0,0,0,0,0,0,0,0,0,0,0
130223804,2,1,2,1,3,1,專家,???,銀河髮型,44,130223804,10002107,19,190160103,1,190144089,1,1,0,190147470,1,190147487,1,1,0,0,0,0,0,0,0,0,0,0,0
130223702,2,1,2,1,3,1,專家,???,狂野雙色長髮,45,130223702,10002107,11,190160103,1,190144089,1,1,0,190147470,1,190147487,1,1,0,0,0,0,0,0,0,0,0,0,0
130223604,2,1,2,1,3,1,專家,???,捲捲雙馬尾髮型,46,130223604,10002107,9,190160103,1,190144089,1,1,0,190147470,1,190147487,1,1,0,0,0,0,0,0,0,0,0,0,0
130223704,2,1,2,1,3,1,專家,???,銀色長捲髮,47,130223704,10002107,13,190160103,1,190144089,1,1,0,190147470,1,190147487,1,1,0,0,0,0,0,0,0,0,0,0,0
130223505,2,1,2,1,3,1,專家,???,法式浪漫雙馬尾,48,130223505,10002107,1,190160103,1,190144089,1,1,0,190147470,1,190147487,1,1,0,0,0,0,0,0,0,0,0,0,0
130223504,2,1,2,1,3,1,專家,???,很可愛的蘋果髮型,49,130223504,10002107,5,190160103,1,190144089,1,1,0,190147470,1,190147487,1,1,0,0,0,0,0,0,0,0,0,0,0
130223502,2,1,2,1,3,1,專家,???,Funky尼加拉捲髮,50,130223502,10002107,3,190160103,1,190144089,1,1,0,190147470,1,190147487,1,1,0,0,0,0,0,0,0,0,0,0,0
130222704,2,1,2,1,3,1,專家,???,閃耀音樂家髮型,51,130222704,10002106,52,190160103,1,190144089,1,1,0,190147470,1,190147487,1,1,0,0,0,0,0,0,0,0,0,0,0
130223404,2,1,2,1,3,1,專家,???,可愛的雙馬尾髮型(女),52,130223404,10002106,80,190160103,1,190144089,1,1,0,190147470,1,190147487,1,1,0,0,0,0,0,0,0,0,0,0,0
130223402,2,1,2,1,3,1,專家,???,小可愛糖果捲髮 (女),53,130223402,10002106,78,190160103,1,190144089,1,1,0,190147470,1,190147487,1,1,0,0,0,0,0,0,0,0,0,0,0
130223004,2,1,2,1,3,1,專家,???,紅色捲髮 (女),54,130223004,10002106,64,190160103,1,190144089,1,1,0,190147470,1,190147487,1,1,0,0,0,0,0,0,0,0,0,0,0
130223304,2,1,2,1,3,1,專家,???,天使髮型(女),55,130223304,10002106,76,190160103,1,190144089,1,1,0,190147470,1,190147487,1,1,0,0,0,0,0,0,0,0,0,0,0
130223302,2,1,2,1,3,1,專家,???,可愛的雙馬尾捲髮,56,130223302,10002106,74,190160103,1,190144089,1,1,0,190147470,1,190147487,1,1,0,0,0,0,0,0,0,0,0,0,0
130223104,2,1,2,1,3,1,專家,???,小可愛短髮型,57,130223104,10002106,68,190160103,1,190144089,1,1,0,190147470,1,190147487,1,1,0,0,0,0,0,0,0,0,0,0,0
130223002,2,1,2,1,3,1,專家,???,絲柔滑順捲髮型,58,130223002,10002106,62,190160103,1,190144089,1,1,0,190147470,1,190147487,1,1,0,0,0,0,0,0,0,0,0,0,0
130223102,2,1,2,1,3,1,專家,???,酷炫挑染髮型,59,130223102,10002106,66,190160103,1,190144089,1,1,0,190147470,1,190147487,1,1,0,0,0,0,0,0,0,0,0,0,0
130222904,2,1,2,1,3,1,專家,???,酒紅色柔滑長直髮型(女),60,130222904,10002106,60,190160103,1,190144089,1,1,0,190147470,1,190147487,1,1,0,0,0,0,0,0,0,0,0,0,0
130222902,2,1,2,1,3,1,專家,???,自然泡麵捲髮型(女),61,130222902,10002106,58,190160103,1,190144089,1,1,0,190147470,1,190147487,1,1,0,0,0,0,0,0,0,0,0,0,0
130222804,2,1,2,1,3,1,專家,???,圓圓香菇頭髮型(女),62,130222804,10002106,56,190160103,1,190144089,1,1,0,190147470,1,190147487,1,1,0,0,0,0,0,0,0,0,0,0,0
130222802,2,1,2,1,3,1,專家,???,貴氣波浪捲髮型(女),63,130222802,10002106,54,190160103,1,190144089,1,1,0,190147470,1,190147487,1,1,0,0,0,0,0,0,0,0,0,0,0
130222702,2,1,2,1,3,1,專家,???,粉紅色華麗捲髮型(女),64,130222702,10002106,50,190160103,1,190144089,1,1,0,190147470,1,190147487,1,1,0,0,0,0,0,0,0,0,0,0,0
130222604,2,1,2,1,3,1,專家,???,時尚S型捲髮型(女),65,130222604,10002106,48,190160103,1,190144089,1,1,0,190147470,1,190147487,1,1,0,0,0,0,0,0,0,0,0,0,0
130231403,2,1,2,1,3,1,專家,???,浪漫波浪捲髮型 - 淺紫色,66,130231403,10002108,47,190160103,1,190144089,1,1,0,190147470,1,190147487,1,1,0,0,0,0,0,0,0,0,0,0,0
130222602,2,1,2,1,3,1,專家,???,浪漫波浪捲髮型(女),67,130222602,10002106,46,190160103,1,190144089,1,1,0,190147470,1,190147487,1,1,0,0,0,0,0,0,0,0,0,0,0
130222506,2,1,2,1,3,1,專家,???,小惡魔髮型(女),68,130222506,10002106,44,190160103,1,190144089,1,1,0,190147470,1,190147487,1,1,0,0,0,0,0,0,0,0,0,0,0
130231501,2,1,2,1,3,1,專家,???,包包頭 - 黃色,69,130231501,10002108,61,190160103,1,190144089,1,1,0,190147470,1,190147487,1,1,0,0,0,0,0,0,0,0,0,0,0
130222502,2,1,2,1,3,1,專家,???,氣質包頭髮型,70,130222502,10002106,40,190160103,1,190144089,1,1,0,190147470,1,190147487,1,1,0,0,0,0,0,0,0,0,0,0,0
130222504,2,1,2,1,3,1,專家,???,捲捲馬尾髮型,71,130222504,10002106,42,190160103,1,190144089,1,1,0,190147470,1,190147487,1,1,0,0,0,0,0,0,0,0,0,0,0
130222404,2,1,2,1,3,1,專家,???,銀色酷炫髮型,72,130222404,10002106,38,190160103,1,190144089,1,1,0,190147470,1,190147487,1,1,0,0,0,0,0,0,0,0,0,0,0
130221902,2,1,2,1,3,1,專家,???,金色短捲髮型,73,130221902,10002106,21,190160103,1,190144089,1,1,0,190147470,1,190147487,1,1,0,0,0,0,0,0,0,0,0,0,0
130222401,2,1,2,1,3,1,專家,???,金色公主捲髮型,74,130222401,10002106,32,190160103,1,190144089,1,1,0,190147470,1,190147487,1,1,0,0,0,0,0,0,0,0,0,0,0
130222402,2,1,2,1,3,1,專家,???,傑利髮型,75,130222402,10002106,33,190160103,1,190144089,1,1,0,190147470,1,190147487,1,1,0,0,0,0,0,0,0,0,0,0,0
130222301,2,1,2,1,3,1,專家,???,自然紫捲髮型,76,130222301,10002106,25,190160103,1,190144089,1,1,0,190147470,1,190147487,1,1,0,0,0,0,0,0,0,0,0,0,0
130222201,2,1,2,1,3,1,專家,???,喬安潘髮型,77,130222201,10002106,31,190160103,1,190144089,1,1,0,190147470,1,190147487,1,1,0,0,0,0,0,0,0,0,0,0,0
130222204,2,1,2,1,3,1,專家,???,羽毛剪短髮型,78,130222204,10002106,28,190160103,1,190144089,1,1,0,190147470,1,190147487,1,1,0,0,0,0,0,0,0,0,0,0,0
130231104,2,1,2,1,3,1,專家,???,羽毛剪短髮型 - 紅色,79,130231104,10002108,56,190160103,1,190144089,1,1,0,190147470,1,190147487,1,1,0,0,0,0,0,0,0,0,0,0,0
130222309,2,1,2,1,3,1,專家,???,深綠色綁兩邊髮型,80,130222309,10002106,36,190160103,1,190144089,1,1,0,190147470,1,190147487,1,1,0,0,0,0,0,0,0,0,0,0,0
130222306,2,1,2,1,3,1,專家,???,黑月公主髮型,81,130222306,10002106,35,190160103,1,190144089,1,1,0,190147470,1,190147487,1,1,0,0,0,0,0,0,0,0,0,0,0
130222209,2,1,2,1,3,1,專家,???,紫色造型短髮型,82,130222209,10002106,30,190160103,1,190144089,1,1,0,190147470,1,190147487,1,1,0,0,0,0,0,0,0,0,0,0,0
130222206,2,1,2,1,3,1,專家,???,淺紫色氣質髮型,83,130222206,10002106,34,190160103,1,190144089,1,1,0,190147470,1,190147487,1,1,0,0,0,0,0,0,0,0,0,0,0
130231004,2,1,2,1,3,1,專家,???,人魚公主捲髮型 - 白金,84,130231004,10002108,58,190160103,1,190144089,1,1,0,190147470,1,190147487,1,1,0,0,0,0,0,0,0,0,0,0,0
130222002,2,1,2,1,3,1,專家,???,人魚公主捲髮型,85,130222002,10002106,24,190160103,1,190144089,1,1,0,190147470,1,190147487,1,1,0,0,0,0,0,0,0,0,0,0,0
130222003,2,1,2,1,3,1,專家,???,俏麗捲髮型,86,130222003,10002106,26,190160103,1,190144089,1,1,0,190147470,1,190147487,1,1,0,0,0,0,0,0,0,0,0,0,0
130222109,2,1,2,1,3,1,專家,???,巫婆髮型,87,130222109,10002106,29,190160103,1,190144089,1,1,0,190147470,1,190147487,1,1,0,0,0,0,0,0,0,0,0,0,0
130221806,2,1,2,1,3,1,專家,???,蘿莉塔紫色髮型,88,130221806,10002106,19,190160103,1,190144089,1,1,0,190147470,1,190147487,1,1,0,0,0,0,0,0,0,0,0,0,0
130221505,2,1,2,1,3,1,專家,???,香草霜淇淋髮型,89,130221505,10002106,13,190160103,1,190144089,1,1,0,190147470,1,190147487,1,1,0,0,0,0,0,0,0,0,0,0,0
130231101,2,1,2,1,3,1,專家,???,香草霜淇淋髮型 - 綠色,90,130231101,10002108,53,190160103,1,190144089,1,1,0,190147470,1,190147487,1,1,0,0,0,0,0,0,0,0,0,0,0
130221605,2,1,2,1,3,1,專家,???,吸血鬼髮型,91,130221605,10002106,15,190160103,1,190144089,1,1,0,190147470,1,190147487,1,1,0,0,0,0,0,0,0,0,0,0,0
130221703,2,1,2,1,3,1,專家,???,蘋果髮型,92,130221703,10002106,17,190160103,1,190144089,1,1,0,190147470,1,190147487,1,1,0,0,0,0,0,0,0,0,0,0,0
130221305,2,1,2,1,3,1,專家,???,翠玉白菜髮型,93,130221305,10002106,8,190160103,1,190144089,1,1,0,190147470,1,190147487,1,1,0,0,0,0,0,0,0,0,0,0,0
130221409,2,1,2,1,3,1,專家,???,可愛紫紅色髮型,94,130221409,10002106,11,190160103,1,190144089,1,1,0,190147470,1,190147487,1,1,0,0,0,0,0,0,0,0,0,0,0
130221106,2,1,2,1,3,1,專家,???,藍色明星髮型,95,130221106,10002106,5,190160103,1,190144089,1,1,0,190147470,1,190147487,1,1,0,0,0,0,0,0,0,0,0,0,0
130221202,2,1,2,1,3,1,專家,???,金黃色貴族捲髮型,96,130221202,10002106,7,190160103,1,190144089,1,1,0,190147470,1,190147487,1,1,0,0,0,0,0,0,0,0,0,0,0
130220906,2,1,2,1,3,1,專家,???,海洋藍澎澎捲髮型,97,130220906,10002106,1,190160103,1,190144089,1,1,0,190147470,1,190147487,1,1,0,0,0,0,0,0,0,0,0,0,0
130221009,2,1,2,1,3,1,專家,???,可愛巨星捲髮型,98,130221009,10002106,3,190160103,1,190144089,1,1,0,190147470,1,190147487,1,1,0,0,0,0,0,0,0,0,0,0,0
130220801,2,1,2,1,3,1,專家,???,龐克髮型,99,130220801,10002105,80,190160103,1,190144089,1,1,0,190147470,1,190147487,1,1,0,0,0,0,0,0,0,0,0,0,0
130220609,2,1,2,1,3,1,專家,???,酷妹野狼髮型,100,130220609,10002105,76,190160103,1,190144089,1,1,0,190147470,1,190147487,1,1,0,0,0,0,0,0,0,0,0,0,0
130220601,2,1,2,1,3,1,專家,???,俏甜心捲髮型,101,130220601,10002105,74,190160103,1,190144089,1,1,0,190147470,1,190147487,1,1,0,0,0,0,0,0,0,0,0,0,0
130220704,2,1,2,1,3,1,專家,???,西瓜皮髮型,102,130220704,10002105,78,190160103,1,190144089,1,1,0,190147470,1,190147487,1,1,0,0,0,0,0,0,0,0,0,0,0
130220503,2,1,2,1,3,1,專家,???,亮粉紅華麗捲髮型,103,130220503,10002107,20,190160103,1,190144089,1,1,0,190147470,1,190147487,1,1,0,0,0,0,0,0,0,0,0,0,0
130220506,2,1,2,1,3,1,專家,???,淡藍色華麗捲髮型,104,130220506,10002107,21,190160103,1,190144089,1,1,0,190147470,1,190147487,1,1,0,0,0,0,0,0,0,0,0,0,0
130220405,2,1,2,1,3,1,專家,???,翡翠綠公主捲髮型,105,130220405,10002105,71,190160103,1,190144089,1,1,0,190147470,1,190147487,1,1,0,0,0,0,0,0,0,0,0,0,0
130220406,2,1,2,1,3,1,專家,???,粉色公主捲髮型,106,130220406,10002105,72,190160103,1,190144089,1,1,0,190147470,1,190147487,1,1,0,0,0,0,0,0,0,0,0,0,0
130220302,2,1,2,1,3,1,專家,???,精靈髮型,107,130220302,10002105,65,190160103,1,190144089,1,1,0,190147470,1,190147487,1,1,0,0,0,0,0,0,0,0,0,0,0
130220306,2,1,2,1,3,1,專家,???,女神髮型,108,130220306,10002105,66,190160103,1,190144089,1,1,0,190147470,1,190147487,1,1,0,0,0,0,0,0,0,0,0,0,0
130220203,2,1,2,1,3,1,專家,???,狂野辮子頭髮型,109,130220203,10002105,60,190160103,1,190144089,1,1,0,190147470,1,190147487,1,1,0,0,0,0,0,0,0,0,0,0,0
130220205,2,1,2,1,3,1,專家,???,性感辮子頭髮型,110,130220205,10002105,62,190160103,1,190144089,1,1,0,190147470,1,190147487,1,1,0,0,0,0,0,0,0,0,0,0,0
130220101,2,1,2,1,3,1,專家,???,粉色浪漫捲捲髮型,111,130220101,10002105,57,190160103,1,190144089,1,1,0,190147470,1,190147487,1,1,0,0,0,0,0,0,0,0,0,0,0
130220102,2,1,2,1,3,1,專家,???,黃色浪漫捲髮型,112,130220102,10002105,58,190160103,1,190144089,1,1,0,190147470,1,190147487,1,1,0,0,0,0,0,0,0,0,0,0,0
130224604,2,1,2,1,3,2,稀有,???,小仙女馬尾,1,130224604,10002107,58,190160122,1,190160124,1,1,0,190147475,1,190147492,1,1,0,0,0,0,0,0,0,0,0,0,0
130224603,2,1,2,1,3,2,稀有,???,粉紅甜心捲髮,2,130224603,10002107,57,190160122,1,190160124,1,1,0,190147475,1,190147492,1,1,0,0,0,0,0,0,0,0,0,0,0
130224605,2,1,2,1,3,2,稀有,???,愛心波浪捲髮,3,130224605,10002107,59,190160122,1,190160124,1,1,0,190147475,1,190147492,1,1,0,0,0,0,0,0,0,0,0,0,0
130224701,2,1,2,1,3,2,稀有,???,紫灰色貴族髮型,4,130224701,10002107,60,190160122,1,190160124,1,1,0,190147475,1,190147492,1,1,0,0,0,0,0,0,0,0,0,0,0
130230102,2,1,2,1,3,2,稀有,?? ????,貴族閃耀髮型(女),5,130230102,10002107,77,190160125,1,190147203,1,1,0,190147476,1,190147493,1,1,0,0,0,0,0,0,0,0,0,0,0
130230104,2,1,2,1,3,2,稀有,?? ????,絢麗彩色髮型(女),6,130230104,10002107,79,190160125,1,190147203,1,1,0,190147476,1,190147493,1,1,0,0,0,0,0,0,0,0,0,0,0
130230105,2,1,2,1,3,2,稀有,?? ????,小可愛髮型(女),7,130230105,10002107,81,190160125,1,190147203,1,1,0,190147476,1,190147493,1,1,0,0,0,0,0,0,0,0,0,0,0
130230202,2,1,2,1,3,2,稀有,?? ????,皇家精靈髮型(女),8,130230202,10002108,2,190160125,1,190147203,1,1,0,190147476,1,190147493,1,1,0,0,0,0,0,0,0,0,0,0,0
130230502,2,1,2,1,3,2,稀有,???,甜蜜雙馬尾髮型,9,130230502,10002108,17,190147030,1,190147586,1,1,0,190147477,1,190147494,1,1,0,0,0,0,0,0,0,0,0,0,0
130230504,2,1,2,1,3,2,稀有,???,甜蜜自然綁髮髮型,10,130230504,10002108,19,190147030,1,190147586,1,1,0,190147477,1,190147494,1,1,0,0,0,0,0,0,0,0,0,0,0
130231702,2,1,2,1,3,2,稀有,???,甜蜜短髮髮型,11,130231702,10002108,21,190147030,1,190147586,1,1,0,190147477,1,190147494,1,1,0,0,0,0,0,0,0,0,0,0,0
130231303,2,1,2,1,3,2,稀有,?? ??? ??,淡藍星星雙馬尾髮型_玫瑰金,12,130231303,10002108,29,190147272,1,190147290,1,1,0,190147478,1,190147495,1,1,0,0,0,0,0,0,0,0,0,0,0
130231204,2,1,2,1,3,2,稀有,?? ??? ??,銀河髮型 - 靛藍,13,130231204,10002108,31,190147272,1,190147290,1,1,0,190147478,1,190147495,1,1,0,0,0,0,0,0,0,0,0,0,0
130230603,2,1,2,1,3,2,稀有,?? ??? ??,可愛短髮 - 黑色,14,130230603,10002108,33,190147272,1,190147290,1,1,0,190147478,1,190147495,1,1,0,0,0,0,0,0,0,0,0,0,0
130232101,2,1,2,1,3,2,稀有,?? ??,時髦直瀏海髮型,15,130232101,10002110,2,190147625,1,190147626,1,1,0,190147627,1,190147628,1,1,0,0,0,0,0,0,0,0,0,0,0
130232102,2,1,2,1,3,2,稀有,?? ??,時髦微捲短髮髮型,16,130232102,10002110,3,190147625,1,190147626,1,1,0,190147627,1,190147628,1,1,0,0,0,0,0,0,0,0,0,0,0
130232103,2,1,2,1,3,2,稀有,?? ??,時髦波紋捲髮髮型,17,130232103,10002110,4,190147625,1,190147626,1,1,0,190147627,1,190147628,1,1,0,0,0,0,0,0,0,0,0,0,0
140100100,1,1,2,3,4,0,基本,??,疲憊眼睛,1,140100100,10002100,1,190160301,1,190180640,1,1,0,190147473,1,190147490,1,1,0,140100101,140100102,140100103,140100104,140100105,140100150,140100151,140100152,0,0
140100200,1,1,2,3,4,0,基本,??,貓咪眼睛,2,140100200,10002100,9,190160301,1,190180640,1,1,0,190147473,1,190147490,1,1,0,140100201,140100202,140100203,140100204,140100205,140100250,140100251,140100252,0,0
140100300,1,1,2,3,4,0,基本,??,銳利眼睛,3,140100300,10002100,17,190160301,1,190180640,1,1,0,190147473,1,190147490,1,1,0,140100301,140100302,140100303,140100304,140100305,140100350,140100351,140100352,0,0
140100400,1,1,2,3,4,0,基本,??,和善眼睛,4,140100400,10002100,25,190160301,1,190180640,1,1,0,190147473,1,190147490,1,1,0,140100401,140100402,140100403,140100404,140100405,140100450,140100451,140100452,0,0
140100500,1,1,2,3,4,0,基本,??,睡眼惺忪眼睛,5,140100500,10002100,33,190160301,1,190180640,1,1,0,190147473,1,190147490,1,1,0,140100501,140100502,140100503,140100504,140100505,140100550,140100551,140100552,0,0
140100600,1,1,2,3,4,0,基本,??,綠豆眼,43,140100600,10002100,41,190160301,1,190180640,1,1,0,190147473,1,190147490,1,1,0,140100601,140100602,140100603,140100604,140100605,140100650,140100651,140100652,0,0
140100700,1,1,2,3,4,0,基本,??,半月型眼睛,44,140100700,10002100,49,190160301,1,190180640,1,1,0,190147473,1,190147490,1,1,0,140100701,140100702,140100703,140100704,140100705,140100750,140100751,140100752,0,0
140110100,1,1,2,3,4,0,基本,???,銅鈴大眼,45,140110100,10002100,57,190160302,1,0,0,0,0,190147468,1,190147485,1,1,0,140110101,140110102,140110103,140110104,140110105,140110150,140110151,140110152,0,0
140123303,1,1,2,3,4,1,專家,???,喚雨淨使雙色眼睛 (男),1,140123303,10002102,61,190160303,1,190160313,1,1,0,190147471,1,190147488,1,1,0,0,0,0,0,0,0,0,0,0,0
140123301,1,1,2,3,4,1,專家,???,御風引者雙色眼睛 (男),2,140123301,10002102,59,190160303,1,190160313,1,1,0,190147471,1,190147488,1,1,0,0,0,0,0,0,0,0,0,0,0
140122803,1,1,2,3,4,1,專家,???,深棕色眼睛,3,140122803,10002102,37,190160303,1,190160313,1,1,0,190147471,1,190147488,1,1,0,0,0,0,0,0,0,0,0,0,0
140122801,1,1,2,3,4,1,專家,???,暗影行者紅色雙瞳 (男),4,140122801,10002102,35,190160303,1,190160313,1,1,0,190147471,1,190147488,1,1,0,0,0,0,0,0,0,0,0,0,0
140122704,1,1,2,3,4,1,專家,???,寶石之星異色瞳 (男),5,140122704,10002102,33,190160303,1,190160313,1,1,0,190147471,1,190147488,1,1,0,0,0,0,0,0,0,0,0,0,0
140122903,1,1,2,3,4,1,專家,???,剃眉雙色眼睛 - 橄欖綠,3,140122903,10002102,57,190160303,1,190160313,1,1,0,190147471,1,190147488,1,1,0,0,0,0,0,0,0,0,0,0,0
140122701,1,1,2,3,4,1,專家,???,剃眉雙色眼睛,6,140122701,10002102,31,190160303,1,190160313,1,1,0,190147471,1,190147488,1,1,0,0,0,0,0,0,0,0,0,0,0
140122603,1,1,2,3,4,1,專家,???,火神之眼 (男),7,140122603,10002102,29,190160303,1,190160313,1,1,0,190147471,1,190147488,1,1,0,0,0,0,0,0,0,0,0,0,0
140122601,1,1,2,3,4,1,專家,???,翡翠綠王子眼睛,8,140122601,10002102,27,190160303,1,190160313,1,1,0,190147471,1,190147488,1,1,0,0,0,0,0,0,0,0,0,0,0
140123101,1,1,2,3,4,1,專家,???,可愛時尚眼睛(男) - 金色,3,140123101,10002102,43,190160303,1,190160313,1,1,0,190147471,1,190147488,1,1,0,0,0,0,0,0,0,0,0,0,0
140122503,1,1,2,3,4,1,專家,???,可愛狐狸眼,10,140122503,10002102,25,190160303,1,190160313,1,1,0,190147471,1,190147488,1,1,0,0,0,0,0,0,0,0,0,0,0
140122501,1,1,2,3,4,1,專家,???,Fury眼,11,140122501,10002102,23,190160303,1,190160313,1,1,0,190147471,1,190147488,1,1,0,0,0,0,0,0,0,0,0,0,0
140122403,1,1,2,3,4,1,專家,???,提督的雙色眼睛,12,140122403,10002102,21,190160303,1,190160313,1,1,0,190147471,1,190147488,1,1,0,0,0,0,0,0,0,0,0,0,0
140122305,1,1,2,3,4,1,專家,???,懶洋洋的綠色眼,13,140122305,10002102,16,190160303,1,190160313,1,1,0,190147471,1,190147488,1,1,0,0,0,0,0,0,0,0,0,0,0
140122401,1,1,2,3,4,1,專家,???,高貴的眼睛,14,140122401,10002102,19,190160303,1,190160313,1,1,0,190147471,1,190147488,1,1,0,0,0,0,0,0,0,0,0,0,0
140123203,1,1,2,3,4,1,專家,???,神秘藍眼睛 - 紅色,3,140123203,10002102,49,190160303,1,190160313,1,1,0,190147471,1,190147488,1,1,0,0,0,0,0,0,0,0,0,0,0
140122303,1,1,2,3,4,1,專家,???,神秘藍眼睛,16,140122303,10002102,17,190160303,1,190160313,1,1,0,190147471,1,190147488,1,1,0,0,0,0,0,0,0,0,0,0,0
140122201,1,1,2,3,4,1,專家,???,愛心眼睛,17,140122201,10002102,13,190160303,1,190160313,1,1,0,190147471,1,190147488,1,1,0,0,0,0,0,0,0,0,0,0,0
140122203,1,1,2,3,4,1,專家,???,小龍眼睛,18,140122203,10002102,15,190160303,1,190160313,1,1,0,190147471,1,190147488,1,1,0,0,0,0,0,0,0,0,0,0,0
140122103,1,1,2,3,4,1,專家,???,透明紫色眼睛,19,140122103,10002102,11,190160303,1,190160313,1,1,0,190147471,1,190147488,1,1,0,0,0,0,0,0,0,0,0,0,0
140122101,1,1,2,3,4,1,專家,???,神秘的紅色眼睛,20,140122101,10002102,9,190160303,1,190160313,1,1,0,190147471,1,190147488,1,1,0,0,0,0,0,0,0,0,0,0,0
140121901,1,1,2,3,4,1,專家,???,烏溜溜大眼睛(男),21,140121901,10002102,5,190160303,1,190160313,1,1,0,190147471,1,190147488,1,1,0,0,0,0,0,0,0,0,0,0,0
140121803,1,1,2,3,4,1,專家,???,楚楚可憐角膜放大片(男),22,140121803,10002102,3,190160303,1,190160313,1,1,0,190147471,1,190147488,1,1,0,0,0,0,0,0,0,0,0,0,0
140121801,1,1,2,3,4,1,專家,???,藍寶石角膜變色片(男),23,140121801,10002102,1,190160303,1,190160313,1,1,0,190147471,1,190147488,1,1,0,0,0,0,0,0,0,0,0,0,0
140123001,1,1,2,3,4,1,專家,???,魅惑眼尾(男) - 棕色,3,140123001,10002102,39,190160303,1,190160313,1,1,0,190147471,1,190147488,1,1,0,0,0,0,0,0,0,0,0,0,0
140121703,1,1,2,3,4,1,專家,???,魅惑眼尾,25,140121703,10002101,80,190160303,1,190160313,1,1,0,190147471,1,190147488,1,1,0,0,0,0,0,0,0,0,0,0,0
140121701,1,1,2,3,4,1,專家,???,驕傲眼神,26,140121701,10002101,78,190160303,1,190160313,1,1,0,190147471,1,190147488,1,1,0,0,0,0,0,0,0,0,0,0,0
140122003,1,1,2,3,4,1,專家,???,煙燻大眼睛,27,140122003,10002101,77,190160303,1,190160313,1,1,0,190147471,1,190147488,1,1,0,0,0,0,0,0,0,0,0,0,0
140121604,1,1,2,3,4,1,專家,???,煙燻淡妝大眼睛,28,140121604,10002101,76,190160303,1,190160313,1,1,0,190147471,1,190147488,1,1,0,0,0,0,0,0,0,0,0,0,0
140121502,1,1,2,3,4,1,專家,???,綠色惡魔眼睛,29,140121502,10002101,74,190160303,1,190160313,1,1,0,190147471,1,190147488,1,1,0,0,0,0,0,0,0,0,0,0,0
140121503,1,1,2,3,4,1,專家,???,紅色惡魔眼睛,30,140121503,10002101,75,190160303,1,190160313,1,1,0,190147471,1,190147488,1,1,0,0,0,0,0,0,0,0,0,0,0
140121402,1,1,2,3,4,1,專家,???,閃爍眼睛,31,140121402,10002101,72,190160303,1,190160313,1,1,0,190147471,1,190147488,1,1,0,0,0,0,0,0,0,0,0,0,0
140121302,1,1,2,3,4,1,專家,???,吸血鬼銀色眼睛,32,140121302,10002101,70,190160303,1,190160313,1,1,0,190147471,1,190147488,1,1,0,0,0,0,0,0,0,0,0,0,0
140121204,1,1,2,3,4,1,專家,???,貓咪嘴巴,33,140121204,10002101,68,190160303,1,190160313,1,1,0,190147471,1,190147488,1,1,0,0,0,0,0,0,0,0,0,0,0
140121102,1,1,2,3,4,1,專家,???,精明眼睛,34,140121102,10002101,66,190160303,1,190160313,1,1,0,190147471,1,190147488,1,1,0,0,0,0,0,0,0,0,0,0,0
140120902,1,1,2,3,4,1,專家,???,純真眼睛,35,140120902,10002101,62,190160303,1,190160313,1,1,0,190147471,1,190147488,1,1,0,0,0,0,0,0,0,0,0,0,0
140121004,1,1,2,3,4,1,專家,???,兇狠眼睛,36,140121004,10002101,64,190160303,1,190160313,1,1,0,190147471,1,190147488,1,1,0,0,0,0,0,0,0,0,0,0,0
140120704,1,1,2,3,4,1,專家,???,卡茲諾眼睛,37,140120704,10002101,58,190160303,1,190160313,1,1,0,190147471,1,190147488,1,1,0,0,0,0,0,0,0,0,0,0,0
140120801,1,1,2,3,4,1,專家,???,凡基歐眼睛,38,140120801,10002101,60,190160303,1,190160313,1,1,0,190147471,1,190147488,1,1,0,0,0,0,0,0,0,0,0,0,0
140120503,1,1,2,3,4,1,專家,???,深邃眼窩,39,140120503,10002101,54,190160303,1,190160313,1,1,0,190147471,1,190147488,1,1,0,0,0,0,0,0,0,0,0,0,0
140120604,1,1,2,3,4,1,專家,???,愛睏眼睛,40,140120604,10002101,56,190160303,1,190160313,1,1,0,190147471,1,190147488,1,1,0,0,0,0,0,0,0,0,0,0,0
140120402,1,1,2,3,4,1,專家,???,金鋼狼眼睛,41,140120402,10002101,52,190160303,1,190160313,1,1,0,190147471,1,190147488,1,1,0,0,0,0,0,0,0,0,0,0,0
140120304,1,1,2,3,4,1,專家,???,孫悟空眼睛,42,140120304,10002101,50,190160303,1,190160313,1,1,0,190147471,1,190147488,1,1,0,0,0,0,0,0,0,0,0,0,0
140120204,1,1,2,3,4,1,專家,???,心機重眼睛,43,140120204,10002101,48,190160303,1,190160313,1,1,0,190147471,1,190147488,1,1,0,0,0,0,0,0,0,0,0,0,0
140200100,2,1,2,3,4,0,基本,??,炯炯有神眼睛,48,140200100,10002100,65,190160301,1,190180640,1,1,0,190147473,1,190147490,1,1,0,140200101,140200102,140200103,140200104,140200105,140200150,140200151,140200152,0,0
140200200,2,1,2,3,4,0,基本,??,和善眼睛,49,140200200,10002100,73,190160301,1,190180640,1,1,0,190147473,1,190147490,1,1,0,140200201,140200202,140200203,140200204,140200205,140200250,140200251,140200252,0,0
140200300,2,1,2,3,4,0,基本,??,銳利眼睛,3,140200300,10002100,81,190160301,1,190180640,1,1,0,190147473,1,190147490,1,1,0,140200301,140200302,140200303,140200304,140200305,140200350,140200351,140200352,0,0
140200400,2,1,2,3,4,0,基本,??,貓咪眼睛,4,140200400,10002101,8,190160301,1,190180640,1,1,0,190147473,1,190147490,1,1,0,140200401,140200402,140200403,140200404,140200405,140200450,140200451,140200452,0,0
140200500,2,1,2,3,4,0,基本,??,水汪汪大眼,5,140200500,10002101,16,190160301,1,190180640,1,1,0,190147473,1,190147490,1,1,0,140200501,140200502,140200503,140200504,140200505,140200550,140200551,140200552,0,0
140200600,2,1,2,3,4,0,基本,??,綠豆眼,6,140200600,10002101,24,190160301,1,190180640,1,1,0,190147473,1,190147490,1,1,0,140200601,140200602,140200603,140200604,140200605,140200650,140200651,140200652,0,0
140200700,2,1,2,3,4,0,基本,??,半月型眼睛,7,140200700,10002101,32,190160301,1,190180640,1,1,0,190147473,1,190147490,1,1,0,140200701,140200702,140200703,140200704,140200705,140200750,140200751,140200752,0,0
140210100,2,1,2,3,4,0,基本,???,銅鈴大眼,50,140210100,10002101,40,190160302,1,0,0,0,0,190147468,1,190147485,1,1,0,140210101,140210102,140210103,140210104,140210105,140210150,140210151,140210152,0,0
140223304,2,1,2,3,4,1,專家,???,喚雨淨使雙色眼睛 (女),1,140223304,10002102,62,190160303,1,190160313,1,1,0,190147471,1,190147488,1,1,0,0,0,0,0,0,0,0,0,0,0
140223302,2,1,2,3,4,1,專家,???,御風引者雙色眼睛 (女),2,140223302,10002102,60,190160303,1,190160313,1,1,0,190147471,1,190147488,1,1,0,0,0,0,0,0,0,0,0,0,0
140222804,2,1,2,3,4,1,專家,???,深棕色眼睛,3,140222804,10002102,38,190160303,1,190160313,1,1,0,190147471,1,190147488,1,1,0,0,0,0,0,0,0,0,0,0,0
140222802,2,1,2,3,4,1,專家,???,暗影行者紅色雙瞳 (女),4,140222802,10002102,36,190160303,1,190160313,1,1,0,190147471,1,190147488,1,1,0,0,0,0,0,0,0,0,0,0,0
140222705,2,1,2,3,4,1,專家,???,寶石之星異色瞳 (女),5,140222705,10002102,34,190160303,1,190160313,1,1,0,190147471,1,190147488,1,1,0,0,0,0,0,0,0,0,0,0,0
140222904,2,1,2,3,4,1,專家,???,柔和雙色眼睛 - 橄欖綠,3,140222904,10002102,58,190160303,1,190160313,1,1,0,190147471,1,190147488,1,1,0,0,0,0,0,0,0,0,0,0,0
140222702,2,1,2,3,4,1,專家,???,柔和雙色眼睛,6,140222702,10002102,32,190160303,1,190160313,1,1,0,190147471,1,190147488,1,1,0,0,0,0,0,0,0,0,0,0,0
140222604,2,1,2,3,4,1,專家,???,火神之眼 (女),7,140222604,10002102,30,190160303,1,190160313,1,1,0,190147471,1,190147488,1,1,0,0,0,0,0,0,0,0,0,0,0
140222602,2,1,2,3,4,1,專家,???,翡翠綠公主眼睛,8,140222602,10002102,28,190160303,1,190160313,1,1,0,190147471,1,190147488,1,1,0,0,0,0,0,0,0,0,0,0,0
140223102,2,1,2,3,4,1,專家,???,可愛時尚眼睛(女) - 金色,3,140223102,10002102,44,190160303,1,190160313,1,1,0,190147471,1,190147488,1,1,0,0,0,0,0,0,0,0,0,0,0
140222504,2,1,2,3,4,1,專家,???,可愛狐狸眼,10,140222504,10002102,26,190160303,1,190160313,1,1,0,190147471,1,190147488,1,1,0,0,0,0,0,0,0,0,0,0,0
140222502,2,1,2,3,4,1,專家,???,Fury眼,11,140222502,10002102,24,190160303,1,190160313,1,1,0,190147471,1,190147488,1,1,0,0,0,0,0,0,0,0,0,0,0
140222404,2,1,2,3,4,1,專家,???,提督的雙色眼睛,12,140222404,10002102,22,190160303,1,190160313,1,1,0,190147471,1,190147488,1,1,0,0,0,0,0,0,0,0,0,0,0
140222302,2,1,2,3,4,1,專家,???,懶洋洋的綠色眼,13,140222302,10002102,16,190160303,1,190160313,1,1,0,190147471,1,190147488,1,1,0,0,0,0,0,0,0,0,0,0,0
140222402,2,1,2,3,4,1,專家,???,高貴的眼睛,14,140222402,10002102,20,190160303,1,190160313,1,1,0,190147471,1,190147488,1,1,0,0,0,0,0,0,0,0,0,0,0
140223204,2,1,2,3,4,1,專家,???,神秘藍眼睛 - 紅色,3,140223204,10002102,50,190160303,1,190160313,1,1,0,190147471,1,190147488,1,1,0,0,0,0,0,0,0,0,0,0,0
140222304,2,1,2,3,4,1,專家,???,神秘藍眼睛,16,140222304,10002102,18,190160303,1,190160313,1,1,0,190147471,1,190147488,1,1,0,0,0,0,0,0,0,0,0,0,0
140222202,2,1,2,3,4,1,專家,???,愛心眼睛,17,140222202,10002102,14,190160303,1,190160313,1,1,0,190147471,1,190147488,1,1,0,0,0,0,0,0,0,0,0,0,0
140222204,2,1,2,3,4,1,專家,???,小龍眼睛,18,140222204,10002102,15,190160303,1,190160313,1,1,0,190147471,1,190147488,1,1,0,0,0,0,0,0,0,0,0,0,0
140222104,2,1,2,3,4,1,專家,???,透明紫色眼睛,19,140222104,10002102,12,190160303,1,190160313,1,1,0,190147471,1,190147488,1,1,0,0,0,0,0,0,0,0,0,0,0
140222102,2,1,2,3,4,1,專家,???,神秘的藍色眼睛,20,140222102,10002102,10,190160303,1,190160313,1,1,0,190147471,1,190147488,1,1,0,0,0,0,0,0,0,0,0,0,0
140221902,2,1,2,3,4,1,專家,???,烏溜溜大眼睛(女),21,140221902,10002102,6,190160303,1,190160313,1,1,0,190147471,1,190147488,1,1,0,0,0,0,0,0,0,0,0,0,0
140221804,2,1,2,3,4,1,專家,???,楚楚可憐角膜放大片(女),22,140221804,10002102,4,190160303,1,190160313,1,1,0,190147471,1,190147488,1,1,0,0,0,0,0,0,0,0,0,0,0
140221802,2,1,2,3,4,1,專家,???,藍寶石角膜變色片(女),23,140221802,10002102,2,190160303,1,190160313,1,1,0,190147471,1,190147488,1,1,0,0,0,0,0,0,0,0,0,0,0
140223002,2,1,2,3,4,1,專家,???,魅惑眼尾(女) - 棕色,3,140223002,10002102,40,190160303,1,190160313,1,1,0,190147471,1,190147488,1,1,0,0,0,0,0,0,0,0,0,0,0
140221704,2,1,2,3,4,1,專家,???,魅惑眼尾,25,140221704,10002101,81,190160303,1,190160313,1,1,0,190147471,1,190147488,1,1,0,0,0,0,0,0,0,0,0,0,0
140221702,2,1,2,3,4,1,專家,???,驕傲眼神,26,140221702,10002101,79,190160303,1,190160313,1,1,0,190147471,1,190147488,1,1,0,0,0,0,0,0,0,0,0,0,0
140221605,2,1,2,3,4,1,專家,???,煙燻大眼睛,27,140221605,10002101,77,190160303,1,190160313,1,1,0,190147471,1,190147488,1,1,0,0,0,0,0,0,0,0,0,0,0
140222004,2,1,2,3,4,1,專家,???,煙燻淡妝大眼睛,28,140222004,10002101,76,190160303,1,190160313,1,1,0,190147471,1,190147488,1,1,0,0,0,0,0,0,0,0,0,0,0
140221502,2,1,2,3,4,1,專家,???,綠色惡魔眼睛,29,140221502,10002101,74,190160303,1,190160313,1,1,0,190147471,1,190147488,1,1,0,0,0,0,0,0,0,0,0,0,0
140221503,2,1,2,3,4,1,專家,???,紅色惡魔眼睛,30,140221503,10002101,75,190160303,1,190160313,1,1,0,190147471,1,190147488,1,1,0,0,0,0,0,0,0,0,0,0,0
140221405,2,1,2,3,4,1,專家,???,閃爍眼睛,31,140221405,10002101,73,190160303,1,190160313,1,1,0,190147471,1,190147488,1,1,0,0,0,0,0,0,0,0,0,0,0
140221302,2,1,2,3,4,1,專家,???,吸血鬼銀色眼睛,32,140221302,10002101,71,190160303,1,190160313,1,1,0,190147471,1,190147488,1,1,0,0,0,0,0,0,0,0,0,0,0
140221205,2,1,2,3,4,1,專家,???,貓咪嘴巴,33,140221205,10002101,69,190160303,1,190160313,1,1,0,190147471,1,190147488,1,1,0,0,0,0,0,0,0,0,0,0,0
140221103,2,1,2,3,4,1,專家,???,傷心眼睛,34,140221103,10002101,67,190160303,1,190160313,1,1,0,190147471,1,190147488,1,1,0,0,0,0,0,0,0,0,0,0,0
140220902,2,1,2,3,4,1,專家,???,水汪汪眼睛,35,140220902,10002101,63,190160303,1,190160313,1,1,0,190147471,1,190147488,1,1,0,0,0,0,0,0,0,0,0,0,0
140221004,2,1,2,3,4,1,專家,???,機靈眼睛,36,140221004,10002101,65,190160303,1,190160313,1,1,0,190147471,1,190147488,1,1,0,0,0,0,0,0,0,0,0,0,0
140220703,2,1,2,3,4,1,專家,???,喬艾眼睛,37,140220703,10002101,59,190160303,1,190160313,1,1,0,190147471,1,190147488,1,1,0,0,0,0,0,0,0,0,0,0,0
140220802,2,1,2,3,4,1,專家,???,黑月公主眼睛,38,140220802,10002101,61,190160303,1,190160313,1,1,0,190147471,1,190147488,1,1,0,0,0,0,0,0,0,0,0,0,0
140220503,2,1,2,3,4,1,專家,???,深邃眼窩,39,140220503,10002101,55,190160303,1,190160313,1,1,0,190147471,1,190147488,1,1,0,0,0,0,0,0,0,0,0,0,0
140220604,2,1,2,3,4,1,專家,???,外星人眼睛,40,140220604,10002101,57,190160303,1,190160313,1,1,0,190147471,1,190147488,1,1,0,0,0,0,0,0,0,0,0,0,0
140220402,2,1,2,3,4,1,專家,???,長襪子皮皮眼睛,41,140220402,10002101,53,190160303,1,190160313,1,1,0,190147471,1,190147488,1,1,0,0,0,0,0,0,0,0,0,0,0
140220304,2,1,2,3,4,1,專家,???,卡通眼睛,42,140220304,10002101,51,190160303,1,190160313,1,1,0,190147471,1,190147488,1,1,0,0,0,0,0,0,0,0,0,0,0
140220204,2,1,2,3,4,1,專家,???,心機重眼睛,43,140220204,10002101,49,190160303,1,190160313,1,1,0,190147471,1,190147488,1,1,0,0,0,0,0,0,0,0,0,0,0
150100101,0,1,2,5,5,0,基本,??,淡桃色皮膚,1,150100101,10002109,1,190160501,1,190180641,1,1,0,190147474,1,190147491,1,1,0,0,0,0,0,0,0,0,0,0,0
150100102,0,1,2,5,5,0,基本,??,桃色皮膚,2,150100102,10002109,2,190160501,1,190180641,1,1,0,190147474,1,190147491,1,1,0,0,0,0,0,0,0,0,0,0,0
150100103,0,1,2,5,5,0,基本,??,深桃色皮膚,3,150100103,10002109,3,190160501,1,190180641,1,1,0,190147474,1,190147491,1,1,0,0,0,0,0,0,0,0,0,0,0
150110101,0,1,2,5,5,0,基本,???,黑巧克力皮膚,4,150110101,10002109,4,190160502,1,190160504,1,1,0,190147469,1,190147486,1,1,0,0,0,0,0,0,0,0,0,0,0
150110201,0,1,2,5,5,0,基本,???,幽靈皮膚,5,150110201,10002109,5,190160502,1,190160504,1,1,0,190147469,1,190147486,1,1,0,0,0,0,0,0,0,0,0,0,0
150110301,0,1,2,5,5,0,基本,???,殭屍皮膚,6,150110301,10002109,6,190160502,1,190160504,1,1,0,190147469,1,190147486,1,1,0,0,0,0,0,0,0,0,0,0,0
150110401,0,1,2,5,5,0,基本,???,紅色皮膚,7,150110401,10002109,7,190160502,1,190160504,1,1,0,190147469,1,190147486,1,1,0,0,0,0,0,0,0,0,0,0,0
150110501,0,1,2,5,5,0,基本,???,藍色皮膚,8,150110501,10002109,8,190160502,1,190160504,1,1,0,190147469,1,190147486,1,1,0,0,0,0,0,0,0,0,0,0,0
150110601,0,1,2,5,5,0,基本,???,綠色皮膚,9,150110601,10002109,9,190160502,1,190160504,1,1,0,190147469,1,190147486,1,1,0,0,0,0,0,0,0,0,0,0,0
150110701,0,1,2,5,5,0,基本,???,雪白皮膚,10,150110701,10002109,10,190160502,1,190160504,1,1,0,190147469,1,190147486,1,1,0,0,0,0,0,0,0,0,0,0,0
150110801,0,1,2,5,5,0,基本,???,灰色皮膚,11,150110801,10002109,11,190160502,1,190160504,1,1,0,190147469,1,190147486,1,1,0,0,0,0,0,0,0,0,0,0,0
150110901,0,1,2,5,5,0,基本,???,機器人皮膚,12,150110901,10002109,12,190160502,1,190160504,1,1,0,190147469,1,190147486,1,1,0,0,0,0,0,0,0,0,0,0,0
150111001,0,1,2,5,5,0,基本,???,橄欖棕色皮膚,13,150111001,10002109,13,190160502,1,190160504,1,1,0,190147469,1,190147486,1,1,0,0,0,0,0,0,0,0,0,0,0
150111201,0,1,2,5,5,0,基本,???,古銅色皮膚,14,150111201,10002109,14,190160502,1,190160504,1,1,0,190147469,1,190147486,1,1,0,0,0,0,0,0,0,0,0,0,0
150111301,0,1,2,5,5,0,基本,???,嫩綠綠皮膚,15,150111301,10002109,15,190160502,1,190160504,1,1,0,190147469,1,190147486,1,1,0,0,0,0,0,0,0,0,0,0,0
150111401,0,1,2,5,5,0,基本,???,木雕人偶皮膚,16,150111401,10002109,16,190160502,1,190160504,1,1,0,190147469,1,190147486,1,1,0,0,0,0,0,0,0,0,0,0,0
