ID,_EventID1,_EventID2,_EventID3,_EventID4,_EventID5,_EventID6,_EventID7,_EventID8,_EventID9,_EventID10
9000017,9000017,0,0,0,0,0,0,0,0,0
9000021,9000021,0,0,0,0,0,0,0,0,0
9000022,9000022,0,0,0,0,0,0,0,0,0
9000023,9000023,0,0,0,0,0,0,0,0,0
9000024,9000024,0,0,0,0,0,0,0,0,0
9000025,9000025,0,0,0,0,0,0,0,0,0
9000026,9000026,0,0,0,0,0,0,0,0,0
9000027,9000027,0,0,0,0,0,0,0,0,0
9000028,9000028,0,0,0,0,0,0,0,0,0
9000029,9000029,0,0,0,0,0,0,0,0,0
9000030,9000030,0,0,0,0,0,0,0,0,0
9000031,9000031,0,0,0,0,0,0,0,0,0
9000032,9000032,0,0,0,0,0,0,0,0,0
9000033,9000033,0,0,0,0,0,0,0,0,0
2210011,2210011,0,0,0,0,0,0,0,0,0
2220011,2220011,0,0,0,0,0,0,0,0,0
2230011,2230011,0,0,0,0,0,0,0,0,0
2240011,2240011,0,0,0,0,0,0,0,0,0
2250011,2250011,0,0,0,0,0,0,0,0,0
2260011,2260011,0,0,0,0,0,0,0,0,0
2270011,2270011,0,0,0,0,0,0,0,0,0
115001000,115001000,0,0,0,0,0,0,0,0,0
115003000,115003000,0,0,0,0,0,0,0,0,0
115004000,115004000,0,0,0,0,0,0,0,0,0
115004100,115004100,0,0,0,0,0,0,0,0,0
115005000,115005000,0,0,0,0,0,0,0,0,0
115006000,115006000,0,0,0,0,0,0,0,0,0
115007000,115007000,0,0,0,0,0,0,0,0,0
115008000,115008000,0,0,0,0,0,0,0,0,0
115009000,115009000,0,0,0,0,0,0,0,0,0
115010000,115010000,0,0,0,0,0,0,0,0,0
115011000,115011000,0,0,0,0,0,0,0,0,0
115012000,115012000,0,0,0,0,0,0,0,0,0
115013000,115013000,0,0,0,0,0,0,0,0,0
115014000,115014000,0,0,0,0,0,0,0,0,0
115015000,115015000,0,0,0,0,0,0,0,0,0
115016000,115016000,0,0,0,0,0,0,0,0,0
115017000,115017000,0,0,0,0,0,0,0,0,0
115018000,115018000,0,0,0,0,0,0,0,0,0
115019000,115019000,0,0,0,0,0,0,0,0,0
115020000,115020000,0,0,0,0,0,0,0,0,0
115021000,115021000,0,0,0,0,0,0,0,0,0
115022000,115022000,0,0,0,0,0,0,0,0,0
115023000,115023000,0,0,0,0,0,0,0,0,0
115024000,115024000,0,0,0,0,0,0,0,0,0
115025000,115025000,0,0,0,0,0,0,0,0,0
115026000,115026000,0,0,0,0,0,0,0,0,0
115027000,115027000,0,0,0,0,0,0,0,0,0
115028000,115028000,0,0,0,0,0,0,0,0,0
115029000,115029000,0,0,0,0,0,0,0,0,0
115030000,115030000,0,0,0,0,0,0,0,0,0
115031000,115031000,0,0,0,0,0,0,0,0,0
115032000,115032000,0,0,0,0,0,0,0,0,0
115033000,115033000,0,0,0,0,0,0,0,0,0
115034000,115034000,0,0,0,0,0,0,0,0,0
115035000,115035000,0,0,0,0,0,0,0,0,0
115036000,115036000,0,0,0,0,0,0,0,0,0
115037000,115037000,0,0,0,0,0,0,0,0,0
115038000,115038000,0,0,0,0,0,0,0,0,0
115039000,115039000,115039100,115039200,0,0,0,0,0,0,0
115040000,115040000,0,0,0,0,0,0,0,0,0
115041000,115041000,0,0,0,0,0,0,0,0,0
115042000,115042000,0,0,0,0,0,0,0,0,0
115043000,115043000,0,0,0,0,0,0,0,0,0
115044000,115044000,0,0,0,0,0,0,0,0,0
115045000,115045000,115045100,115045200,0,0,0,0,0,0,0
115046000,115046000,125001000,0,0,0,0,0,0,0,0
20204,104110,201110,201120,201130,601110,601120,601130,602110,602120,0
9000013,8800111,0,0,0,0,0,0,0,0,0
9000038,9000038,0,0,0,0,0,0,0,0,0
9000039,9000039,0,0,0,0,0,0,0,0,0
93507000,93507000,0,0,0,0,0,0,0,0,0
9000020,9000020,0,0,0,0,0,0,0,0,0
117101000,117101000,117101001,117109000,0,0,0,0,0,0,0
117102000,117102000,0,0,0,0,0,0,0,0,0
117103000,117103000,117104000,117105000,117106000,117107000,117108000,0,0,0,0
330401,330401,0,0,0,0,0,0,0,0,0
1620401,1620401,0,0,0,0,0,0,0,0,0
16210101,16210101,16210102,16210103,16210104,16210105,16210106,16210107,16210108,16210109,16210110
16210111,16210111,16210112,0,0,0,0,0,0,0,0
1730001,1730001,1730002,1730003,1730004,1730005,1730006,1730007,1730008,1730009,1730010
1730002,1730021,1730022,1730023,1730024,1730025,1730026,1730027,1730028,1730029,1730030
1730004,1730031,1730032,0,0,0,0,0,0,0,0
1730005,1730033,1730034,0,0,0,0,0,0,0,0
102711000,102711000,0,0,0,0,0,0,0,0,0
102713000,102713000,0,0,0,0,0,0,0,0,0
102910000,102910000,102911000,102912000,102913000,102914000,102915000,102916000,102917000,102918000,102919000
102940000,102940000,102941000,102942000,102943000,102944000,102945000,102946000,102947000,102948000,102949000
102930000,102930000,102931000,102932000,102933000,102934000,102935000,102936000,102937000,102938000,102939000
102950000,102950000,102951000,102952000,102953000,102954000,102955000,102956000,102957000,102958000,102959000
102920000,102920000,102921000,102922000,102923000,102924000,102925000,102926000,102927000,102928000,102929000
102709100,102712000,102712100,102712200,102712300,102712400,102712500,102712600,102712700,102712800,0
1300005,1300005,0,0,0,0,0,0,0,0,0
1320007,1320007,1320107,0,0,0,0,0,0,0,0
1320005,1320005,0,0,0,0,0,0,0,0,0
1320006,1320006,1320106,0,0,0,0,0,0,0,0
80011,80011,0,0,0,0,0,0,0,0,0
1170016,1170016,0,0,0,0,0,0,0,0,0
830001,830001,830002,0,0,0,0,0,0,0,0
1370003,1370003,0,0,0,0,0,0,0,0,0
9000014,8800210,0,0,0,0,0,0,0,0,0
9000016,8800410,0,0,0,0,0,0,0,0,0
820011,115041000,0,0,0,0,0,0,0,0,0
820012,115042000,0,0,0,0,0,0,0,0,0
102702000,102702000,102702100,102702200,0,0,0,0,0,0,0
102703000,102703000,102703001,0,0,0,0,0,0,0,0
102704000,102704000,0,0,0,0,0,0,0,0,0
102705000,102705000,0,0,0,0,0,0,0,0,0
102706000,102706000,0,0,0,0,0,0,0,0,0
102707000,102707000,0,0,0,0,0,0,0,0,0
102708000,102708000,0,0,0,0,0,0,0,0,0
102709000,102709000,0,0,0,0,0,0,0,0,0
102716001,102716001,103703000,104701000,104713000,0,0,0,0,0,0
1330005,1330005,0,0,0,0,0,0,0,0,0
1350005,1350005,1350008,1350009,0,0,0,0,0,0,0
1350006,1350006,0,0,0,0,0,0,0,0,0
116001000,116001000,0,0,0,0,0,0,0,0,0
116002000,116002000,0,0,0,0,0,0,0,0,0
116003000,116003000,116003100,0,0,0,0,0,0,0,0
116004000,116004000,116004100,0,0,0,0,0,0,0,0
116005000,116005000,116005100,0,0,0,0,0,0,0,0
116006000,116006000,116006100,0,0,0,0,0,0,0,0
116007000,116007000,116007100,0,0,0,0,0,0,0,0
116008000,116008000,116008100,0,0,0,0,0,0,0,0
116009000,116009000,116009100,0,0,0,0,0,0,0,0
116010000,116010000,116010100,0,0,0,0,0,0,0,0
116011000,116011000,116011100,0,0,0,0,0,0,0,0
116012000,116012000,116012100,116012200,116012300,0,0,0,0,0,0
116013000,116013000,116013100,116013200,0,0,0,0,0,0,0
116014000,116014000,0,0,0,0,0,0,0,0,0
116015000,116015000,0,0,0,0,0,0,0,0,0
116016000,116016000,116016100,0,0,0,0,0,0,0,0
119201000,119201000,119203001,119203002,119203003,119203004,0,0,0,0,0
119202000,119202000,0,0,0,0,0,0,0,0,0
119204000,119204000,0,0,0,0,0,0,0,0,0
119205000,119205000,0,0,0,0,0,0,0,0,0
119206000,119206000,0,0,0,0,0,0,0,0,0
119207000,119207000,0,0,0,0,0,0,0,0,0
119208000,119208000,0,0,0,0,0,0,0,0,0
119209000,119209000,0,0,0,0,0,0,0,0,0
119210000,119210000,0,0,0,0,0,0,0,0,0
119211000,119211000,0,0,0,0,0,0,0,0,0
119212000,119212000,0,0,0,0,0,0,0,0,0
119213000,119213000,1571300,0,0,0,0,0,0,0,0
103701000,103701000,0,0,0,0,0,0,0,0,0
103702000,103702000,0,0,0,0,0,0,0,0,0
103704000,103704000,0,0,0,0,0,0,0,0,0
103705000,103705000,0,0,0,0,0,0,0,0,0
103706000,103706000,0,0,0,0,0,0,0,0,0
104702000,104702000,104705000,0,0,0,0,0,0,0,0
104703000,104703000,104703100,0,0,0,0,0,0,0,0
104704000,104704000,104704100,104704200,0,0,0,0,0,0,0
104706000,104706000,0,0,0,0,0,0,0,0,0
104707000,104707000,0,0,0,0,0,0,0,0,0
104708000,104708000,104708100,0,0,0,0,0,0,0,0
104709000,104709000,104709100,0,0,0,0,0,0,0,0
104710000,104710000,104710100,0,0,0,0,0,0,0,0
104710001,104710001,0,0,0,0,0,0,0,0,0
104711000,104711000,104711100,104711200,0,0,0,0,0,0,0
104712000,104712000,0,0,0,0,0,0,0,0,0
116017000,116017000,0,0,0,0,0,0,0,0,0
116661100,116661100,0,0,0,0,0,0,0,0,0
116661200,116661200,0,0,0,0,0,0,0,0,0
116661300,116661300,0,0,0,0,0,0,0,0,0
111000908,111000908,0,0,0,0,0,0,0,0,0
121401000,121401000,0,0,0,0,0,0,0,0,0
125001100,125001100,0,0,0,0,0,0,0,0,0
125002000,125002000,0,0,0,0,0,0,0,0,0
125004000,125004000,0,0,0,0,0,0,0,0,0
125003001,125003001,0,0,0,0,0,0,0,0,0
126001000,126001000,0,0,0,0,0,0,0,0,0
128701000,128701000,0,0,0,0,0,0,0,0,0
128702000,128702000,0,0,0,0,0,0,0,0,0
128704000,128704000,0,0,0,0,0,0,0,0,0
128704100,128704100,0,0,0,0,0,0,0,0,0
128705000,128705000,0,0,0,0,0,0,0,0,0
128705100,128705100,0,0,0,0,0,0,0,0,0
128706000,128706000,0,0,0,0,0,0,0,0,0
128707000,128707000,0,0,0,0,0,0,0,0,0
128707100,128707100,0,0,0,0,0,0,0,0,0
128708000,128708000,128708100,128708200,128708300,128708400,128708500,128708600,128708700,128708800,128708900
128709100,128709100,128709200,128709300,128709400,128709500,128709600,128709700,128709800,128709900,0
128709000,128709000,0,0,0,0,0,0,0,0,0
128710000,128710000,128711000,0,0,0,0,0,0,0,0
128711000,128710000,128711000,0,0,0,0,0,0,0,0
128712000,128712000,0,0,0,0,0,0,0,0,0
128713000,128713000,0,0,0,0,0,0,0,0,0
128714000,128714000,0,0,0,0,0,0,0,0,0
128901000,128901000,0,0,0,0,0,0,0,0,0
128715000,128715000,128715100,128715200,128715300,128715400,128715500,128715600,128715700,128715800,128715900
128716000,128716000,128716100,0,0,0,0,0,0,0,0
132999700,132999700,0,0,0,0,0,0,0,0,0
138001000,138001000,0,0,0,0,0,0,0,0,0
138002000,138002000,0,0,0,0,0,0,0,0,0
138003000,138003000,0,0,0,0,0,0,0,0,0
138004000,138004000,138004100,138004101,138004102,138004103,138004104,0,0,0,0
138005000,138005000,0,0,0,0,0,0,0,0,0
138005039,138005039,0,0,0,0,0,0,0,0,0
138006000,138006000,0,0,0,0,0,0,0,0,0
138007000,138007000,0,0,0,0,0,0,0,0,0
138008000,138008000,0,0,0,0,0,0,0,0,0
138009000,138009000,0,0,0,0,0,0,0,0,0
138010000,138010000,0,0,0,0,0,0,0,0,0
138011000,138011000,0,0,0,0,0,0,0,0,0
138012000,138012000,0,0,0,0,0,0,0,0,0
138013000,138013000,0,0,0,0,0,0,0,0,0
138014000,138014000,0,0,0,0,0,0,0,0,0
138015000,138015000,0,0,0,0,0,0,0,0,0
138016000,138016000,0,0,0,0,0,0,0,0,0
138017000,138017000,0,0,0,0,0,0,0,0,0
138501000,138501000,0,0,0,0,0,0,0,0,0
138701000,138701000,0,0,0,0,0,0,0,0,0
138702000,138702000,0,0,0,0,0,0,0,0,0
138703000,138703000,0,0,0,0,0,0,0,0,0
138704000,138704000,0,0,0,0,0,0,0,0,0
138705000,138705000,0,0,0,0,0,0,0,0,0
138706000,138706000,0,0,0,0,0,0,0,0,0
139001000,139001000,0,0,0,0,0,0,0,0,0
139001100,139001100,0,0,0,0,0,0,0,0,0
139001200,139001200,0,0,0,0,0,0,0,0,0
139002000,139002000,0,0,0,0,0,0,0,0,0
139003000,139003000,0,0,0,0,0,0,0,0,0
138011100,138011100,0,0,0,0,0,0,0,0,0
145001001,145001001,0,0,0,0,0,0,0,0,0
146001000,146001000,0,0,0,0,0,0,0,0,0
146003000,146003000,0,0,0,0,0,0,0,0,0
146004000,146004000,0,0,0,0,0,0,0,0,0
146012000,146012000,146812000,0,0,0,0,0,0,0,0
146013000,146013000,0,0,0,0,0,0,0,0,0
146026000,146026000,146926000,0,0,0,0,0,0,0,0
146026100,146026100,146926100,0,0,0,0,0,0,0,0
146027000,146027000,0,0,0,0,0,0,0,0,0
146701000,146701000,0,0,0,0,0,0,0,0,0
146702000,146702000,0,0,0,0,0,0,0,0,0
146703000,146703000,0,0,0,0,0,0,0,0,0
146704000,146704000,0,0,0,0,0,0,0,0,0
146705000,146705000,0,0,0,0,0,0,0,0,0
146706000,146706000,0,0,0,0,0,0,0,0,0
146707000,146707000,0,0,0,0,0,0,0,0,0
146708000,146708000,0,0,0,0,0,0,0,0,0
146709000,146709000,0,0,0,0,0,0,0,0,0
146710000,146710000,0,0,0,0,0,0,0,0,0
146711000,146711000,0,0,0,0,0,0,0,0,0
146712000,146712000,0,0,0,0,0,0,0,0,0
146713000,146713000,0,0,0,0,0,0,0,0,0
146714000,146714000,0,0,0,0,0,0,0,0,0
146715000,146715000,0,0,0,0,0,0,0,0,0
146716000,146716000,0,0,0,0,0,0,0,0,0
146717000,146717000,0,0,0,0,0,0,0,0,0
146718000,146718000,0,0,0,0,0,0,0,0,0
146719000,146719000,0,0,0,0,0,0,0,0,0
146720000,146720000,0,0,0,0,0,0,0,0,0
146721000,146721000,0,0,0,0,0,0,0,0,0
146722000,146722000,0,0,0,0,0,0,0,0,0
146723000,146723000,0,0,0,0,0,0,0,0,0
146724000,146724000,0,0,0,0,0,0,0,0,0
146725000,146725000,0,0,0,0,0,0,0,0,0
146726000,146726000,0,0,0,0,0,0,0,0,0
146727000,146727000,0,0,0,0,0,0,0,0,0
146728000,146728000,0,0,0,0,0,0,0,0,0
146729000,146729000,0,0,0,0,0,0,0,0,0
146730000,146730000,0,0,0,0,0,0,0,0,0
146731000,146731000,146731001,0,0,0,0,0,0,0,0
146901000,146901000,0,0,0,0,0,0,0,0,0
146902000,146902000,0,0,0,0,0,0,0,0,0
146903000,146903000,0,0,0,0,0,0,0,0,0
146904000,146904000,0,0,0,0,0,0,0,0,0
146905000,146905000,0,0,0,0,0,0,0,0,0
146906000,146906000,0,0,0,0,0,0,0,0,0
146907000,146907000,0,0,0,0,0,0,0,0,0
146908000,146908000,0,0,0,0,0,0,0,0,0
146909000,146909000,0,0,0,0,0,0,0,0,0
146910000,146910000,0,0,0,0,0,0,0,0,0
146911000,146911000,0,0,0,0,0,0,0,0,0
146912000,146912000,0,0,0,0,0,0,0,0,0
146913000,146913000,0,0,0,0,0,0,0,0,0
146914000,146914000,146914001,0,0,0,0,0,0,0,0
146915000,146915000,0,0,0,0,0,0,0,0,0
146916000,146916000,0,0,0,0,0,0,0,0,0
666000,666000,0,0,0,0,0,0,0,0,0
777000,666001,0,0,0,0,0,0,0,0,0
149010000,149010000,0,0,0,0,0,0,0,0,0
149010100,149010100,0,0,0,0,0,0,0,0,0
149010200,149010200,0,0,0,0,0,0,0,0,0
149010300,149010300,0,0,0,0,0,0,0,0,0
149001000,149001000,0,0,0,0,0,0,0,0,0
149001100,149001100,0,0,0,0,0,0,0,0,0
149002000,149002000,0,0,0,0,0,0,0,0,0
149002100,149002100,0,0,0,0,0,0,0,0,0
149003000,149003000,0,0,0,0,0,0,0,0,0
149003100,149003100,0,0,0,0,0,0,0,0,0
149004000,149004000,0,0,0,0,0,0,0,0,0
149004100,149004100,0,0,0,0,0,0,0,0,0
149005000,149005000,0,0,0,0,0,0,0,0,0
149005100,149005100,0,0,0,0,0,0,0,0,0
149005200,149005200,0,0,0,0,0,0,0,0,0
149005300,149005300,0,0,0,0,0,0,0,0,0
149006000,149006000,0,0,0,0,0,0,0,0,0
149006100,149006100,0,0,0,0,0,0,0,0,0
149007000,149007000,0,0,0,0,0,0,0,0,0
149007100,149007100,0,0,0,0,0,0,0,0,0
149008000,149008000,0,0,0,0,0,0,0,0,0
149008100,149008100,0,0,0,0,0,0,0,0,0
149009000,149009000,0,0,0,0,0,0,0,0,0
148110002,148110100,148110200,148110300,148110400,148110500,148110600,148110700,148110800,148110900,148111000
148120003,148120100,148120200,148120300,148120400,148120500,148120600,0,0,0,0
148120009,148120700,148120800,148120900,148121000,148121100,148121200,148121300,148121400,148121500,148121600
148191001,148191100,148191200,148191300,148191400,148191500,148191600,148191700,148191800,148191900,0
148192001,148192100,148192200,148192300,148192400,148192500,148192600,148192700,148192800,148192900,0
148193001,148193100,148193200,148193300,148193400,148193500,148193600,148193700,148193800,148193900,0
148203001,148203100,148203200,148203300,148203400,148203500,148203600,148203700,148203800,148203900,0
148701000,148701000,0,0,0,0,0,0,0,0,0
144902000,144902000,0,0,0,0,0,0,0,0,0
148191002,148191002,0,0,0,0,0,0,0,0,0
156300000,156300000,0,0,0,0,0,0,0,0,0
156300014,156300014,0,0,0,0,0,0,0,0,0
156300033,156300033,0,0,0,0,0,0,0,0,0
156300045,156300045,0,0,0,0,0,0,0,0,0
156300047,156300047,0,0,0,0,0,0,0,0,0
156300056,156300056,0,0,0,0,0,0,0,0,0
156300074,156300074,0,0,0,0,0,0,0,0,0
156300088,156300088,0,0,0,0,0,0,0,0,0
156300106,156300106,0,0,0,0,0,0,0,0,0
156300176,156300176,0,0,0,0,0,0,0,0,0
156300124,156300124,0,0,0,0,0,0,0,0,0
156300136,156300136,0,0,0,0,0,0,0,0,0
156300001,156300001,0,0,0,0,0,0,0,0,0
156300002,156300002,0,0,0,0,0,0,0,0,0
152003000,152003000,0,0,0,0,0,0,0,0,0
152003031,152003031,152003400,0,0,0,0,0,0,0,0
152003068,152003068,0,0,0,0,0,0,0,0,0
152003076,152003076,0,0,0,0,0,0,0,0,0
152003087,152003087,0,0,0,0,0,0,0,0,0
152003099,152003099,0,0,0,0,0,0,0,0,0
152003121,152003121,0,0,0,0,0,0,0,0,0
152003154,152003154,0,0,0,0,0,0,0,0,0
152003187,152003187,0,0,0,0,0,0,0,0,0
152003208,152003208,152003431,0,0,0,0,0,0,0,0
152003254,152003254,0,0,0,0,0,0,0,0,0
152003274,152003274,0,0,0,0,0,0,0,0,0
152003300,152003300,0,0,0,0,0,0,0,0,0
115013028,115013028,115013029,0,0,0,0,0,0,0,0
154001000,154001000,154005000,0,0,0,0,0,0,0,0
154001022,154001022,154005022,0,0,0,0,0,0,0,0
154001037,154001037,154005037,0,0,0,0,0,0,0,0
154001052,154001052,154005052,0,0,0,0,0,0,0,0
154001062,154001062,154005062,0,0,0,0,0,0,0,0
154001083,154001083,154005083,0,0,0,0,0,0,0,0
154001585,154001585,154005585,0,0,0,0,0,0,0,0
154001105,154001105,154005105,0,0,0,0,0,0,0,0
154001109,154001109,154005109,0,0,0,0,0,0,0,0
154001130,154001130,154005130,0,0,0,0,0,0,0,0
154001143,154001143,154005143,0,0,0,0,0,0,0,0
154001155,154001155,154005155,0,0,0,0,0,0,0,0
154001165,154001165,154005165,0,0,0,0,0,0,0,0
154001180,154001180,154005180,0,0,0,0,0,0,0,0
154001188,154001188,154005188,0,0,0,0,0,0,0,0
154001192,154001192,154005192,0,0,0,0,0,0,0,0
154001201,154001201,154005201,0,0,0,0,0,0,0,0
154001215,154001215,154005215,0,0,0,0,0,0,0,0
154001232,154001232,154005232,0,0,0,0,0,0,0,0
154001239,154001239,154005239,0,0,0,0,0,0,0,0
154001244,154001244,154005244,0,0,0,0,0,0,0,0
154001254,154001254,154005254,0,0,0,0,0,0,0,0
154001272,154001272,154005272,0,0,0,0,0,0,0,0
154001287,154001287,154005287,0,0,0,0,0,0,0,0
154001298,1540096100,1540096107,1540096117,1540096126,1540096146,1540096158,1540096173,1540096196,1540096202,0
154001299,1540096218,1540096225,1540096232,1540096239,1540096258,1540096265,1540096272,1540096277,192100001,214500001
154001300,1540096290,1540096301,1540096307,1540096317,1540096338,162004400,172005000,182020001,202102101,214600001
154001301,154001301,154005301,0,0,0,0,0,0,0,0
154001305,154001305,154005305,0,0,0,0,0,0,0,0
154001314,154001314,154005314,0,0,0,0,0,0,0,0
154001328,154001328,154005328,0,0,0,0,0,0,0,0
154001341,154001341,154005341,0,0,0,0,0,0,0,0
154001354,154001354,154005354,0,0,0,0,0,0,0,0
154001372,154001372,154005372,0,0,0,0,0,0,0,0
154001390,154001390,154005390,0,0,0,0,0,0,0,0
154001399,154001399,154005399,0,0,0,0,0,0,0,0
154001402,154001402,154005402,0,0,0,0,0,0,0,0
154001414,154001414,154005414,0,0,0,0,0,0,0,0
154001429,154001429,154005429,0,0,0,0,0,0,0,0
154001451,154001451,154005451,0,0,0,0,0,0,0,0
154001460,154001460,154005460,0,0,0,0,0,0,0,0
154001473,154001473,154005473,0,0,0,0,0,0,0,0
154001486,154001486,154005486,0,0,0,0,0,0,0,0
154001494,154001494,154005494,0,0,0,0,0,0,0,0
154001510,154001510,154005510,0,0,0,0,0,0,0,0
154001531,154001531,154005531,0,0,0,0,0,0,0,0
154001539,154001539,154005539,0,0,0,0,0,0,0,0
154001544,154001544,154005544,0,0,0,0,0,0,0,0
154001553,1540096136,1540096166,1540096180,1540096206,1540096247,1540096282,1540096322,1540096344,162004411,172005006
154001554,1540096361,1540096371,1540096378,1540096389,1540096397,182020101,192100101,202102201,214500101,214600101
154001574,154001574,154005574,0,0,0,0,0,0,0,0
154002000,154002000,0,0,0,0,0,0,0,0,0
154002011,154002011,0,0,0,0,0,0,0,0,0
154002032,154002032,0,0,0,0,0,0,0,0,0
154002055,154002055,0,0,0,0,0,0,0,0,0
154002078,154002078,0,0,0,0,0,0,0,0,0
154002098,154002098,0,0,0,0,0,0,0,0,0
154002119,154002119,0,0,0,0,0,0,0,0,0
154002137,154002137,0,0,0,0,0,0,0,0,0
154002159,154002159,0,0,0,0,0,0,0,0,0
154002179,154002179,0,0,0,0,0,0,0,0,0
154002205,154002205,0,0,0,0,0,0,0,0,0
154002228,154002228,0,0,0,0,0,0,0,0,0
154002243,154002243,0,0,0,0,0,0,0,0,0
154002258,154002258,0,0,0,0,0,0,0,0,0
154009510,154009510,0,0,0,0,0,0,0,0,0
154009900,154009900,0,0,0,0,0,0,0,0,0
154009901,154009901,0,0,0,0,0,0,0,0,0
161000000,161000000,0,0,0,0,0,0,0,0,0
161000023,161000023,0,0,0,0,0,0,0,0,0
161000049,161000049,0,0,0,0,0,0,0,0,0
161000033,161000033,0,0,0,0,0,0,0,0,0
162002000,162002000,0,0,0,0,0,0,0,0,0
162002021,162002021,0,0,0,0,0,0,0,0,0
162002037,162002037,0,0,0,0,0,0,0,0,0
162002054,162002054,0,0,0,0,0,0,0,0,0
162002071,162002071,0,0,0,0,0,0,0,0,0
162002097,162002097,0,0,0,0,0,0,0,0,0
162002120,162002120,0,0,0,0,0,0,0,0,0
162004000,162004000,0,0,0,0,0,0,0,0,0
162004012,162004012,0,0,0,0,0,0,0,0,0
162004033,162004033,0,0,0,0,0,0,0,0,0
162004040,162004040,0,0,0,0,0,0,0,0,0
162004055,162004055,0,0,0,0,0,0,0,0,0
162004062,162004062,0,0,0,0,0,0,0,0,0
162004069,162004069,0,0,0,0,0,0,0,0,0
162004080,162004080,0,0,0,0,0,0,0,0,0
162004092,162004092,0,0,0,0,0,0,0,0,0
162004113,162004113,0,0,0,0,0,0,0,0,0
162004126,162004126,0,0,0,0,0,0,0,0,0
162004148,162004148,0,0,0,0,0,0,0,0,0
162004172,162004172,0,0,0,0,0,0,0,0,0
162004191,162004191,0,0,0,0,0,0,0,0,0
162004212,162004212,0,0,0,0,0,0,0,0,0
162004221,162004221,0,0,0,0,0,0,0,0,0
162004241,162004241,0,0,0,0,0,0,0,0,0
162004261,162004261,0,0,0,0,0,0,0,0,0
162002121,162002121,0,0,0,0,0,0,0,0,0
162002122,162002122,0,0,0,0,0,0,0,0,0
162002123,162002123,0,0,0,0,0,0,0,0,0
162002124,162002124,0,0,0,0,0,0,0,0,0
162002125,162002125,0,0,0,0,0,0,0,0,0
162002126,162002126,0,0,0,0,0,0,0,0,0
162005001,162005001,0,0,0,0,0,0,0,0,0
162005011,162005011,0,0,0,0,0,0,0,0,0
162005012,162005012,0,0,0,0,0,0,0,0,0
162005013,162005013,0,0,0,0,0,0,0,0,0
162005014,162005014,0,0,0,0,0,0,0,0,0
162005021,162005021,0,0,0,0,0,0,0,0,0
162005031,162005031,0,0,0,0,0,0,0,0,0
162005032,162005032,0,0,0,0,0,0,0,0,0
162005033,162005033,0,0,0,0,0,0,0,0,0
162005034,162005034,0,0,0,0,0,0,0,0,0
162005035,162005035,0,0,0,0,0,0,0,0,0
162005036,162005036,0,0,0,0,0,0,0,0,0
162005037,162005037,0,0,0,0,0,0,0,0,0
162005038,162005038,0,0,0,0,0,0,0,0,0
162005039,162005039,0,0,0,0,0,0,0,0,0
162005041,162005041,0,0,0,0,0,0,0,0,0
162005051,162005051,0,0,0,0,0,0,0,0,0
162005061,162005061,0,0,0,0,0,0,0,0,0
162005071,162005071,0,0,0,0,0,0,0,0,0
162005081,162005081,0,0,0,0,0,0,0,0,0
162005091,162005091,0,0,0,0,0,0,0,0,0
163000000,163000000,0,0,0,0,0,0,0,0,0
163000022,163000022,0,0,0,0,0,0,0,0,0
163000054,163000054,0,0,0,0,0,0,0,0,0
163000081,163000081,0,0,0,0,0,0,0,0,0
163000101,163000101,0,0,0,0,0,0,0,0,0
163000129,163000129,0,0,0,0,0,0,0,0,0
163000149,163000149,0,0,0,0,0,0,0,0,0
163000301,163000301,0,0,0,0,0,0,0,0,0
164001000,164001000,164004000,0,0,0,0,0,0,0,0
164001100,164001100,164004100,0,0,0,0,0,0,0,0
164001200,164001200,164004200,0,0,0,0,0,0,0,0
164001300,164001300,164004300,0,0,0,0,0,0,0,0
164001400,164001400,164004400,0,0,0,0,0,0,0,0
164001500,164001500,164004500,0,0,0,0,0,0,0,0
164001600,164001600,164004600,0,0,0,0,0,0,0,0
164001700,164001700,164004700,0,0,0,0,0,0,0,0
164001800,164001800,164004800,0,0,0,0,0,0,0,0
164001900,164001900,164004900,0,0,0,0,0,0,0,0
164002000,164002000,164005000,0,0,0,0,0,0,0,0
164002100,164002100,164005100,0,0,0,0,0,0,0,0
164002200,164002200,164005200,0,0,0,0,0,0,0,0
164002300,164002300,164005300,0,0,0,0,0,0,0,0
164002400,164002400,164005400,0,0,0,0,0,0,0,0
164002500,164002500,164005500,0,0,0,0,0,0,0,0
164002600,164002600,164005600,0,0,0,0,0,0,0,0
164002700,164002700,164005700,0,0,0,0,0,0,0,0
164002800,164002800,164005800,0,0,0,0,0,0,0,0
164002900,164002900,164005900,0,0,0,0,0,0,0,0
164000000,164000000,164000501,0,0,0,0,0,0,0,0
164000017,164000017,0,0,0,0,0,0,0,0,0
164000040,164000040,0,0,0,0,0,0,0,0,0
164000058,164000058,164000546,0,0,0,0,0,0,0,0
164000081,164000081,164000566,0,0,0,0,0,0,0,0
164000117,164000117,164000587,0,0,0,0,0,0,0,0
164000127,164000127,164000610,0,0,0,0,0,0,0,0
164000149,164000149,164000632,0,0,0,0,0,0,0,0
164000160,164000160,164000646,0,0,0,0,0,0,0,0
164000188,164000188,164000674,0,0,0,0,0,0,0,0
164000197,164000197,164000696,0,0,0,0,0,0,0,0
164000237,164000237,164000734,0,0,0,0,0,0,0,0
164000514,164000514,0,0,0,0,0,0,0,0,0
164000523,164000523,0,0,0,0,0,0,0,0,0
164100000,164100000,0,0,0,0,0,0,0,0,0
171000022,171000022,0,0,0,0,0,0,0,0,0
171000040,171000040,0,0,0,0,0,0,0,0,0
171000055,171000055,0,0,0,0,0,0,0,0,0
171000068,171000068,0,0,0,0,0,0,0,0,0
171000091,171000091,0,0,0,0,0,0,0,0,0
171000099,171000099,0,0,0,0,0,0,0,0,0
171000120,171000120,0,0,0,0,0,0,0,0,0
171000135,171000135,0,0,0,0,0,0,0,0,0
171000155,171000155,0,0,0,0,0,0,0,0,0
171000172,171000172,0,0,0,0,0,0,0,0,0
171000195,171000195,0,0,0,0,0,0,0,0,0
171000218,171000218,0,0,0,0,0,0,0,0,0
172000001,172000001,0,0,0,0,0,0,0,0,0
172000029,172000029,0,0,0,0,0,0,0,0,0
172000036,172000036,0,0,0,0,0,0,0,0,0
172000043,172000043,0,0,0,0,0,0,0,0,0
172000052,172000052,0,0,0,0,0,0,0,0,0
172000057,172000057,0,0,0,0,0,0,0,0,0
172000062,172000062,0,0,0,0,0,0,0,0,0
172001001,172001001,0,0,0,0,0,0,0,0,0
172001028,172001028,0,0,0,0,0,0,0,0,0
172001051,172001051,0,0,0,0,0,0,0,0,0
172001068,172001068,0,0,0,0,0,0,0,0,0
172001078,172001078,0,0,0,0,0,0,0,0,0
172001105,172001105,0,0,0,0,0,0,0,0,0
172001123,172001123,0,0,0,0,0,0,0,0,0
172001136,172001136,0,0,0,0,0,0,0,0,0
172001159,172001159,0,0,0,0,0,0,0,0,0
172001184,172001184,0,0,0,0,0,0,0,0,0
172001208,172001208,0,0,0,0,0,0,0,0,0
172001229,172001229,0,0,0,0,0,0,0,0,0
172003000,172003000,0,0,0,0,0,0,0,0,0
172003023,172003023,0,0,0,0,0,0,0,0,0
172003045,172003045,0,0,0,0,0,0,0,0,0
172003068,172003068,0,0,0,0,0,0,0,0,0
172003096,172003096,0,0,0,0,0,0,0,0,0
172003119,172003119,0,0,0,0,0,0,0,0,0
172003142,172003142,0,0,0,0,0,0,0,0,0
172003156,172003156,0,0,0,0,0,0,0,0,0
172003167,172003167,0,0,0,0,0,0,0,0,0
172003178,172003178,0,0,0,0,0,0,0,0,0
172003200,172003200,0,0,0,0,0,0,0,0,0
172003223,172003223,0,0,0,0,0,0,0,0,0
172003244,172003244,0,0,0,0,0,0,0,0,0
172000002,172000002,0,0,0,0,0,0,0,0,0
172000030,172000030,0,0,0,0,0,0,0,0,0
172000037,172000037,0,0,0,0,0,0,0,0,0
172000044,172000044,0,0,0,0,0,0,0,0,0
172000053,172000053,0,0,0,0,0,0,0,0,0
172000058,172000058,0,0,0,0,0,0,0,0,0
172000063,172000063,0,0,0,0,0,0,0,0,0
173000000,173000000,0,0,0,0,0,0,0,0,0
173000022,173000022,0,0,0,0,0,0,0,0,0
173000040,173000040,0,0,0,0,0,0,0,0,0
173000061,173000061,0,0,0,0,0,0,0,0,0
173001000,173001000,0,0,0,0,0,0,0,0,0
173001015,173001015,0,0,0,0,0,0,0,0,0
173001036,173001036,0,0,0,0,0,0,0,0,0
173001043,173001043,0,0,0,0,0,0,0,0,0
174000000,174000000,174001100,0,0,0,0,0,0,0,0
174000100,174000100,0,0,0,0,0,0,0,0,0
174000200,174000200,0,0,0,0,0,0,0,0,0
174000300,174000300,0,0,0,0,0,0,0,0,0
174000400,174000400,0,0,0,0,0,0,0,0,0
174000500,174000500,0,0,0,0,0,0,0,0,0
174000600,174000600,0,0,0,0,0,0,0,0,0
174000700,174000700,0,0,0,0,0,0,0,0,0
174000800,174000800,0,0,0,0,0,0,0,0,0
174000900,174000900,0,0,0,0,0,0,0,0,0
174001000,174001000,0,0,0,0,0,0,0,0,0
174020001,174020001,0,0,0,0,0,0,0,0,0
174020101,174020101,0,0,0,0,0,0,0,0,0
174020201,174020201,0,0,0,0,0,0,0,0,0
174020301,174020301,0,0,0,0,0,0,0,0,0
174020401,174020401,0,0,0,0,0,0,0,0,0
174020501,174020501,0,0,0,0,0,0,0,0,0
174020601,174020601,0,0,0,0,0,0,0,0,0
174020701,174020701,0,0,0,0,0,0,0,0,0
174020801,174020801,0,0,0,0,0,0,0,0,0
174020901,174020901,0,0,0,0,0,0,0,0,0
174030001,174030001,0,0,0,0,0,0,0,0,0
174080001,174080001,0,0,0,0,0,0,0,0,0
181000001,181000001,0,0,0,0,0,0,0,0,0
181000101,181000101,0,0,0,0,0,0,0,0,0
181000201,181000201,0,0,0,0,0,0,0,0,0
181000301,181000301,0,0,0,0,0,0,0,0,0
181000401,181000401,0,0,0,0,0,0,0,0,0
181003001,181003001,0,0,0,0,0,0,0,0,0
182010001,182010001,0,0,0,0,0,0,0,0,0
182010101,182010101,0,0,0,0,0,0,0,0,0
182010201,182010201,0,0,0,0,0,0,0,0,0
182010301,182010301,0,0,0,0,0,0,0,0,0
182010401,182010401,0,0,0,0,0,0,0,0,0
182000001,182000001,0,0,0,0,0,0,0,0,0
182000101,182000101,0,0,0,0,0,0,0,0,0
182000201,182000201,0,0,0,0,0,0,0,0,0
182000301,182000301,0,0,0,0,0,0,0,0,0
182000401,182000401,0,0,0,0,0,0,0,0,0
182000501,182000501,0,0,0,0,0,0,0,0,0
182000601,182000601,0,0,0,0,0,0,0,0,0
182000701,182000701,0,0,0,0,0,0,0,0,0
182000801,182000801,0,0,0,0,0,0,0,0,0
182010002,182010002,0,0,0,0,0,0,0,0,0
182010003,182010003,0,0,0,0,0,0,0,0,0
182010102,182010102,0,0,0,0,0,0,0,0,0
182010103,182010103,0,0,0,0,0,0,0,0,0
182010104,182010104,0,0,0,0,0,0,0,0,0
182010105,182010105,0,0,0,0,0,0,0,0,0
182010202,182010202,0,0,0,0,0,0,0,0,0
182010203,182010203,0,0,0,0,0,0,0,0,0
182010204,182010204,0,0,0,0,0,0,0,0,0
182010302,182010302,0,0,0,0,0,0,0,0,0
182010303,182010303,0,0,0,0,0,0,0,0,0
189090001,189090001,0,0,0,0,0,0,0,0,0
189090002,189090002,0,0,0,0,0,0,0,0,0
189090003,189090003,0,0,0,0,0,0,0,0,0
189090004,189090004,0,0,0,0,0,0,0,0,0
189090005,189090005,0,0,0,0,0,0,0,0,0
183000001,183000001,0,0,0,0,0,0,0,0,0
183000101,183000101,0,0,0,0,0,0,0,0,0
183000201,183000201,0,0,0,0,0,0,0,0,0
183000301,183000301,0,0,0,0,0,0,0,0,0
183000401,183000401,0,0,0,0,0,0,0,0,0
183000501,183000501,0,0,0,0,0,0,0,0,0
183000601,183000601,0,0,0,0,0,0,0,0,0
183000701,183000701,0,0,0,0,0,0,0,0,0
183000801,183000801,0,0,0,0,0,0,0,0,0
183000901,183000901,0,0,0,0,0,0,0,0,0
189090008,189090008,0,0,0,0,0,0,0,0,0
189090009,189090009,0,0,0,0,0,0,0,0,0
184000101,184000101,0,0,0,0,0,0,0,0,0
184000201,184000201,0,0,0,0,0,0,0,0,0
184000301,184000301,0,0,0,0,0,0,0,0,0
184000401,184000401,0,0,0,0,0,0,0,0,0
184000501,184000501,0,0,0,0,0,0,0,0,0
184000601,184000601,0,0,0,0,0,0,0,0,0
184000701,184000701,0,0,0,0,0,0,0,0,0
184000801,184000801,0,0,0,0,0,0,0,0,0
184000901,184000901,0,0,0,0,0,0,0,0,0
184001001,184001001,0,0,0,0,0,0,0,0,0
184001101,184001101,0,0,0,0,0,0,0,0,0
184001201,184001201,0,0,0,0,0,0,0,0,0
184100101,184100101,0,0,0,0,0,0,0,0,0
184100201,184100201,0,0,0,0,0,0,0,0,0
184100301,184100301,0,0,0,0,0,0,0,0,0
184100401,184100401,0,0,0,0,0,0,0,0,0
184100501,184100501,0,0,0,0,0,0,0,0,0
184100601,184100601,0,0,0,0,0,0,0,0,0
184100801,184100801,0,0,0,0,0,0,0,0,0
184101001,184101001,0,0,0,0,0,0,0,0,0
184101301,184101301,0,0,0,0,0,0,0,0,0
184101501,184101501,0,0,0,0,0,0,0,0,0
184101801,184101801,0,0,0,0,0,0,0,0,0
184102001,184102001,0,0,0,0,0,0,0,0,0
184102301,184102301,0,0,0,0,0,0,0,0,0
184102501,184102501,0,0,0,0,0,0,0,0,0
184102801,184102801,0,0,0,0,0,0,0,0,0
184103001,184103001,0,0,0,0,0,0,0,0,0
184002001,184002001,0,0,0,0,0,0,0,0,0
184002008,184002008,0,0,0,0,0,0,0,0,0
184001301,184001301,0,0,0,0,0,0,0,0,0
189090010,189090010,0,0,0,0,0,0,0,0,0
189090011,189090011,0,0,0,0,0,0,0,0,0
189090012,189090012,0,0,0,0,0,0,0,0,0
189090013,189090013,0,0,0,0,0,0,0,0,0
189090014,189090014,0,0,0,0,0,0,0,0,0
189090015,189090015,0,0,0,0,0,0,0,0,0
189090016,189090016,0,0,0,0,0,0,0,0,0
184009901,184009901,0,0,0,0,0,0,0,0,0
189090017,189090017,189090018,189090019,189090020,0,0,0,0,0,0
189090021,189090021,0,0,0,0,0,0,0,0,0
189090022,189090022,0,0,0,0,0,0,0,0,0
189090023,189090023,0,0,0,0,0,0,0,0,0
189090024,189090024,0,0,0,0,0,0,0,0,0
191000101,191000101,0,0,0,0,0,0,0,0,0
191000201,191000201,0,0,0,0,0,0,0,0,0
191000301,191000301,0,0,0,0,0,0,0,0,0
191000401,191000401,0,0,0,0,0,0,0,0,0
191000501,191000501,0,0,0,0,0,0,0,0,0
191000601,191000601,0,0,0,0,0,0,0,0,0
191000701,191000701,0,0,0,0,0,0,0,0,0
191000801,191000801,0,0,0,0,0,0,0,0,0
191000901,191000901,0,0,0,0,0,0,0,0,0
191001001,191001001,0,0,0,0,0,0,0,0,0
192000101,192000101,0,0,0,0,0,0,0,0,0
192000201,192000201,0,0,0,0,0,0,0,0,0
192000301,192000301,0,0,0,0,0,0,0,0,0
192000401,192000401,0,0,0,0,0,0,0,0,0
192000501,192000501,0,0,0,0,0,0,0,0,0
192000601,192000601,0,0,0,0,0,0,0,0,0
192000701,192000701,0,0,0,0,0,0,0,0,0
192000801,192000801,0,0,0,0,0,0,0,0,0
192000901,192000901,0,0,0,0,0,0,0,0,0
192001001,192001001,0,0,0,0,0,0,0,0,0
192001101,192001101,0,0,0,0,0,0,0,0,0
192001201,192001201,0,0,0,0,0,0,0,0,0
192001301,192001301,0,0,0,0,0,0,0,0,0
192001401,192001401,0,0,0,0,0,0,0,0,0
192005101,192005101,0,0,0,0,0,0,0,0,0
192005201,192005201,0,0,0,0,0,0,0,0,0
192005301,192005301,0,0,0,0,0,0,0,0,0
192005401,192005401,0,0,0,0,0,0,0,0,0
192005501,192005501,0,0,0,0,0,0,0,0,0
192006101,192006101,0,0,0,0,0,0,0,0,0
192006201,192006201,0,0,0,0,0,0,0,0,0
192006301,192006301,0,0,0,0,0,0,0,0,0
192006401,192006401,0,0,0,0,0,0,0,0,0
192006501,192006501,0,0,0,0,0,0,0,0,0
192007101,192007101,0,0,0,0,0,0,0,0,0
192007201,192007201,0,0,0,0,0,0,0,0,0
192007301,192007301,0,0,0,0,0,0,0,0,0
192007401,192007401,0,0,0,0,0,0,0,0,0
192007501,192007501,0,0,0,0,0,0,0,0,0
192008101,192008101,0,0,0,0,0,0,0,0,0
192008201,192008201,0,0,0,0,0,0,0,0,0
192008301,192008301,0,0,0,0,0,0,0,0,0
192008401,192008401,0,0,0,0,0,0,0,0,0
192008501,192008501,0,0,0,0,0,0,0,0,0
192008601,192008601,0,0,0,0,0,0,0,0,0
193000101,193000101,0,0,0,0,0,0,0,0,0
193000201,193000201,0,0,0,0,0,0,0,0,0
193000301,193000301,0,0,0,0,0,0,0,0,0
193000401,193000401,0,0,0,0,0,0,0,0,0
193000501,193000501,0,0,0,0,0,0,0,0,0
193000601,193000601,0,0,0,0,0,0,0,0,0
193000701,193000701,0,0,0,0,0,0,0,0,0
193000801,193000801,0,0,0,0,0,0,0,0,0
193000901,193000901,0,0,0,0,0,0,0,0,0
193001001,193001001,0,0,0,0,0,0,0,0,0
193001101,193001101,0,0,0,0,0,0,0,0,0
193001201,193001201,0,0,0,0,0,0,0,0,0
193001301,193001301,0,0,0,0,0,0,0,0,0
193002101,193002101,0,0,0,0,0,0,0,0,0
193002601,193002601,0,0,0,0,0,0,0,0,0
193002801,193002801,0,0,0,0,0,0,0,0,0
193005101,193005101,0,0,0,0,0,0,0,0,0
193005201,193005201,0,0,0,0,0,0,0,0,0
193005301,193005301,0,0,0,0,0,0,0,0,0
193005401,193005401,0,0,0,0,0,0,0,0,0
193005501,193005501,0,0,0,0,0,0,0,0,0
193005601,193005601,0,0,0,0,0,0,0,0,0
193006101,193006101,0,0,0,0,0,0,0,0,0
193006201,193006201,0,0,0,0,0,0,0,0,0
193006301,193006301,0,0,0,0,0,0,0,0,0
193006401,193006401,0,0,0,0,0,0,0,0,0
193006501,193006501,0,0,0,0,0,0,0,0,0
193007101,193007101,0,0,0,0,0,0,0,0,0
193007201,193007201,0,0,0,0,0,0,0,0,0
193007301,193007301,0,0,0,0,0,0,0,0,0
193007401,193007401,0,0,0,0,0,0,0,0,0
193007501,193007501,0,0,0,0,0,0,0,0,0
193007601,193007601,0,0,0,0,0,0,0,0,0
193007701,193007701,0,0,0,0,0,0,0,0,0
193008101,193008101,0,0,0,0,0,0,0,0,0
193008201,193008201,0,0,0,0,0,0,0,0,0
193008301,193008301,0,0,0,0,0,0,0,0,0
193008401,193008401,0,0,0,0,0,0,0,0,0
193008501,193008501,0,0,0,0,0,0,0,0,0
193004101,193004101,0,0,0,0,0,0,0,0,0
194000101,194000101,0,0,0,0,0,0,0,0,0
194000201,194000201,0,0,0,0,0,0,0,0,0
194000301,194000301,0,0,0,0,0,0,0,0,0
194000401,194000401,0,0,0,0,0,0,0,0,0
194000501,194000501,0,0,0,0,0,0,0,0,0
194000601,194000601,0,0,0,0,0,0,0,0,0
194000701,194000701,0,0,0,0,0,0,0,0,0
194000801,194000801,0,0,0,0,0,0,0,0,0
194000901,194000901,0,0,0,0,0,0,0,0,0
194001001,194001001,0,0,0,0,0,0,0,0,0
194001101,194001101,0,0,0,0,0,0,0,0,0
194001201,194001201,0,0,0,0,0,0,0,0,0
194001301,194001301,0,0,0,0,0,0,0,0,0
194001401,194001401,0,0,0,0,0,0,0,0,0
194001501,194001501,0,0,0,0,0,0,0,0,0
194001601,194001601,0,0,0,0,0,0,0,0,0
194005101,194005101,0,0,0,0,0,0,0,0,0
194005201,194005201,0,0,0,0,0,0,0,0,0
194005301,194005301,0,0,0,0,0,0,0,0,0
194005401,194005401,0,0,0,0,0,0,0,0,0
194005501,194005501,0,0,0,0,0,0,0,0,0
194005601,194005601,0,0,0,0,0,0,0,0,0
194006101,194006101,0,0,0,0,0,0,0,0,0
194006201,194006201,0,0,0,0,0,0,0,0,0
194006301,194006301,0,0,0,0,0,0,0,0,0
194006401,194006401,0,0,0,0,0,0,0,0,0
194006501,194006501,0,0,0,0,0,0,0,0,0
194007101,194007101,0,0,0,0,0,0,0,0,0
194007201,194007201,0,0,0,0,0,0,0,0,0
194007301,194007301,0,0,0,0,0,0,0,0,0
194007401,194007401,0,0,0,0,0,0,0,0,0
194007501,194007501,0,0,0,0,0,0,0,0,0
194007601,194007601,0,0,0,0,0,0,0,0,0
194007701,194007701,0,0,0,0,0,0,0,0,0
194007801,194007801,0,0,0,0,0,0,0,0,0
194008101,194008101,0,0,0,0,0,0,0,0,0
194008201,194008201,0,0,0,0,0,0,0,0,0
194008301,194008301,0,0,0,0,0,0,0,0,0
194008401,194008401,0,0,0,0,0,0,0,0,0
194008501,194008501,0,0,0,0,0,0,0,0,0
194008601,194008601,0,0,0,0,0,0,0,0,0
194900101,194900101,0,0,0,0,0,0,0,0,0
194205101,194205101,0,0,0,0,0,0,0,0,0
194205201,194205201,0,0,0,0,0,0,0,0,0
194205301,194205301,0,0,0,0,0,0,0,0,0
194205401,194205401,0,0,0,0,0,0,0,0,0
194205501,194205501,0,0,0,0,0,0,0,0,0
194205601,194205601,0,0,0,0,0,0,0,0,0
194205701,194205701,0,0,0,0,0,0,0,0,0
194206101,194206101,0,0,0,0,0,0,0,0,0
201000101,201000101,0,0,0,0,0,0,0,0,0
201000201,201000201,0,0,0,0,0,0,0,0,0
201000301,201000301,0,0,0,0,0,0,0,0,0
201000401,201000401,0,0,0,0,0,0,0,0,0
201000501,201000501,0,0,0,0,0,0,0,0,0
201000601,201000601,0,0,0,0,0,0,0,0,0
201000701,201000701,0,0,0,0,0,0,0,0,0
201000801,201000801,0,0,0,0,0,0,0,0,0
201000901,201000901,0,0,0,0,0,0,0,0,0
201001001,201001001,0,0,0,0,0,0,0,0,0
201001101,201001101,0,0,0,0,0,0,0,0,0
201005101,201005101,0,0,0,0,0,0,0,0,0
201005201,201005201,0,0,0,0,0,0,0,0,0
201005301,201005301,0,0,0,0,0,0,0,0,0
201005401,201005401,0,0,0,0,0,0,0,0,0
201005501,201005501,0,0,0,0,0,0,0,0,0
201005601,201005601,0,0,0,0,0,0,0,0,0
201005701,201005701,0,0,0,0,0,0,0,0,0
201006101,201006101,0,0,0,0,0,0,0,0,0
201006201,201006201,0,0,0,0,0,0,0,0,0
201006301,201006301,0,0,0,0,0,0,0,0,0
201006401,201006401,0,0,0,0,0,0,0,0,0
201006501,201006501,0,0,0,0,0,0,0,0,0
201006601,201006601,0,0,0,0,0,0,0,0,0
201007101,201007101,0,0,0,0,0,0,0,0,0
201007201,201007201,0,0,0,0,0,0,0,0,0
201007301,201007301,0,0,0,0,0,0,0,0,0
201007401,201007401,0,0,0,0,0,0,0,0,0
201007501,201007501,0,0,0,0,0,0,0,0,0
201008101,201008101,0,0,0,0,0,0,0,0,0
201008201,201008201,0,0,0,0,0,0,0,0,0
201008301,201008301,0,0,0,0,0,0,0,0,0
201008401,201008401,0,0,0,0,0,0,0,0,0
201009501,201009501,0,0,0,0,0,0,0,0,0
202000101,202000101,0,0,0,0,0,0,0,0,0
202000201,202000201,0,0,0,0,0,0,0,0,0
202000301,202000301,0,0,0,0,0,0,0,0,0
202000401,202000401,0,0,0,0,0,0,0,0,0
202000501,202000501,0,0,0,0,0,0,0,0,0
202000601,202000601,0,0,0,0,0,0,0,0,0
202000701,202000701,0,0,0,0,0,0,0,0,0
202010701,202010701,0,0,0,0,0,0,0,0,0
202020701,202020701,0,0,0,0,0,0,0,0,0
202000801,202000801,0,0,0,0,0,0,0,0,0
202000901,202000901,0,0,0,0,0,0,0,0,0
202010901,202010901,0,0,0,0,0,0,0,0,0
202020901,202020901,0,0,0,0,0,0,0,0,0
202030901,202030901,0,0,0,0,0,0,0,0,0
202040901,202040901,0,0,0,0,0,0,0,0,0
202050901,202050901,0,0,0,0,0,0,0,0,0
202001001,202001001,0,0,0,0,0,0,0,0,0
202001101,202001101,0,0,0,0,0,0,0,0,0
202005101,202005101,0,0,0,0,0,0,0,0,0
202005201,202005201,0,0,0,0,0,0,0,0,0
202005301,202005301,0,0,0,0,0,0,0,0,0
202005401,202005401,0,0,0,0,0,0,0,0,0
202005501,202005501,0,0,0,0,0,0,0,0,0
202005601,202005601,0,0,0,0,0,0,0,0,0
202006101,202006101,0,0,0,0,0,0,0,0,0
202006201,202006201,0,0,0,0,0,0,0,0,0
202006301,202006301,0,0,0,0,0,0,0,0,0
202006401,202006401,0,0,0,0,0,0,0,0,0
202006501,202006501,0,0,0,0,0,0,0,0,0
202006601,202006601,0,0,0,0,0,0,0,0,0
202007101,202007101,0,0,0,0,0,0,0,0,0
202007201,202007201,0,0,0,0,0,0,0,0,0
202007301,202007301,0,0,0,0,0,0,0,0,0
202007401,202007401,0,0,0,0,0,0,0,0,0
202007501,202007501,0,0,0,0,0,0,0,0,0
202008101,202008101,0,0,0,0,0,0,0,0,0
202008201,202008201,0,0,0,0,0,0,0,0,0
202008301,202008301,0,0,0,0,0,0,0,0,0
202008401,202008401,0,0,0,0,0,0,0,0,0
202009501,202009501,0,0,0,0,0,0,0,0,0
202100101,202100101,0,0,0,0,0,0,0,0,0
202100201,202100201,0,0,0,0,0,0,0,0,0
202004101,202004101,0,0,0,0,0,0,0,0,0
202004201,202004201,0,0,0,0,0,0,0,0,0
202004301,202004301,0,0,0,0,0,0,0,0,0
202004401,202004401,0,0,0,0,0,0,0,0,0
202100301,202100301,0,0,0,0,0,0,0,0,0
202002101,202002101,0,0,0,0,0,0,0,0,0
202002201,202002201,0,0,0,0,0,0,0,0,0
202002301,202002301,0,0,0,0,0,0,0,0,0
202002401,202002401,0,0,0,0,0,0,0,0,0
202002501,202002501,0,0,0,0,0,0,0,0,0
202002601,202002601,0,0,0,0,0,0,0,0,0
202002701,202002701,0,0,0,0,0,0,0,0,0
148110003,148111100,0,0,0,0,0,0,0,0,0
148120010,148121700,0,0,0,0,0,0,0,0,0
202012101,202012101,0,0,0,0,0,0,0,0,0
202012102,202012102,0,0,0,0,0,0,0,0,0
202012103,202012103,0,0,0,0,0,0,0,0,0
202012104,202012104,0,0,0,0,0,0,0,0,0
202012105,202012105,0,0,0,0,0,0,0,0,0
202012106,202012106,0,0,0,0,0,0,0,0,0
202012107,202012107,0,0,0,0,0,0,0,0,0
202012108,202012108,0,0,0,0,0,0,0,0,0
202012109,202012109,0,0,0,0,0,0,0,0,0
202012110,202012110,0,0,0,0,0,0,0,0,0
202012111,202012111,0,0,0,0,0,0,0,0,0
202012112,202012112,0,0,0,0,0,0,0,0,0
202020001,202020001,0,0,0,0,0,0,0,0,0
203000101,203000101,0,0,0,0,0,0,0,0,0
203000201,203000201,0,0,0,0,0,0,0,0,0
203000301,203000301,0,0,0,0,0,0,0,0,0
203000401,203000401,0,0,0,0,0,0,0,0,0
203000501,203000501,0,0,0,0,0,0,0,0,0
203000601,203000601,0,0,0,0,0,0,0,0,0
203000701,203000701,0,0,0,0,0,0,0,0,0
203000801,203000801,0,0,0,0,0,0,0,0,0
203010801,203010801,203110801,0,0,0,0,0,0,0,0
203020801,203020801,203120801,0,0,0,0,0,0,0,0
203000901,203000901,203100901,0,0,0,0,0,0,0,0
203001001,203001001,0,0,0,0,0,0,0,0,0
203011001,203011001,0,0,0,0,0,0,0,0,0
203021001,203021001,0,0,0,0,0,0,0,0,0
203031001,203031001,203131001,0,0,0,0,0,0,0,0
203041001,203041001,203141001,0,0,0,0,0,0,0,0
203051001,203051001,203151001,0,0,0,0,0,0,0,0
203061001,203061001,0,0,0,0,0,0,0,0,0
203071001,203071001,0,0,0,0,0,0,0,0,0
203001101,203001101,0,0,0,0,0,0,0,0,0
203011101,203011101,0,0,0,0,0,0,0,0,0
203005101,203005101,0,0,0,0,0,0,0,0,0
203005201,203005201,0,0,0,0,0,0,0,0,0
203005301,203005301,0,0,0,0,0,0,0,0,0
203005401,203005401,0,0,0,0,0,0,0,0,0
203006101,203006101,0,0,0,0,0,0,0,0,0
203006201,203006201,0,0,0,0,0,0,0,0,0
203006301,203006301,0,0,0,0,0,0,0,0,0
203006401,203006401,0,0,0,0,0,0,0,0,0
203007101,203007101,0,0,0,0,0,0,0,0,0
203007201,203007201,0,0,0,0,0,0,0,0,0
203007301,203007301,0,0,0,0,0,0,0,0,0
203007401,203007401,0,0,0,0,0,0,0,0,0
203009501,203009501,0,0,0,0,0,0,0,0,0
203900001,203900001,0,0,0,0,0,0,0,0,0
204000101,204000101,0,0,0,0,0,0,0,0,0
204010101,204010101,0,0,0,0,0,0,0,0,0
204020101,204020101,0,0,0,0,0,0,0,0,0
204000201,204000201,0,0,0,0,0,0,0,0,0
204000301,204000301,0,0,0,0,0,0,0,0,0
204000401,204000401,0,0,0,0,0,0,0,0,0
204000501,204000501,0,0,0,0,0,0,0,0,0
204000601,204000601,0,0,0,0,0,0,0,0,0
204000701,204000701,0,0,0,0,0,0,0,0,0
204000801,204000801,0,0,0,0,0,0,0,0,0
204000901,204000901,0,0,0,0,0,0,0,0,0
204010901,204010901,0,0,0,0,0,0,0,0,0
204020901,204020901,0,0,0,0,0,0,0,0,0
204001001,204001001,0,0,0,0,0,0,0,0,0
204001101,204001101,0,0,0,0,0,0,0,0,0
204011101,204011101,0,0,0,0,0,0,0,0,0
204021101,204021101,0,0,0,0,0,0,0,0,0
204031101,204031101,0,0,0,0,0,0,0,0,0
204041101,204041101,0,0,0,0,0,0,0,0,0
204051101,204051101,0,0,0,0,0,0,0,0,0
204061101,204061101,0,0,0,0,0,0,0,0,0
204001201,204001201,0,0,0,0,0,0,0,0,0
204001301,204001301,0,0,0,0,0,0,0,0,0
204011301,204011301,0,0,0,0,0,0,0,0,0
204005101,204005101,0,0,0,0,0,0,0,0,0
204005201,204005201,0,0,0,0,0,0,0,0,0
204005301,204005301,0,0,0,0,0,0,0,0,0
204005401,204005401,0,0,0,0,0,0,0,0,0
204006101,204006101,0,0,0,0,0,0,0,0,0
204006201,204006201,0,0,0,0,0,0,0,0,0
204006301,204006301,0,0,0,0,0,0,0,0,0
204006401,204006401,0,0,0,0,0,0,0,0,0
204007101,204007101,0,0,0,0,0,0,0,0,0
204007201,204007201,0,0,0,0,0,0,0,0,0
204007301,204007301,0,0,0,0,0,0,0,0,0
204007401,204007401,0,0,0,0,0,0,0,0,0
204008101,204008101,0,0,0,0,0,0,0,0,0
204008201,204008201,0,0,0,0,0,0,0,0,0
204008301,204008301,0,0,0,0,0,0,0,0,0
204008401,204008401,0,0,0,0,0,0,0,0,0
204009501,204009501,0,0,0,0,0,0,0,0,0
204009901,204009901,0,0,0,0,0,0,0,0,0
204009902,204009902,0,0,0,0,0,0,0,0,0
204009903,204009903,0,0,0,0,0,0,0,0,0
204009904,204009904,0,0,0,0,0,0,0,0,0
204009905,204009905,0,0,0,0,0,0,0,0,0
204009906,204009906,0,0,0,0,0,0,0,0,0
211000101,211000101,0,0,0,0,0,0,0,0,0
211000201,211000201,0,0,0,0,0,0,0,0,0
211000301,211000301,0,0,0,0,0,0,0,0,0
211010301,211010301,0,0,0,0,0,0,0,0,0
211020301,211020301,0,0,0,0,0,0,0,0,0
211000401,211000401,0,0,0,0,0,0,0,0,0
211000501,211000501,0,0,0,0,0,0,0,0,0
211000601,211000601,0,0,0,0,0,0,0,0,0
211000701,211000701,0,0,0,0,0,0,0,0,0
211010701,211010701,0,0,0,0,0,0,0,0,0
211020701,211020701,0,0,0,0,0,0,0,0,0
211030701,211030701,0,0,0,0,0,0,0,0,0
211000801,211000801,0,0,0,0,0,0,0,0,0
211000901,211000901,0,0,0,0,0,0,0,0,0
211001001,211001001,0,0,0,0,0,0,0,0,0
211011001,211011001,0,0,0,0,0,0,0,0,0
211021001,211021001,0,0,0,0,0,0,0,0,0
211031001,211031001,0,0,0,0,0,0,0,0,0
211041001,211041001,0,0,0,0,0,0,0,0,0
211051001,211051001,0,0,0,0,0,0,0,0,0
211001101,211001101,0,0,0,0,0,0,0,0,0
211001201,211001201,0,0,0,0,0,0,0,0,0
211011201,211011201,0,0,0,0,0,0,0,0,0
211005101,211005101,0,0,0,0,0,0,0,0,0
211005201,211005201,0,0,0,0,0,0,0,0,0
211005301,211005301,0,0,0,0,0,0,0,0,0
211005401,211005401,0,0,0,0,0,0,0,0,0
211006101,211006101,0,0,0,0,0,0,0,0,0
211006201,211006201,0,0,0,0,0,0,0,0,0
211006301,211006301,0,0,0,0,0,0,0,0,0
211006401,211006401,0,0,0,0,0,0,0,0,0
211007101,211007101,0,0,0,0,0,0,0,0,0
211007201,211007201,0,0,0,0,0,0,0,0,0
211007301,211007301,0,0,0,0,0,0,0,0,0
211007401,211007401,0,0,0,0,0,0,0,0,0
211009501,211009501,0,0,0,0,0,0,0,0,0
901000101,901000101,0,0,0,0,0,0,0,0,0
901000201,901000201,0,0,0,0,0,0,0,0,0
901010201,901010201,0,0,0,0,0,0,0,0,0
901020201,901020201,0,0,0,0,0,0,0,0,0
901030201,901030201,0,0,0,0,0,0,0,0,0
901000301,901000301,0,0,0,0,0,0,0,0,0
901010301,901010301,0,0,0,0,0,0,0,0,0
901000401,901000401,0,0,0,0,0,0,0,0,0
901010401,901010401,0,0,0,0,0,0,0,0,0
901000501,901000501,0,0,0,0,0,0,0,0,0
901010501,901010501,0,0,0,0,0,0,0,0,0
901020501,901020501,0,0,0,0,0,0,0,0,0
901000601,901000601,0,0,0,0,0,0,0,0,0
901010601,901010601,0,0,0,0,0,0,0,0,0
901000701,901000701,0,0,0,0,0,0,0,0,0
901000801,901000801,0,0,0,0,0,0,0,0,0
901010801,901010801,0,0,0,0,0,0,0,0,0
901000901,901000901,0,0,0,0,0,0,0,0,0
901001001,901001001,0,0,0,0,0,0,0,0,0
901001101,901001101,0,0,0,0,0,0,0,0,0
901011101,901011101,0,0,0,0,0,0,0,0,0
901021101,901021101,0,0,0,0,0,0,0,0,0
901001201,901001201,0,0,0,0,0,0,0,0,0
901011201,901011201,0,0,0,0,0,0,0,0,0
901001301,901001301,0,0,0,0,0,0,0,0,0
901011301,901011301,0,0,0,0,0,0,0,0,0
901021301,901021301,0,0,0,0,0,0,0,0,0
901031301,901031301,0,0,0,0,0,0,0,0,0
901041301,901041301,0,0,0,0,0,0,0,0,0
901051301,901051301,0,0,0,0,0,0,0,0,0
901001401,901001401,0,0,0,0,0,0,0,0,0
901011401,901011401,0,0,0,0,0,0,0,0,0
901021401,901021401,0,0,0,0,0,0,0,0,0
901031401,901031401,0,0,0,0,0,0,0,0,0
901001501,901001501,0,0,0,0,0,0,0,0,0
901011501,901011501,0,0,0,0,0,0,0,0,0
901001601,901001601,0,0,0,0,0,0,0,0,0
901011601,901011601,0,0,0,0,0,0,0,0,0
901021601,901021601,0,0,0,0,0,0,0,0,0
901001701,901001701,0,0,0,0,0,0,0,0,0
901001801,901001801,0,0,0,0,0,0,0,0,0
901001901,901001901,0,0,0,0,0,0,0,0,0
901011901,901011901,902011901,0,0,0,0,0,0,0,0
901021901,901021901,0,0,0,0,0,0,0,0,0
901031901,901031901,0,0,0,0,0,0,0,0,0
901041901,901041901,0,0,0,0,0,0,0,0,0
901051901,901051901,0,0,0,0,0,0,0,0,0
901002001,901002001,0,0,0,0,0,0,0,0,0
901012001,901012001,0,0,0,0,0,0,0,0,0
901022001,901022001,0,0,0,0,0,0,0,0,0
901032001,901032001,0,0,0,0,0,0,0,0,0
901042001,901042001,0,0,0,0,0,0,0,0,0
901052001,901052001,0,0,0,0,0,0,0,0,0
901002101,901002101,0,0,0,0,0,0,0,0,0
901002201,901002201,0,0,0,0,0,0,0,0,0
901012201,901012201,901012202,0,0,0,0,0,0,0,0
901022201,901022201,0,0,0,0,0,0,0,0,0
901002301,901002301,0,0,0,0,0,0,0,0,0
901012301,901012301,0,0,0,0,0,0,0,0,0
901002401,901002401,0,0,0,0,0,0,0,0,0
901012401,901012401,0,0,0,0,0,0,0,0,0
901002501,901002501,0,0,0,0,0,0,0,0,0
901002601,901002601,0,0,0,0,0,0,0,0,0
901012601,901012601,0,0,0,0,0,0,0,0,0
901002701,901002701,0,0,0,0,0,0,0,0,0
901002801,901002801,0,0,0,0,0,0,0,0,0
901012801,901012801,0,0,0,0,0,0,0,0,0
901022801,901022801,0,0,0,0,0,0,0,0,0
901002901,901002901,0,0,0,0,0,0,0,0,0
901012901,901012901,0,0,0,0,0,0,0,0,0
901003001,901003001,0,0,0,0,0,0,0,0,0
901013001,901013001,0,0,0,0,0,0,0,0,0
901003101,901003101,0,0,0,0,0,0,0,0,0
901013101,901013101,901033101,0,0,0,0,0,0,0,0
901023101,901023101,0,0,0,0,0,0,0,0,0
901003201,901003201,0,0,0,0,0,0,0,0,0
218001101,218001101,0,0,0,0,0,0,0,0,0
218001201,218001201,0,0,0,0,0,0,0,0,0
218001301,218001301,0,0,0,0,0,0,0,0,0
218001401,218001401,0,0,0,0,0,0,0,0,0
218001501,218001501,0,0,0,0,0,0,0,0,0
218001601,218001601,0,0,0,0,0,0,0,0,0
218001701,218001701,0,0,0,0,0,0,0,0,0
218002101,218002101,0,0,0,0,0,0,0,0,0
218002201,218002201,0,0,0,0,0,0,0,0,0
218002301,218002301,0,0,0,0,0,0,0,0,0
218002401,218002401,0,0,0,0,0,0,0,0,0
218002501,218002501,0,0,0,0,0,0,0,0,0
218002601,218002601,0,0,0,0,0,0,0,0,0
218002701,218002701,0,0,0,0,0,0,0,0,0
218003101,218003101,0,0,0,0,0,0,0,0,0
218003201,218003201,0,0,0,0,0,0,0,0,0
218003301,218003301,0,0,0,0,0,0,0,0,0
218003401,218003401,0,0,0,0,0,0,0,0,0
218003501,218003501,0,0,0,0,0,0,0,0,0
218003601,218003601,0,0,0,0,0,0,0,0,0
218003701,218003701,0,0,0,0,0,0,0,0,0
218004101,218004101,0,0,0,0,0,0,0,0,0
218004201,218004201,0,0,0,0,0,0,0,0,0
218004301,218004301,0,0,0,0,0,0,0,0,0
218004401,218004401,0,0,0,0,0,0,0,0,0
218004501,218004501,0,0,0,0,0,0,0,0,0
218004601,218004601,0,0,0,0,0,0,0,0,0
218004701,218004701,0,0,0,0,0,0,0,0,0
218005101,218005101,0,0,0,0,0,0,0,0,0
218005201,218005201,0,0,0,0,0,0,0,0,0
218005301,218005301,0,0,0,0,0,0,0,0,0
218005401,218005401,0,0,0,0,0,0,0,0,0
218005501,218005501,0,0,0,0,0,0,0,0,0
218005601,218005601,0,0,0,0,0,0,0,0,0
218006101,218006101,0,0,0,0,0,0,0,0,0
218006201,218006201,0,0,0,0,0,0,0,0,0
218006301,218006301,0,0,0,0,0,0,0,0,0
218006401,218006401,0,0,0,0,0,0,0,0,0
218006501,218006501,0,0,0,0,0,0,0,0,0
218006601,218006601,0,0,0,0,0,0,0,0,0
218009901,248120101,248120201,248120301,248120401,248120501,0,0,0,0,0
218009902,248120601,248120701,248120801,248120901,248121001,248121101,248121201,0,0,0
212805001,212805001,0,0,0,0,0,0,0,0,0
212806101,212806101,0,0,0,0,0,0,0,0,0
212806102,212806102,0,0,0,0,0,0,0,0,0
212806103,212806103,0,0,0,0,0,0,0,0,0
212806104,212806104,0,0,0,0,0,0,0,0,0
212009991,212009991,0,0,0,0,0,0,0,0,0
212009992,212009992,0,0,0,0,0,0,0,0,0
146701001,146701001,0,0,0,0,0,0,0,0,0
146701002,146701002,0,0,0,0,0,0,0,0,0
146701003,146701003,0,0,0,0,0,0,0,0,0
146701004,146701004,0,0,0,0,0,0,0,0,0
146701005,146701005,0,0,0,0,0,0,0,0,0
146701006,146701006,0,0,0,0,0,0,0,0,0
102710000,102710000,0,0,0,0,0,0,0,0,0
219009201,219009201,0,0,0,0,0,0,0,0,0
212000101,212000101,0,0,0,0,0,0,0,0,0
212010101,212010101,0,0,0,0,0,0,0,0,0
212000201,212000201,0,0,0,0,0,0,0,0,0
212010201,212010201,0,0,0,0,0,0,0,0,0
212000301,212000301,0,0,0,0,0,0,0,0,0
212010301,212010301,0,0,0,0,0,0,0,0,0
212000401,212000401,0,0,0,0,0,0,0,0,0
212000501,212000501,0,0,0,0,0,0,0,0,0
212000601,212000601,0,0,0,0,0,0,0,0,0
212010601,212010601,0,0,0,0,0,0,0,0,0
212020601,212020601,0,0,0,0,0,0,0,0,0
212030601,212030601,0,0,0,0,0,0,0,0,0
212000701,212000701,0,0,0,0,0,0,0,0,0
212000801,212000801,0,0,0,0,0,0,0,0,0
212010801,212010801,0,0,0,0,0,0,0,0,0
212020801,212020801,0,0,0,0,0,0,0,0,0
212030801,212030801,0,0,0,0,0,0,0,0,0
212040801,212040801,0,0,0,0,0,0,0,0,0
212050801,212050801,0,0,0,0,0,0,0,0,0
212060801,212060801,0,0,0,0,0,0,0,0,0
212000901,212000901,0,0,0,0,0,0,0,0,0
212001001,212001001,0,0,0,0,0,0,0,0,0
212001101,212001101,0,0,0,0,0,0,0,0,0
212011101,212011101,0,0,0,0,0,0,0,0,0
212100101,212100101,0,0,0,0,0,0,0,0,0
212110101,212110101,0,0,0,0,0,0,0,0,0
212100201,212100201,0,0,0,0,0,0,0,0,0
212100401,212100401,0,0,0,0,0,0,0,0,0
212100601,212100601,0,0,0,0,0,0,0,0,0
212100701,212100701,0,0,0,0,0,0,0,0,0
212110701,212110701,0,0,0,0,0,0,0,0,0
212120701,212120701,0,0,0,0,0,0,0,0,0
212100801,212100801,0,0,0,0,0,0,0,0,0
212110801,212110801,0,0,0,0,0,0,0,0,0
219900101,219900101,0,0,0,0,0,0,0,0,0
219900301,219900301,0,0,0,0,0,0,0,0,0
219900399,219900399,0,0,0,0,0,0,0,0,0
212005101,212005101,0,0,0,0,0,0,0,0,0
212005201,212005201,0,0,0,0,0,0,0,0,0
212015201,212015201,0,0,0,0,0,0,0,0,0
212005301,212005301,0,0,0,0,0,0,0,0,0
212006101,212006101,0,0,0,0,0,0,0,0,0
212006201,212006201,0,0,0,0,0,0,0,0,0
212006301,212006301,0,0,0,0,0,0,0,0,0
212016301,212016301,0,0,0,0,0,0,0,0,0
212007101,212007101,0,0,0,0,0,0,0,0,0
212007201,212007201,0,0,0,0,0,0,0,0,0
212017201,212017201,0,0,0,0,0,0,0,0,0
212007301,212007301,0,0,0,0,0,0,0,0,0
212017301,212017301,0,0,0,0,0,0,0,0,0
212008101,212008101,0,0,0,0,0,0,0,0,0
212008201,212008201,0,0,0,0,0,0,0,0,0
212008301,212008301,0,0,0,0,0,0,0,0,0
212018301,212018301,0,0,0,0,0,0,0,0,0
212009501,212009501,0,0,0,0,0,0,0,0,0
219901101,219901101,0,0,0,0,0,0,0,0,0
219901501,219901501,0,0,0,0,0,0,0,0,0
219900599,219900599,0,0,0,0,0,0,0,0,0
212200101,212200101,0,0,0,0,0,0,0,0,0
212210101,212210101,0,0,0,0,0,0,0,0,0
212200201,212200201,0,0,0,0,0,0,0,0,0
212200401,212200401,0,0,0,0,0,0,0,0,0
212200601,212200601,0,0,0,0,0,0,0,0,0
212200701,212200701,0,0,0,0,0,0,0,0,0
212210701,212210701,0,0,0,0,0,0,0,0,0
212220701,212220701,0,0,0,0,0,0,0,0,0
212200801,212200801,0,0,0,0,0,0,0,0,0
212210801,212210801,0,0,0,0,0,0,0,0,0
213000101,213000101,0,0,0,0,0,0,0,0,0
213000201,213000201,0,0,0,0,0,0,0,0,0
213000301,213000301,0,0,0,0,0,0,0,0,0
213010301,213010301,0,0,0,0,0,0,0,0,0
213020301,213020301,0,0,0,0,0,0,0,0,0
213000401,213000401,0,0,0,0,0,0,0,0,0
213000501,213000501,0,0,0,0,0,0,0,0,0
213000601,213000601,0,0,0,0,0,0,0,0,0
213000701,213000701,0,0,0,0,0,0,0,0,0
213000801,213000801,0,0,0,0,0,0,0,0,0
213010801,213010801,0,0,0,0,0,0,0,0,0
213020801,213020801,0,0,0,0,0,0,0,0,0
213030801,213030801,0,0,0,0,0,0,0,0,0
213000901,213000901,0,0,0,0,0,0,0,0,0
213001001,213001001,0,0,0,0,0,0,0,0,0
213011001,213011001,0,0,0,0,0,0,0,0,0
213021001,213021001,0,0,0,0,0,0,0,0,0
213031001,213031001,0,0,0,0,0,0,0,0,0
213041001,213041001,0,0,0,0,0,0,0,0,0
213001101,213001101,0,0,0,0,0,0,0,0,0
213011101,213011101,0,0,0,0,0,0,0,0,0
213005101,213005101,0,0,0,0,0,0,0,0,0
213005201,213005201,0,0,0,0,0,0,0,0,0
213005301,213005301,0,0,0,0,0,0,0,0,0
213015301,213015301,0,0,0,0,0,0,0,0,0
213025301,213025301,0,0,0,0,0,0,0,0,0
213006101,213006101,0,0,0,0,0,0,0,0,0
213006201,213006201,0,0,0,0,0,0,0,0,0
213006301,213006301,0,0,0,0,0,0,0,0,0
213016301,213016301,0,0,0,0,0,0,0,0,0
213026301,213026301,0,0,0,0,0,0,0,0,0
213036301,213036301,0,0,0,0,0,0,0,0,0
213007101,213007101,0,0,0,0,0,0,0,0,0
213007201,213007201,0,0,0,0,0,0,0,0,0
213007301,213007301,0,0,0,0,0,0,0,0,0
213008101,213008101,0,0,0,0,0,0,0,0,0
213008201,213008201,0,0,0,0,0,0,0,0,0
213018201,213018201,0,0,0,0,0,0,0,0,0
213009501,213009501,0,0,0,0,0,0,0,0,0
219903101,219903101,0,0,0,0,0,0,0,0,0
219903201,219903201,0,0,0,0,0,0,0,0,0
214000101,214000101,0,0,0,0,0,0,0,0,0
214010101,214010101,0,0,0,0,0,0,0,0,0
214020101,214020101,0,0,0,0,0,0,0,0,0
214000201,214000201,0,0,0,0,0,0,0,0,0
214010201,214010201,0,0,0,0,0,0,0,0,0
214020201,214020201,0,0,0,0,0,0,0,0,0
214000301,214000301,0,0,0,0,0,0,0,0,0
214010301,214010301,0,0,0,0,0,0,0,0,0
214000401,214000401,0,0,0,0,0,0,0,0,0
214010401,214010401,0,0,0,0,0,0,0,0,0
214000501,214000501,0,0,0,0,0,0,0,0,0
214010501,214010501,0,0,0,0,0,0,0,0,0
214000601,214000601,0,0,0,0,0,0,0,0,0
214000701,214000701,0,0,0,0,0,0,0,0,0
214010701,214010701,0,0,0,0,0,0,0,0,0
214020701,214020701,0,0,0,0,0,0,0,0,0
214030701,214030701,0,0,0,0,0,0,0,0,0
214040701,214040701,0,0,0,0,0,0,0,0,0
214000801,214000801,0,0,0,0,0,0,0,0,0
214000901,214000901,0,0,0,0,0,0,0,0,0
214010901,214010901,0,0,0,0,0,0,0,0,0
214001001,214001001,0,0,0,0,0,0,0,0,0
214011001,214011001,0,0,0,0,0,0,0,0,0
214021001,214021001,0,0,0,0,0,0,0,0,0
214031001,214031001,0,0,0,0,0,0,0,0,0
214041001,214041001,0,0,0,0,0,0,0,0,0
214001101,214001101,0,0,0,0,0,0,0,0,0
214001201,214001201,0,0,0,0,0,0,0,0,0
214011201,214011201,0,0,0,0,0,0,0,0,0
214001301,214001301,0,0,0,0,0,0,0,0,0
214011301,214011301,0,0,0,0,0,0,0,0,0
214021301,214021301,0,0,0,0,0,0,0,0,0
219904101,219904101,0,0,0,0,0,0,0,0,0
219904201,219904201,0,0,0,0,0,0,0,0,0
219904301,219904301,0,0,0,0,0,0,0,0,0
214002101,214002101,0,0,0,0,0,0,0,0,0
214003101,214003101,0,0,0,0,0,0,0,0,0
214003201,214003201,0,0,0,0,0,0,0,0,0
214003301,214003301,0,0,0,0,0,0,0,0,0
214013301,214013301,0,0,0,0,0,0,0,0,0
214003401,214003401,0,0,0,0,0,0,0,0,0
214013401,214013401,0,0,0,0,0,0,0,0,0
214004101,214004101,0,0,0,0,0,0,0,0,0
214004201,214004201,0,0,0,0,0,0,0,0,0
214014201,214014201,0,0,0,0,0,0,0,0,0
214024201,214024201,0,0,0,0,0,0,0,0,0
214005101,214005101,0,0,0,0,0,0,0,0,0
214005201,214005201,0,0,0,0,0,0,0,0,0
214005301,214005301,0,0,0,0,0,0,0,0,0
214015301,214015301,0,0,0,0,0,0,0,0,0
214025301,214025301,0,0,0,0,0,0,0,0,0
214006101,214006101,0,0,0,0,0,0,0,0,0
214016101,214016101,0,0,0,0,0,0,0,0,0
214006201,214006201,0,0,0,0,0,0,0,0,0
214016201,214016201,0,0,0,0,0,0,0,0,0
214026201,214026201,0,0,0,0,0,0,0,0,0
214007101,214007101,0,0,0,0,0,0,0,0,0
214017101,214017101,0,0,0,0,0,0,0,0,0
214007201,214007201,0,0,0,0,0,0,0,0,0
214017201,214017201,0,0,0,0,0,0,0,0,0
214027201,214027201,0,0,0,0,0,0,0,0,0
214008101,214008101,0,0,0,0,0,0,0,0,0
214009101,214009101,0,0,0,0,0,0,0,0,0
214019101,214019101,0,0,0,0,0,0,0,0,0
219904401,219904401,0,0,0,0,0,0,0,0,0
219904501,219904501,0,0,0,0,0,0,0,0,0
219904601,219904601,0,0,0,0,0,0,0,0,0
221000101,221000101,0,0,0,0,0,0,0,0,0
221010101,221010101,0,0,0,0,0,0,0,0,0
221020101,221020101,0,0,0,0,0,0,0,0,0
221000201,221000201,0,0,0,0,0,0,0,0,0
221010201,221010201,0,0,0,0,0,0,0,0,0
221020201,221020201,0,0,0,0,0,0,0,0,0
221000301,221000301,0,0,0,0,0,0,0,0,0
221000401,221000401,0,0,0,0,0,0,0,0,0
221000501,221000501,0,0,0,0,0,0,0,0,0
221010501,221010501,0,0,0,0,0,0,0,0,0
221020501,221020501,0,0,0,0,0,0,0,0,0
221030501,221030501,0,0,0,0,0,0,0,0,0
221000601,221000601,0,0,0,0,0,0,0,0,0
221010601,221010601,0,0,0,0,0,0,0,0,0
221020601,221020601,0,0,0,0,0,0,0,0,0
221030601,221030601,0,0,0,0,0,0,0,0,0
221040601,221040601,0,0,0,0,0,0,0,0,0
221000701,221000701,0,0,0,0,0,0,0,0,0
221010701,221010701,0,0,0,0,0,0,0,0,0
221020701,221020701,0,0,0,0,0,0,0,0,0
221000801,221000801,0,0,0,0,0,0,0,0,0
221010801,221010801,221009301,0,0,0,0,0,0,0,0
221000901,221000901,0,0,0,0,0,0,0,0,0
221010901,221010901,0,0,0,0,0,0,0,0,0
221020901,221020901,0,0,0,0,0,0,0,0,0
221005101,221005101,0,0,0,0,0,0,0,0,0
221005201,221005201,0,0,0,0,0,0,0,0,0
221005301,221005301,0,0,0,0,0,0,0,0,0
221005401,221005401,0,0,0,0,0,0,0,0,0
221005501,221005501,0,0,0,0,0,0,0,0,0
221005601,221005601,0,0,0,0,0,0,0,0,0
221015601,221015601,0,0,0,0,0,0,0,0,0
221005701,221005701,0,0,0,0,0,0,0,0,0
221005801,221005801,0,0,0,0,0,0,0,0,0
221015801,221015801,0,0,0,0,0,0,0,0,0
221006101,221006101,0,0,0,0,0,0,0,0,0
221006201,221006201,0,0,0,0,0,0,0,0,0
221006301,221006301,0,0,0,0,0,0,0,0,0
221016301,221016301,0,0,0,0,0,0,0,0,0
221026301,221026301,0,0,0,0,0,0,0,0,0
221036301,221036301,0,0,0,0,0,0,0,0,0
221007101,221007101,0,0,0,0,0,0,0,0,0
221007201,221007201,0,0,0,0,0,0,0,0,0
221007301,221007301,0,0,0,0,0,0,0,0,0
221017301,221017301,0,0,0,0,0,0,0,0,0
221027301,221027301,0,0,0,0,0,0,0,0,0
221037301,221037301,0,0,0,0,0,0,0,0,0
221009101,221009101,0,0,0,0,0,0,0,0,0
221019101,221019101,0,0,0,0,0,0,0,0,0
221009901,221009901,0,0,0,0,0,0,0,0,0
222000101,222000101,0,0,0,0,0,0,0,0,0
222010101,222010101,0,0,0,0,0,0,0,0,0
222020101,222020101,0,0,0,0,0,0,0,0,0
222000201,222000201,0,0,0,0,0,0,0,0,0
222000301,222000301,0,0,0,0,0,0,0,0,0
222010301,222010301,0,0,0,0,0,0,0,0,0
222000401,222000401,0,0,0,0,0,0,0,0,0
222010401,222010401,0,0,0,0,0,0,0,0,0
222000501,222000501,0,0,0,0,0,0,0,0,0
222010501,222010501,0,0,0,0,0,0,0,0,0
222020501,222020501,0,0,0,0,0,0,0,0,0
222000601,222000601,0,0,0,0,0,0,0,0,0
222000701,222000701,0,0,0,0,0,0,0,0,0
222000801,222000801,0,0,0,0,0,0,0,0,0
222010801,222010801,0,0,0,0,0,0,0,0,0
222020801,222020801,0,0,0,0,0,0,0,0,0
222030801,222030801,0,0,0,0,0,0,0,0,0
222000901,222000901,0,0,0,0,0,0,0,0,0
222010901,222010901,0,0,0,0,0,0,0,0,0
222020901,222020901,0,0,0,0,0,0,0,0,0
222030901,222030901,0,0,0,0,0,0,0,0,0
222001001,222001001,0,0,0,0,0,0,0,0,0
222011001,222011001,0,0,0,0,0,0,0,0,0
222001101,222001101,0,0,0,0,0,0,0,0,0
222011101,222011101,0,0,0,0,0,0,0,0,0
222002001,222002001,0,0,0,0,0,0,0,0,0
222003001,222003001,0,0,0,0,0,0,0,0,0
222005101,222005101,0,0,0,0,0,0,0,0,0
222005201,222005201,0,0,0,0,0,0,0,0,0
222015201,222015201,0,0,0,0,0,0,0,0,0
222005301,222005301,0,0,0,0,0,0,0,0,0
222015301,222015301,0,0,0,0,0,0,0,0,0
222025301,222025301,0,0,0,0,0,0,0,0,0
222006101,222006101,0,0,0,0,0,0,0,0,0
222006201,222006201,0,0,0,0,0,0,0,0,0
222016201,222016201,0,0,0,0,0,0,0,0,0
222026201,222026201,0,0,0,0,0,0,0,0,0
222036201,222036201,0,0,0,0,0,0,0,0,0
222007101,222007101,0,0,0,0,0,0,0,0,0
222007201,222007201,0,0,0,0,0,0,0,0,0
222017201,222017201,0,0,0,0,0,0,0,0,0
222007301,222007301,0,0,0,0,0,0,0,0,0
222007401,222007401,0,0,0,0,0,0,0,0,0
222017401,222017401,0,0,0,0,0,0,0,0,0
222027401,222027401,0,0,0,0,0,0,0,0,0
222037401,222037401,0,0,0,0,0,0,0,0,0
222009501,222009501,0,0,0,0,0,0,0,0,0
254001101,222102101,0,0,0,0,0,0,0,0,0
254001201,222102201,0,0,0,0,0,0,0,0,0
222002101,222002101,0,0,0,0,0,0,0,0,0
222002201,222002201,0,0,0,0,0,0,0,0,0
222002301,222002301,0,0,0,0,0,0,0,0,0
222002401,222002401,0,0,0,0,0,0,0,0,0
222012401,222012401,0,0,0,0,0,0,0,0,0
222002501,222002501,0,0,0,0,0,0,0,0,0
222012501,222012501,0,0,0,0,0,0,0,0,0
222022501,222022501,0,0,0,0,0,0,0,0,0
222012101,222012101,0,0,0,0,0,0,0,0,0
222012102,222012102,0,0,0,0,0,0,0,0,0
222012103,222012103,0,0,0,0,0,0,0,0,0
222012104,222012104,0,0,0,0,0,0,0,0,0
222012105,222012105,0,0,0,0,0,0,0,0,0
222012106,222012106,0,0,0,0,0,0,0,0,0
222012107,222012107,0,0,0,0,0,0,0,0,0
222012108,222012108,0,0,0,0,0,0,0,0,0
222012109,222012109,0,0,0,0,0,0,0,0,0
229201101,229201101,0,0,0,0,0,0,0,0,0
229201201,229201201,0,0,0,0,0,0,0,0,0
229201301,229201301,0,0,0,0,0,0,0,0,0
229201401,229201401,0,0,0,0,0,0,0,0,0
128708001,128708001,128708101,128708201,128708301,128708401,128708501,128708601,128708701,128708801,128708901
128709101,128709101,128709201,128709301,128709501,128709601,128709701,128709801,128709901,0,0
229401001,229401001,0,0,0,0,0,0,0,0,0
229402001,229402001,0,0,0,0,0,0,0,0,0
229201501,229201501,0,0,0,0,0,0,0,0,0
223000101,223000101,0,0,0,0,0,0,0,0,0
223010101,223010101,0,0,0,0,0,0,0,0,0
223000201,223000201,0,0,0,0,0,0,0,0,0
223000301,223000301,0,0,0,0,0,0,0,0,0
223010301,223010301,0,0,0,0,0,0,0,0,0
223000401,223000401,0,0,0,0,0,0,0,0,0
223000501,223000501,0,0,0,0,0,0,0,0,0
223010501,223010501,0,0,0,0,0,0,0,0,0
223020501,223020501,0,0,0,0,0,0,0,0,0
223000601,223000601,0,0,0,0,0,0,0,0,0
223010601,223010601,0,0,0,0,0,0,0,0,0
223020601,223020601,0,0,0,0,0,0,0,0,0
223030601,223030601,0,0,0,0,0,0,0,0,0
223000701,223000701,0,0,0,0,0,0,0,0,0
223000801,223000801,0,0,0,0,0,0,0,0,0
223000901,223000901,0,0,0,0,0,0,0,0,0
223010901,223010901,0,0,0,0,0,0,0,0,0
223020901,223020901,0,0,0,0,0,0,0,0,0
223030901,223030901,0,0,0,0,0,0,0,0,0
223001001,223001001,0,0,0,0,0,0,0,0,0
223011001,223011001,0,0,0,0,0,0,0,0,0
223021001,223021001,0,0,0,0,0,0,0,0,0
223031001,223031001,0,0,0,0,0,0,0,0,0
223041001,223041001,0,0,0,0,0,0,0,0,0
223001101,223001101,0,0,0,0,0,0,0,0,0
223011101,223011101,0,0,0,0,0,0,0,0,0
223021101,223021101,0,0,0,0,0,0,0,0,0
223031101,223031101,0,0,0,0,0,0,0,0,0
223001201,223001201,0,0,0,0,0,0,0,0,0
223001301,223001301,0,0,0,0,0,0,0,0,0
223011301,223011301,0,0,0,0,0,0,0,0,0
223009501,223009501,0,0,0,0,0,0,0,0,0
223005101,223005101,0,0,0,0,0,0,0,0,0
223015101,223015101,0,0,0,0,0,0,0,0,0
223005201,223005201,0,0,0,0,0,0,0,0,0
223005301,223005301,0,0,0,0,0,0,0,0,0
223015301,223015301,0,0,0,0,0,0,0,0,0
223005401,223005401,0,0,0,0,0,0,0,0,0
223005501,223005501,0,0,0,0,0,0,0,0,0
223015501,223015501,0,0,0,0,0,0,0,0,0
223005601,223005601,0,0,0,0,0,0,0,0,0
223015601,223015601,0,0,0,0,0,0,0,0,0
223025601,223025601,0,0,0,0,0,0,0,0,0
223005701,223005701,0,0,0,0,0,0,0,0,0
223015701,223015701,0,0,0,0,0,0,0,0,0
224000101,224000101,0,0,0,0,0,0,0,0,0
224010101,224010101,0,0,0,0,0,0,0,0,0
224000201,224000201,0,0,0,0,0,0,0,0,0
224010201,224010201,0,0,0,0,0,0,0,0,0
224020201,224020201,0,0,0,0,0,0,0,0,0
224000301,224000301,0,0,0,0,0,0,0,0,0
224010301,224010301,0,0,0,0,0,0,0,0,0
224020301,224020301,0,0,0,0,0,0,0,0,0
224000401,224000401,0,0,0,0,0,0,0,0,0
224010401,224010401,0,0,0,0,0,0,0,0,0
224020401,224020401,0,0,0,0,0,0,0,0,0
224000501,224000501,0,0,0,0,0,0,0,0,0
224000601,224000601,0,0,0,0,0,0,0,0,0
224010601,224010601,0,0,0,0,0,0,0,0,0
224020601,224020601,0,0,0,0,0,0,0,0,0
224030601,224030601,0,0,0,0,0,0,0,0,0
224000701,224000701,0,0,0,0,0,0,0,0,0
224010701,224010701,0,0,0,0,0,0,0,0,0
224020701,224020701,0,0,0,0,0,0,0,0,0
224030701,224030701,0,0,0,0,0,0,0,0,0
224000801,224000801,0,0,0,0,0,0,0,0,0
224010801,224010801,0,0,0,0,0,0,0,0,0
224000901,224000901,0,0,0,0,0,0,0,0,0
224010901,224010901,0,0,0,0,0,0,0,0,0
224020901,224020901,0,0,0,0,0,0,0,0,0
224030901,224030901,0,0,0,0,0,0,0,0,0
224040901,224040901,0,0,0,0,0,0,0,0,0
224001001,224001001,0,0,0,0,0,0,0,0,0
224011001,224011001,0,0,0,0,0,0,0,0,0
224021001,224021001,0,0,0,0,0,0,0,0,0
224031001,224031001,0,0,0,0,0,0,0,0,0
224041001,224041001,0,0,0,0,0,0,0,0,0
224001101,224001101,0,0,0,0,0,0,0,0,0
224011101,224011101,0,0,0,0,0,0,0,0,0
249000101,249000101,0,0,0,0,0,0,0,0,0
249000201,249000201,0,0,0,0,0,0,0,0,0
249000301,249000301,0,0,0,0,0,0,0,0,0
249000401,249000401,0,0,0,0,0,0,0,0,0
249000501,249000501,0,0,0,0,0,0,0,0,0
249010501,249010501,0,0,0,0,0,0,0,0,0
249020501,249020501,0,0,0,0,0,0,0,0,0
249000701,249000701,0,0,0,0,0,0,0,0,0
249010701,249010701,0,0,0,0,0,0,0,0,0
249000801,249000801,0,0,0,0,0,0,0,0,0
249010801,249010801,0,0,0,0,0,0,0,0,0
249000901,249000901,0,0,0,0,0,0,0,0,0
249001001,249001001,0,0,0,0,0,0,0,0,0
249001101,249001101,0,0,0,0,0,0,0,0,0
249011101,249011101,0,0,0,0,0,0,0,0,0
249001201,249001201,0,0,0,0,0,0,0,0,0
249011201,249011201,0,0,0,0,0,0,0,0,0
249001301,249001301,0,0,0,0,0,0,0,0,0
249011301,249011301,0,0,0,0,0,0,0,0,0
249010201,249010201,0,0,0,0,0,0,0,0,0
224007101,224007101,0,0,0,0,0,0,0,0,0
224007201,224007201,0,0,0,0,0,0,0,0,0
224007301,224007301,0,0,0,0,0,0,0,0,0
224007501,224007501,0,0,0,0,0,0,0,0,0
224007701,224007701,0,0,0,0,0,0,0,0,0
224007801,224007801,0,0,0,0,0,0,0,0,0
224009501,224009501,0,0,0,0,0,0,0,0,0
224005101,224005101,0,0,0,0,0,0,0,0,0
224005201,224005201,0,0,0,0,0,0,0,0,0
224015201,224015201,0,0,0,0,0,0,0,0,0
224005301,224005301,0,0,0,0,0,0,0,0,0
224015301,224015301,0,0,0,0,0,0,0,0,0
224025301,224025301,0,0,0,0,0,0,0,0,0
224035301,224035301,0,0,0,0,0,0,0,0,0
224005401,224005401,0,0,0,0,0,0,0,0,0
224015401,224015401,0,0,0,0,0,0,0,0,0
224025401,224025401,0,0,0,0,0,0,0,0,0
224005501,224005501,0,0,0,0,0,0,0,0,0
224015501,224015501,0,0,0,0,0,0,0,0,0
224003001,224003001,0,0,0,0,0,0,0,0,0
224003002,224003002,0,0,0,0,0,0,0,0,0
224003003,224003003,0,0,0,0,0,0,0,0,0
224003004,224003004,0,0,0,0,0,0,0,0,0
231000101,231000101,0,0,0,0,0,0,0,0,0
231010101,231010101,0,0,0,0,0,0,0,0,0
231000201,231000201,0,0,0,0,0,0,0,0,0
231010201,231010201,0,0,0,0,0,0,0,0,0
231020201,231020201,0,0,0,0,0,0,0,0,0
231030201,231030201,0,0,0,0,0,0,0,0,0
231000301,231000301,0,0,0,0,0,0,0,0,0
231000401,231000401,0,0,0,0,0,0,0,0,0
231010401,231010401,0,0,0,0,0,0,0,0,0
231020401,231020401,0,0,0,0,0,0,0,0,0
231000501,231000501,0,0,0,0,0,0,0,0,0
231000601,231000601,0,0,0,0,0,0,0,0,0
231000701,231000701,0,0,0,0,0,0,0,0,0
231010701,231010701,0,0,0,0,0,0,0,0,0
231020701,231020701,0,0,0,0,0,0,0,0,0
231030701,231030701,0,0,0,0,0,0,0,0,0
231000801,231000801,0,0,0,0,0,0,0,0,0
231010801,231010801,0,0,0,0,0,0,0,0,0
231020801,231020801,0,0,0,0,0,0,0,0,0
231030801,231030801,0,0,0,0,0,0,0,0,0
231000901,231000901,0,0,0,0,0,0,0,0,0
231010901,231010901,0,0,0,0,0,0,0,0,0
231020901,231020901,0,0,0,0,0,0,0,0,0
231030901,231030901,0,0,0,0,0,0,0,0,0
231040901,231040901,0,0,0,0,0,0,0,0,0
231001001,231001001,0,0,0,0,0,0,0,0,0
231001101,231001101,0,0,0,0,0,0,0,0,0
231011101,231011101,0,0,0,0,0,0,0,0,0
231003101,231003101,0,0,0,0,0,0,0,0,0
231003201,231003201,0,0,0,0,0,0,0,0,0
231003301,231003301,0,0,0,0,0,0,0,0,0
231003401,231003401,0,0,0,0,0,0,0,0,0
231013401,231013401,0,0,0,0,0,0,0,0,0
231003501,231003501,0,0,0,0,0,0,0,0,0
231003601,231003601,0,0,0,0,0,0,0,0,0
231003701,231003701,0,0,0,0,0,0,0,0,0
231013701,231013701,0,0,0,0,0,0,0,0,0
231003801,231003801,0,0,0,0,0,0,0,0,0
231013801,231013801,0,0,0,0,0,0,0,0,0
231004101,231004101,0,0,0,0,0,0,0,0,0
231004201,231004201,0,0,0,0,0,0,0,0,0
231004301,231004301,0,0,0,0,0,0,0,0,0
231004401,231004401,0,0,0,0,0,0,0,0,0
231014401,231014401,0,0,0,0,0,0,0,0,0
231009501,231009501,0,0,0,0,0,0,0,0,0
231030702,231030702,0,0,0,0,0,0,0,0,0
231030703,231030703,0,0,0,0,0,0,0,0,0
232000101,232000101,0,0,0,0,0,0,0,0,0
232000201,232000201,0,0,0,0,0,0,0,0,0
232000301,232000301,0,0,0,0,0,0,0,0,0
232010301,232010301,0,0,0,0,0,0,0,0,0
232000401,232000401,0,0,0,0,0,0,0,0,0
232000501,232000501,0,0,0,0,0,0,0,0,0
232000601,232000601,0,0,0,0,0,0,0,0,0
232010601,232010601,0,0,0,0,0,0,0,0,0
232020601,232020601,0,0,0,0,0,0,0,0,0
232030601,232030601,0,0,0,0,0,0,0,0,0
232000701,232000701,0,0,0,0,0,0,0,0,0
232010701,232010701,0,0,0,0,0,0,0,0,0
232020701,232020701,0,0,0,0,0,0,0,0,0
232000801,232000801,0,0,0,0,0,0,0,0,0
232010801,232010801,0,0,0,0,0,0,0,0,0
232020801,232020801,0,0,0,0,0,0,0,0,0
232030801,232030801,0,0,0,0,0,0,0,0,0
232040801,232040801,0,0,0,0,0,0,0,0,0
232000901,232000901,0,0,0,0,0,0,0,0,0
232001001,232001001,0,0,0,0,0,0,0,0,0
232001101,232001101,0,0,0,0,0,0,0,0,0
232011101,232011101,0,0,0,0,0,0,0,0,0
232021101,232021101,0,0,0,0,0,0,0,0,0
232031101,232031101,0,0,0,0,0,0,0,0,0
232001201,232001201,0,0,0,0,0,0,0,0,0
232011201,232011201,0,0,0,0,0,0,0,0,0
232021201,232021201,0,0,0,0,0,0,0,0,0
232031201,232031201,0,0,0,0,0,0,0,0,0
232001301,232001301,0,0,0,0,0,0,0,0,0
232011301,232011301,0,0,0,0,0,0,0,0,0
232021301,232021301,0,0,0,0,0,0,0,0,0
232031301,232031301,0,0,0,0,0,0,0,0,0
232041301,232041301,0,0,0,0,0,0,0,0,0
232001401,232001401,0,0,0,0,0,0,0,0,0
232001501,232001501,0,0,0,0,0,0,0,0,0
232011501,232011501,0,0,0,0,0,0,0,0,0
223900101,223900101,0,0,0,0,0,0,0,0,0
223900201,223900201,0,0,0,0,0,0,0,0,0
223900301,223900301,0,0,0,0,0,0,0,0,0
223900401,223900401,0,0,0,0,0,0,0,0,0
223900501,223900501,0,0,0,0,0,0,0,0,0
232200901,232200901,0,0,0,0,0,0,0,0,0
232200101,232200101,0,0,0,0,0,0,0,0,0
232200201,232200201,0,0,0,0,0,0,0,0,0
232200301,232200301,0,0,0,0,0,0,0,0,0
232200601,232200601,0,0,0,0,0,0,0,0,0
232200701,232200701,0,0,0,0,0,0,0,0,0
232210701,232210701,0,0,0,0,0,0,0,0,0
232200801,232200801,0,0,0,0,0,0,0,0,0
232210801,232210801,0,0,0,0,0,0,0,0,0
232300101,232300101,0,0,0,0,0,0,0,0,0
232310101,232310101,0,0,0,0,0,0,0,0,0
232300201,232300201,0,0,0,0,0,0,0,0,0
232300301,232300301,0,0,0,0,0,0,0,0,0
232300501,232300501,0,0,0,0,0,0,0,0,0
232300601,232300601,0,0,0,0,0,0,0,0,0
232300701,232300701,0,0,0,0,0,0,0,0,0
232300801,232300801,0,0,0,0,0,0,0,0,0
232310801,232310801,0,0,0,0,0,0,0,0,0
232320801,232320801,0,0,0,0,0,0,0,0,0
232400101,232400101,0,0,0,0,0,0,0,0,0
232400201,232400201,0,0,0,0,0,0,0,0,0
232400301,232400301,0,0,0,0,0,0,0,0,0
232400701,232400701,0,0,0,0,0,0,0,0,0
232400801,232400801,0,0,0,0,0,0,0,0,0
232410801,232410801,0,0,0,0,0,0,0,0,0
232420801,232420801,0,0,0,0,0,0,0,0,0
232500101,232500101,0,0,0,0,0,0,0,0,0
232500201,232500201,0,0,0,0,0,0,0,0,0
232500301,232500301,0,0,0,0,0,0,0,0,0
232500601,232500601,0,0,0,0,0,0,0,0,0
232500701,232500701,0,0,0,0,0,0,0,0,0
232500801,232500801,0,0,0,0,0,0,0,0,0
232510801,232510801,0,0,0,0,0,0,0,0,0
232520801,232520801,0,0,0,0,0,0,0,0,0
232600101,232600101,0,0,0,0,0,0,0,0,0
232600201,232600201,0,0,0,0,0,0,0,0,0
232600401,232600401,0,0,0,0,0,0,0,0,0
232600601,232600601,0,0,0,0,0,0,0,0,0
232600701,232600701,0,0,0,0,0,0,0,0,0
232600801,232600801,0,0,0,0,0,0,0,0,0
232610801,232610801,0,0,0,0,0,0,0,0,0
232620801,232620801,0,0,0,0,0,0,0,0,0
232700101,232700101,0,0,0,0,0,0,0,0,0
232700201,232700201,0,0,0,0,0,0,0,0,0
232700401,232700401,0,0,0,0,0,0,0,0,0
232700501,232700501,0,0,0,0,0,0,0,0,0
232700701,232700701,0,0,0,0,0,0,0,0,0
232700801,232700801,0,0,0,0,0,0,0,0,0
232710801,232710801,0,0,0,0,0,0,0,0,0
232720801,232720801,0,0,0,0,0,0,0,0,0
232800101,232800101,0,0,0,0,0,0,0,0,0
232800201,232800201,0,0,0,0,0,0,0,0,0
232800301,232800301,0,0,0,0,0,0,0,0,0
232800601,232800601,0,0,0,0,0,0,0,0,0
232800701,232800701,0,0,0,0,0,0,0,0,0
232810701,232810701,0,0,0,0,0,0,0,0,0
232820701,232820701,0,0,0,0,0,0,0,0,0
232809901,232809901,0,0,0,0,0,0,0,0,0
232809921,232809921,0,0,0,0,0,0,0,0,0
232809941,232809941,0,0,0,0,0,0,0,0,0
232009101,232009101,0,0,0,0,0,0,0,0,0
232019101,232019101,0,0,0,0,0,0,0,0,0
233000101,233000101,0,0,0,0,0,0,0,0,0
233010101,233010101,0,0,0,0,0,0,0,0,0
233000201,233000201,0,0,0,0,0,0,0,0,0
233010201,233010201,0,0,0,0,0,0,0,0,0
233000301,233000301,0,0,0,0,0,0,0,0,0
233000401,233000401,0,0,0,0,0,0,0,0,0
233010401,233010401,0,0,0,0,0,0,0,0,0
233020401,233020401,233120401,0,0,0,0,0,0,0,0
233030401,233030401,0,0,0,0,0,0,0,0,0
233000501,233000501,0,0,0,0,0,0,0,0,0
233000601,233000601,0,0,0,0,0,0,0,0,0
233010601,233010601,0,0,0,0,0,0,0,0,0
233000701,233000701,0,0,0,0,0,0,0,0,0
233010701,233010701,0,0,0,0,0,0,0,0,0
233020701,233020701,0,0,0,0,0,0,0,0,0
233030701,233030701,0,0,0,0,0,0,0,0,0
233040701,233040701,0,0,0,0,0,0,0,0,0
233000801,233000801,0,0,0,0,0,0,0,0,0
233010801,233010801,0,0,0,0,0,0,0,0,0
233020801,233020801,0,0,0,0,0,0,0,0,0
233000901,233000901,0,0,0,0,0,0,0,0,0
233010901,233010901,0,0,0,0,0,0,0,0,0
233020901,233020901,0,0,0,0,0,0,0,0,0
233001001,233001001,0,0,0,0,0,0,0,0,0
233011001,233011001,0,0,0,0,0,0,0,0,0
233001101,233001101,0,0,0,0,0,0,0,0,0
234000101,234000101,0,0,0,0,0,0,0,0,0
234010101,234010101,0,0,0,0,0,0,0,0,0
234020101,234020101,0,0,0,0,0,0,0,0,0
234000201,234000201,0,0,0,0,0,0,0,0,0
234010201,234010201,0,0,0,0,0,0,0,0,0
234000301,234000301,0,0,0,0,0,0,0,0,0
234000401,234000401,0,0,0,0,0,0,0,0,0
234000501,234000501,0,0,0,0,0,0,0,0,0
234010501,234010501,0,0,0,0,0,0,0,0,0
234020501,234020501,0,0,0,0,0,0,0,0,0
234000601,234000601,0,0,0,0,0,0,0,0,0
234000701,234000701,0,0,0,0,0,0,0,0,0
234000801,234000801,0,0,0,0,0,0,0,0,0
234010801,234010801,0,0,0,0,0,0,0,0,0
234020801,234020801,0,0,0,0,0,0,0,0,0
234030801,234030801,0,0,0,0,0,0,0,0,0
234000901,234000901,0,0,0,0,0,0,0,0,0
234001001,234001001,0,0,0,0,0,0,0,0,0
234011001,234011001,0,0,0,0,0,0,0,0,0
234021001,234021001,0,0,0,0,0,0,0,0,0
234031001,234031001,0,0,0,0,0,0,0,0,0
234001101,234001101,0,0,0,0,0,0,0,0,0
234011101,234011101,0,0,0,0,0,0,0,0,0
234021101,234021101,0,0,0,0,0,0,0,0,0
234031101,234031101,0,0,0,0,0,0,0,0,0
234041101,234041101,0,0,0,0,0,0,0,0,0
234001201,234001201,0,0,0,0,0,0,0,0,0
234001301,234001301,0,0,0,0,0,0,0,0,0
234011301,234011301,0,0,0,0,0,0,0,0,0
234021301,234021301,0,0,0,0,0,0,0,0,0
234031301,234031301,0,0,0,0,0,0,0,0,0
234041301,234041301,0,0,0,0,0,0,0,0,0
234051301,234051301,0,0,0,0,0,0,0,0,0
234001401,234001401,0,0,0,0,0,0,0,0,0
234001501,234001501,0,0,0,0,0,0,0,0,0
234011501,234011501,0,0,0,0,0,0,0,0,0
234001601,234001601,0,0,0,0,0,0,0,0,0
234011601,234011601,0,0,0,0,0,0,0,0,0
223901201,223901201,0,0,0,0,0,0,0,0,0
1811,0,0,0,0,0,0,0,0,0,0
1812,0,0,0,0,0,0,0,0,0,0
1813,0,0,0,0,0,0,0,0,0,0
1814,0,0,0,0,0,0,0,0,0,0
1815,0,0,0,0,0,0,0,0,0,0
1816,0,0,0,0,0,0,0,0,0,0
1817,0,0,0,0,0,0,0,0,0,0
1818,0,0,0,0,0,0,0,0,0,0
1819,0,0,0,0,0,0,0,0,0,0
1820,0,0,0,0,0,0,0,0,0,0
1821,0,0,0,0,0,0,0,0,0,0
1822,0,0,0,0,0,0,0,0,0,0
1823,0,0,0,0,0,0,0,0,0,0
1824,0,0,0,0,0,0,0,0,0,0
1825,0,0,0,0,0,0,0,0,0,0
1826,0,0,0,0,0,0,0,0,0,0
1827,0,0,0,0,0,0,0,0,0,0
1828,0,0,0,0,0,0,0,0,0,0
1829,0,0,0,0,0,0,0,0,0,0
1830,0,0,0,0,0,0,0,0,0,0
1831,0,0,0,0,0,0,0,0,0,0
1832,0,0,0,0,0,0,0,0,0,0
1833,0,0,0,0,0,0,0,0,0,0
1834,0,0,0,0,0,0,0,0,0,0
1835,0,0,0,0,0,0,0,0,0,0
1836,0,0,0,0,0,0,0,0,0,0
1837,0,0,0,0,0,0,0,0,0,0
1838,0,0,0,0,0,0,0,0,0,0
1839,0,0,0,0,0,0,0,0,0,0
1840,0,0,0,0,0,0,0,0,0,0
1841,0,0,0,0,0,0,0,0,0,0
1842,0,0,0,0,0,0,0,0,0,0
1843,0,0,0,0,0,0,0,0,0,0
1844,0,0,0,0,0,0,0,0,0,0
1845,0,0,0,0,0,0,0,0,0,0
1846,0,0,0,0,0,0,0,0,0,0
1847,0,0,0,0,0,0,0,0,0,0
1848,0,0,0,0,0,0,0,0,0,0
1849,0,0,0,0,0,0,0,0,0,0
1850,0,0,0,0,0,0,0,0,0,0
1851,0,0,0,0,0,0,0,0,0,0
1852,0,0,0,0,0,0,0,0,0,0
1853,0,0,0,0,0,0,0,0,0,0
1854,0,0,0,0,0,0,0,0,0,0
1855,0,0,0,0,0,0,0,0,0,0
1856,0,0,0,0,0,0,0,0,0,0
1857,0,0,0,0,0,0,0,0,0,0
1858,0,0,0,0,0,0,0,0,0,0
1859,0,0,0,0,0,0,0,0,0,0
1860,0,0,0,0,0,0,0,0,0,0
1861,0,0,0,0,0,0,0,0,0,0
1862,0,0,0,0,0,0,0,0,0,0
1863,0,0,0,0,0,0,0,0,0,0
1864,0,0,0,0,0,0,0,0,0,0
1865,0,0,0,0,0,0,0,0,0,0
1866,0,0,0,0,0,0,0,0,0,0
1867,0,0,0,0,0,0,0,0,0,0
1868,0,0,0,0,0,0,0,0,0,0
1869,0,0,0,0,0,0,0,0,0,0
1870,0,0,0,0,0,0,0,0,0,0
1871,0,0,0,0,0,0,0,0,0,0
1872,0,0,0,0,0,0,0,0,0,0
1873,0,0,0,0,0,0,0,0,0,0
1874,0,0,0,0,0,0,0,0,0,0
1875,0,0,0,0,0,0,0,0,0,0
1876,0,0,0,0,0,0,0,0,0,0
1877,0,0,0,0,0,0,0,0,0,0
1878,0,0,0,0,0,0,0,0,0,0
1879,0,0,0,0,0,0,0,0,0,0
1880,0,0,0,0,0,0,0,0,0,0
1881,0,0,0,0,0,0,0,0,0,0
1882,0,0,0,0,0,0,0,0,0,0
1883,0,0,0,0,0,0,0,0,0,0
1884,0,0,0,0,0,0,0,0,0,0
1885,0,0,0,0,0,0,0,0,0,0
1886,0,0,0,0,0,0,0,0,0,0
1887,0,0,0,0,0,0,0,0,0,0
1888,0,0,0,0,0,0,0,0,0,0
1889,0,0,0,0,0,0,0,0,0,0
1890,0,0,0,0,0,0,0,0,0,0
1891,0,0,0,0,0,0,0,0,0,0
1892,0,0,0,0,0,0,0,0,0,0
1893,0,0,0,0,0,0,0,0,0,0
1894,0,0,0,0,0,0,0,0,0,0
1895,0,0,0,0,0,0,0,0,0,0
1896,0,0,0,0,0,0,0,0,0,0
1897,0,0,0,0,0,0,0,0,0,0
1898,0,0,0,0,0,0,0,0,0,0
1899,0,0,0,0,0,0,0,0,0,0
1900,0,0,0,0,0,0,0,0,0,0
