ID,_ItemID,_Start_Year,_Start_Month,_Start_Day,_Start_Hour,_Start_Minute,_End_Year,_End_Month,_End_Day,_End_Hour,_End_Minute,_CountType,_LimitType,_LimitCount,_Notice,_Notice_Before
21100801,1300001250,2021,10,14,0,0,2021,10,15,0,0,2,2,5,,0
21100802,1300001250,2021,10,15,0,0,2021,10,16,0,0,2,2,5,,0
21100803,1300001250,2021,10,16,0,0,2021,10,17,0,0,2,2,5,,0
21100804,1300001250,2021,10,17,0,0,2021,10,18,0,0,2,2,5,,0
21100805,1300001250,2021,10,18,0,0,2021,10,19,0,0,2,2,5,,0
21100806,1300001250,2021,10,19,0,0,2021,10,20,0,0,2,2,5,,0
21100807,1300001250,2021,10,20,0,0,2021,10,21,0,0,2,2,5,,0
21100808,1300001250,2021,10,21,0,0,2021,10,22,0,0,2,2,5,,0
21100809,1300001250,2021,10,22,0,0,2021,10,23,0,0,2,2,5,,0
21100810,1300001250,2021,10,23,0,0,2021,10,24,0,0,2,2,5,,0
21100811,1300001250,2021,10,24,0,0,2021,10,25,0,0,2,2,5,,0
21100812,1300001250,2021,10,25,0,0,2021,10,26,0,0,2,2,5,,0
21100813,1300001250,2021,10,26,0,0,2021,10,27,0,0,2,2,5,,0
21100814,1300001250,2021,10,27,0,0,2021,10,28,0,0,2,2,5,,0
21100815,1300001250,2021,10,28,0,0,2021,10,28,10,0,2,2,5,,0
21102201,1300001260,2021,10,28,0,0,2021,10,29,0,0,2,2,3,,0
21102202,1300001260,2021,10,29,0,0,2021,10,30,0,0,2,2,3,,0
21102203,1300001260,2021,10,30,0,0,2021,10,31,0,0,2,2,3,,0
21102204,1300001260,2021,10,31,0,0,2021,11,1,0,0,2,2,3,,0
21102205,1300001260,2021,11,1,0,0,2021,11,2,0,0,2,2,3,,0
21102206,1300001260,2021,11,2,0,0,2021,11,3,0,0,2,2,3,,0
21102207,1300001260,2021,11,3,0,0,2021,11,4,0,0,2,2,3,,0
21102208,1300001260,2021,11,4,0,0,2021,11,5,0,0,2,2,3,,0
21102209,1300001260,2021,11,5,0,0,2021,11,6,0,0,2,2,3,,0
21102210,1300001260,2021,11,6,0,0,2021,11,7,0,0,2,2,3,,0
21102211,1300001260,2021,11,7,0,0,2021,11,8,0,0,2,2,3,,0
21102212,1300001260,2021,11,8,0,0,2021,11,9,0,0,2,2,3,,0
21102213,1300001260,2021,11,9,0,0,2021,11,10,0,0,2,2,3,,0
21102214,1300001260,2021,11,10,0,0,2021,11,11,0,0,2,2,3,,0
21102215,1300001260,2021,11,11,0,0,2021,11,11,10,0,2,2,3,,0
21102216,1300001264,2021,10,28,0,0,2021,10,29,0,0,2,2,5,,0
21102217,1300001264,2021,10,29,0,0,2021,10,30,0,0,2,2,5,,0
21102218,1300001264,2021,10,30,0,0,2021,10,31,0,0,2,2,5,,0
21102219,1300001264,2021,10,31,0,0,2021,11,1,0,0,2,2,5,,0
21102220,1300001264,2021,11,1,0,0,2021,11,2,0,0,2,2,5,,0
21102221,1300001264,2021,11,2,0,0,2021,11,3,0,0,2,2,5,,0
21102222,1300001264,2021,11,3,0,0,2021,11,4,0,0,2,2,5,,0
21102223,1300001264,2021,11,4,0,0,2021,11,5,0,0,2,2,5,,0
21102224,1300001264,2021,11,5,0,0,2021,11,6,0,0,2,2,5,,0
21102225,1300001264,2021,11,6,0,0,2021,11,7,0,0,2,2,5,,0
21102226,1300001264,2021,11,7,0,0,2021,11,8,0,0,2,2,5,,0
21102227,1300001264,2021,11,8,0,0,2021,11,9,0,0,2,2,5,,0
21102228,1300001264,2021,11,9,0,0,2021,11,10,0,0,2,2,5,,0
21102229,1300001264,2021,11,10,0,0,2021,11,11,0,0,2,2,5,,0
21102230,1300001264,2021,11,11,0,0,2021,11,11,10,0,2,2,5,,0
21102231,1300001265,2021,10,28,0,0,2021,10,29,0,0,2,2,1,,0
21102232,1300001265,2021,10,29,0,0,2021,10,30,0,0,2,2,1,,0
21102233,1300001265,2021,10,30,0,0,2021,10,31,0,0,2,2,1,,0
21102234,1300001265,2021,10,31,0,0,2021,11,1,0,0,2,2,1,,0
21102235,1300001265,2021,11,1,0,0,2021,11,2,0,0,2,2,1,,0
21102236,1300001265,2021,11,2,0,0,2021,11,3,0,0,2,2,1,,0
21102237,1300001265,2021,11,3,0,0,2021,11,4,0,0,2,2,1,,0
21102238,1300001265,2021,11,4,0,0,2021,11,5,0,0,2,2,1,,0
21102239,1300001265,2021,11,5,0,0,2021,11,6,0,0,2,2,1,,0
21102240,1300001265,2021,11,6,0,0,2021,11,7,0,0,2,2,1,,0
21102241,1300001265,2021,11,7,0,0,2021,11,8,0,0,2,2,1,,0
21102242,1300001265,2021,11,8,0,0,2021,11,9,0,0,2,2,1,,0
21102243,1300001265,2021,11,9,0,0,2021,11,10,0,0,2,2,1,,0
21102244,1300001265,2021,11,10,0,0,2021,11,11,0,0,2,2,1,,0
21102245,1300001265,2021,11,11,0,0,2021,11,11,10,0,2,2,1,,0
21110501,1300001267,2021,11,11,0,0,2021,11,12,0,0,2,2,10,,0
21110502,1300001267,2021,11,12,0,0,2021,11,13,0,0,2,2,10,,0
21110503,1300001267,2021,11,13,0,0,2021,11,14,0,0,2,2,10,,0
21110504,1300001267,2021,11,14,0,0,2021,11,15,0,0,2,2,10,,0
21110505,1300001267,2021,11,15,0,0,2021,11,16,0,0,2,2,10,,0
21110506,1300001267,2021,11,16,0,0,2021,11,17,0,0,2,2,10,,0
21110507,1300001267,2021,11,17,0,0,2021,11,18,0,0,2,2,10,,0
21110508,1300001267,2021,11,18,0,0,2021,11,19,0,0,2,2,10,,0
21110509,1300001267,2021,11,19,0,0,2021,11,20,0,0,2,2,10,,0
21110510,1300001267,2021,11,20,0,0,2021,11,21,0,0,2,2,10,,0
21110511,1300001267,2021,11,21,0,0,2021,11,22,0,0,2,2,10,,0
21110512,1300001267,2021,11,22,0,0,2021,11,23,0,0,2,2,10,,0
21110513,1300001267,2021,11,23,0,0,2021,11,24,0,0,2,2,10,,0
21110514,1300001267,2021,11,24,0,0,2021,11,25,0,0,2,2,10,,0
21110515,1300001267,2021,11,25,0,0,2021,11,25,10,0,2,2,10,,0
21110516,1300001268,2021,11,11,0,0,2021,11,12,0,0,2,2,10,,0
21110517,1300001268,2021,11,12,0,0,2021,11,13,0,0,2,2,10,,0
21110518,1300001268,2021,11,13,0,0,2021,11,14,0,0,2,2,10,,0
21110519,1300001268,2021,11,14,0,0,2021,11,15,0,0,2,2,10,,0
21110520,1300001268,2021,11,15,0,0,2021,11,16,0,0,2,2,10,,0
21110521,1300001268,2021,11,16,0,0,2021,11,17,0,0,2,2,10,,0
21110522,1300001268,2021,11,17,0,0,2021,11,18,0,0,2,2,10,,0
21110523,1300001268,2021,11,18,0,0,2021,11,19,0,0,2,2,10,,0
21110524,1300001268,2021,11,19,0,0,2021,11,20,0,0,2,2,10,,0
21110525,1300001268,2021,11,20,0,0,2021,11,21,0,0,2,2,10,,0
21110526,1300001268,2021,11,21,0,0,2021,11,22,0,0,2,2,10,,0
21110527,1300001268,2021,11,22,0,0,2021,11,23,0,0,2,2,10,,0
21110528,1300001268,2021,11,23,0,0,2021,11,24,0,0,2,2,10,,0
21110529,1300001268,2021,11,24,0,0,2021,11,25,0,0,2,2,10,,0
21110530,1300001268,2021,11,25,0,0,2021,11,25,10,0,2,2,10,,0
21110531,1300001269,2021,11,11,0,0,2021,11,12,0,0,2,2,10,,0
21110532,1300001269,2021,11,12,0,0,2021,11,13,0,0,2,2,10,,0
21110533,1300001269,2021,11,13,0,0,2021,11,14,0,0,2,2,10,,0
21110534,1300001269,2021,11,14,0,0,2021,11,15,0,0,2,2,10,,0
21110535,1300001269,2021,11,15,0,0,2021,11,16,0,0,2,2,10,,0
21110536,1300001269,2021,11,16,0,0,2021,11,17,0,0,2,2,10,,0
21110537,1300001269,2021,11,17,0,0,2021,11,18,0,0,2,2,10,,0
21110538,1300001269,2021,11,18,0,0,2021,11,19,0,0,2,2,10,,0
21110539,1300001269,2021,11,19,0,0,2021,11,20,0,0,2,2,10,,0
21110540,1300001269,2021,11,20,0,0,2021,11,21,0,0,2,2,10,,0
21110541,1300001269,2021,11,21,0,0,2021,11,22,0,0,2,2,10,,0
21110542,1300001269,2021,11,22,0,0,2021,11,23,0,0,2,2,10,,0
21110543,1300001269,2021,11,23,0,0,2021,11,24,0,0,2,2,10,,0
21110544,1300001269,2021,11,24,0,0,2021,11,25,0,0,2,2,10,,0
21110545,1300001269,2021,11,25,0,0,2021,11,25,10,0,2,2,10,,0
22011301,170196284,2022,1,20,0,0,2022,1,21,0,0,2,2,3,,0
22011302,170196284,2022,1,21,0,0,2022,1,22,0,0,2,2,3,,0
22011303,170196284,2022,1,22,0,0,2022,1,23,0,0,2,2,3,,0
22011304,170196284,2022,1,23,0,0,2022,1,24,0,0,2,2,3,,0
22011305,170196284,2022,1,24,0,0,2022,1,25,0,0,2,2,3,,0
22011306,170196284,2022,1,25,0,0,2022,1,26,0,0,2,2,3,,0
22011307,170196284,2022,1,26,0,0,2022,1,27,0,0,2,2,3,,0
22011308,170196284,2022,1,27,0,0,2022,1,28,0,0,2,2,3,,0
22011309,170196284,2022,1,28,0,0,2022,1,29,0,0,2,2,3,,0
22011310,170196284,2022,1,29,0,0,2022,1,30,0,0,2,2,3,,0
22011311,170196284,2022,1,30,0,0,2022,1,31,0,0,2,2,3,,0
22011312,170196284,2022,1,31,0,0,2022,2,1,0,0,2,2,3,,0
22011313,170196284,2022,2,1,0,0,2022,2,2,0,0,2,2,3,,0
22011314,170196284,2022,2,2,0,0,2022,2,3,0,0,2,2,3,,0
22011315,170196284,2022,2,3,0,0,2022,2,4,0,0,2,2,3,,0
22011316,170196284,2022,2,4,0,0,2022,2,5,0,0,2,2,3,,0
22011317,170196284,2022,2,5,0,0,2022,2,6,0,0,2,2,3,,0
22011318,170196284,2022,2,6,0,0,2022,2,7,0,0,2,2,3,,0
22011319,170196284,2022,2,7,0,0,2022,2,8,0,0,2,2,3,,0
22011320,170196284,2022,2,8,0,0,2022,2,9,0,0,2,2,3,,0
22011321,170196284,2022,2,9,0,0,2022,2,10,0,0,2,2,3,,0
22011322,170196284,2022,2,10,0,0,2022,2,11,0,0,2,2,3,,0
22011323,170196284,2022,2,11,0,0,2022,2,12,0,0,2,2,3,,0
22011324,170196284,2022,2,12,0,0,2022,2,13,0,0,2,2,3,,0
22011325,170196284,2022,2,13,0,0,2022,2,14,0,0,2,2,3,,0
22011326,190147339,2022,1,20,0,0,2022,1,21,0,0,2,2,10,,0
22011327,190147339,2022,1,21,0,0,2022,1,22,0,0,2,2,10,,0
22011328,190147339,2022,1,22,0,0,2022,1,23,0,0,2,2,10,,0
22011329,190147339,2022,1,23,0,0,2022,1,24,0,0,2,2,10,,0
22011330,190147339,2022,1,24,0,0,2022,1,25,0,0,2,2,10,,0
22011331,190147339,2022,1,25,0,0,2022,1,26,0,0,2,2,10,,0
22011332,190147339,2022,1,26,0,0,2022,1,27,0,0,2,2,10,,0
22011333,190147339,2022,1,27,0,0,2022,1,28,0,0,2,2,10,,0
22011334,190147339,2022,1,28,0,0,2022,1,29,0,0,2,2,10,,0
22011335,190147339,2022,1,29,0,0,2022,1,30,0,0,2,2,10,,0
22011336,190147339,2022,1,30,0,0,2022,1,31,0,0,2,2,10,,0
22011337,190147339,2022,1,31,0,0,2022,2,1,0,0,2,2,10,,0
22011338,190147339,2022,2,1,0,0,2022,2,2,0,0,2,2,10,,0
22011339,190147339,2022,2,2,0,0,2022,2,3,0,0,2,2,10,,0
22011340,190147339,2022,2,3,0,0,2022,2,4,0,0,2,2,10,,0
22011341,190147339,2022,2,4,0,0,2022,2,5,0,0,2,2,10,,0
22011342,190147339,2022,2,5,0,0,2022,2,6,0,0,2,2,10,,0
22011343,190147339,2022,2,6,0,0,2022,2,7,0,0,2,2,10,,0
22011344,190147339,2022,2,7,0,0,2022,2,8,0,0,2,2,10,,0
22011345,190147339,2022,2,8,0,0,2022,2,9,0,0,2,2,10,,0
22011346,190147339,2022,2,9,0,0,2022,2,10,0,0,2,2,10,,0
22011347,190147339,2022,2,10,0,0,2022,2,11,0,0,2,2,10,,0
22011348,190147339,2022,2,11,0,0,2022,2,12,0,0,2,2,10,,0
22011349,190147339,2022,2,12,0,0,2022,2,13,0,0,2,2,10,,0
22011350,190147339,2022,2,13,0,0,2022,2,14,0,0,2,2,10,,0
22011351,190147340,2022,1,20,0,0,2022,1,21,0,0,2,2,1,,0
22011352,190147340,2022,1,21,0,0,2022,1,22,0,0,2,2,1,,0
22011353,190147340,2022,1,22,0,0,2022,1,23,0,0,2,2,1,,0
22011354,190147340,2022,1,23,0,0,2022,1,24,0,0,2,2,1,,0
22011355,190147340,2022,1,24,0,0,2022,1,25,0,0,2,2,1,,0
22011356,190147340,2022,1,25,0,0,2022,1,26,0,0,2,2,1,,0
22011357,190147340,2022,1,26,0,0,2022,1,27,0,0,2,2,1,,0
22011358,190147340,2022,1,27,0,0,2022,1,28,0,0,2,2,1,,0
22011359,190147340,2022,1,28,0,0,2022,1,29,0,0,2,2,1,,0
22011360,190147340,2022,1,29,0,0,2022,1,30,0,0,2,2,1,,0
22011361,190147340,2022,1,30,0,0,2022,1,31,0,0,2,2,1,,0
22011362,190147340,2022,1,31,0,0,2022,2,1,0,0,2,2,1,,0
22011363,190147340,2022,2,1,0,0,2022,2,2,0,0,2,2,1,,0
22011364,190147340,2022,2,2,0,0,2022,2,3,0,0,2,2,1,,0
22011365,190147340,2022,2,3,0,0,2022,2,4,0,0,2,2,1,,0
22011366,190147340,2022,2,4,0,0,2022,2,5,0,0,2,2,1,,0
22011367,190147340,2022,2,5,0,0,2022,2,6,0,0,2,2,1,,0
22011368,190147340,2022,2,6,0,0,2022,2,7,0,0,2,2,1,,0
22011369,190147340,2022,2,7,0,0,2022,2,8,0,0,2,2,1,,0
22011370,190147340,2022,2,8,0,0,2022,2,9,0,0,2,2,1,,0
22011371,190147340,2022,2,9,0,0,2022,2,10,0,0,2,2,1,,0
22011372,190147340,2022,2,10,0,0,2022,2,11,0,0,2,2,1,,0
22011373,190147340,2022,2,11,0,0,2022,2,12,0,0,2,2,1,,0
22011374,190147340,2022,2,12,0,0,2022,2,13,0,0,2,2,1,,0
22011375,190147340,2022,2,13,0,0,2022,2,14,0,0,2,2,1,,0
22011376,1300001311,2022,1,20,0,0,2022,1,21,0,0,2,2,10,,0
22011377,1300001311,2022,1,21,0,0,2022,1,22,0,0,2,2,10,,0
22011378,1300001311,2022,1,22,0,0,2022,1,23,0,0,2,2,10,,0
22011379,1300001311,2022,1,23,0,0,2022,1,24,0,0,2,2,10,,0
22011380,1300001311,2022,1,24,0,0,2022,1,25,0,0,2,2,10,,0
22011381,1300001311,2022,1,25,0,0,2022,1,26,0,0,2,2,10,,0
22011382,1300001311,2022,1,26,0,0,2022,1,27,0,0,2,2,10,,0
22011383,1300001311,2022,1,27,0,0,2022,1,28,0,0,2,2,10,,0
22011384,1300001311,2022,1,28,0,0,2022,1,29,0,0,2,2,10,,0
22011385,1300001311,2022,1,29,0,0,2022,1,30,0,0,2,2,10,,0
22011386,1300001311,2022,1,30,0,0,2022,1,31,0,0,2,2,10,,0
22011387,1300001311,2022,1,31,0,0,2022,2,1,0,0,2,2,10,,0
22011388,1300001311,2022,2,1,0,0,2022,2,2,0,0,2,2,10,,0
22011389,1300001311,2022,2,2,0,0,2022,2,3,0,0,2,2,10,,0
22011390,1300001311,2022,2,3,0,0,2022,2,4,0,0,2,2,10,,0
22011391,1300001311,2022,2,4,0,0,2022,2,5,0,0,2,2,10,,0
22011392,1300001311,2022,2,5,0,0,2022,2,6,0,0,2,2,10,,0
22011393,1300001311,2022,2,6,0,0,2022,2,7,0,0,2,2,10,,0
22011394,1300001311,2022,2,7,0,0,2022,2,8,0,0,2,2,10,,0
22011395,1300001311,2022,2,8,0,0,2022,2,9,0,0,2,2,10,,0
22011396,1300001311,2022,2,9,0,0,2022,2,10,0,0,2,2,10,,0
22011397,1300001311,2022,2,10,0,0,2022,2,11,0,0,2,2,10,,0
22011398,1300001311,2022,2,11,0,0,2022,2,12,0,0,2,2,10,,0
22011399,1300001311,2022,2,12,0,0,2022,2,13,0,0,2,2,10,,0
22011400,1300001311,2022,2,13,0,0,2022,2,14,0,0,2,2,10,,0
22011401,1300001312,2022,1,29,0,0,2022,1,30,0,0,2,2,10,,0
22011402,1300001312,2022,1,30,0,0,2022,1,31,0,0,2,2,10,,0
22011403,1300001312,2022,1,31,0,0,2022,2,1,0,0,2,2,10,,0
22011404,1300001312,2022,2,1,0,0,2022,2,2,0,0,2,2,10,,0
22011405,1300001312,2022,2,2,0,0,2022,2,3,0,0,2,2,10,,0
22011406,1300001312,2022,2,3,0,0,2022,2,4,0,0,2,2,10,,0
22011407,1300001312,2022,2,4,0,0,2022,2,5,0,0,2,2,10,,0
22011408,1300001312,2022,2,5,0,0,2022,2,6,0,0,2,2,10,,0
22011409,1300001312,2022,2,6,0,0,2022,2,7,0,0,2,2,10,,0
22011410,1300001312,2022,2,7,0,0,2022,2,8,0,0,2,2,10,,0
22011411,1300001312,2022,2,8,0,0,2022,2,9,0,0,2,2,10,,0
22011412,1300001312,2022,2,9,0,0,2022,2,10,0,0,2,2,10,,0
22011413,1300001312,2022,2,10,0,0,2022,2,11,0,0,2,2,10,,0
22011414,1300001312,2022,2,11,0,0,2022,2,12,0,0,2,2,10,,0
22011415,1300001312,2022,2,12,0,0,2022,2,13,0,0,2,2,10,,0
22011416,1300001312,2022,2,13,0,0,2022,2,14,0,0,2,2,10,,0
22011417,1300001312,2022,2,14,0,0,2022,2,15,0,0,2,2,10,,0
22011418,1300001312,2022,2,15,0,0,2022,2,16,0,0,2,2,10,,0
22011419,1300001312,2022,2,16,0,0,2022,2,17,0,0,2,2,10,,0
22011420,1300001312,2022,2,17,0,0,2022,2,17,10,0,2,2,10,,0
22011421,1300001313,2022,1,29,0,0,2022,1,30,0,0,2,2,1,,0
22011422,1300001313,2022,1,30,0,0,2022,1,31,0,0,2,2,1,,0
22011423,1300001313,2022,1,31,0,0,2022,2,1,0,0,2,2,1,,0
22011424,1300001313,2022,2,1,0,0,2022,2,2,0,0,2,2,1,,0
22011425,1300001313,2022,2,2,0,0,2022,2,3,0,0,2,2,1,,0
22011426,1300001313,2022,2,3,0,0,2022,2,4,0,0,2,2,1,,0
22011427,1300001313,2022,2,4,0,0,2022,2,5,0,0,2,2,1,,0
22011428,1300001313,2022,2,5,0,0,2022,2,6,0,0,2,2,1,,0
22011429,1300001313,2022,2,6,0,0,2022,2,7,0,0,2,2,1,,0
22011430,1300001313,2022,2,7,0,0,2022,2,8,0,0,2,2,1,,0
22011431,1300001313,2022,2,8,0,0,2022,2,9,0,0,2,2,1,,0
22011432,1300001313,2022,2,9,0,0,2022,2,10,0,0,2,2,1,,0
22011433,1300001313,2022,2,10,0,0,2022,2,11,0,0,2,2,1,,0
22011434,1300001313,2022,2,11,0,0,2022,2,12,0,0,2,2,1,,0
22011435,1300001313,2022,2,12,0,0,2022,2,13,0,0,2,2,1,,0
22011436,1300001313,2022,2,13,0,0,2022,2,14,0,0,2,2,1,,0
22011437,1300001313,2022,2,14,0,0,2022,2,15,0,0,2,2,1,,0
22011438,1300001313,2022,2,15,0,0,2022,2,16,0,0,2,2,1,,0
22011439,1300001313,2022,2,16,0,0,2022,2,17,0,0,2,2,1,,0
22011440,1300001313,2022,2,17,0,0,2022,2,17,10,0,2,2,1,,0
22020801,1300001326,2022,2,17,0,0,2022,2,18,0,0,2,2,10,,0
22020802,1300001326,2022,2,18,0,0,2022,2,19,0,0,2,2,10,,0
22020803,1300001326,2022,2,19,0,0,2022,2,20,0,0,2,2,10,,0
22020804,1300001326,2022,2,20,0,0,2022,2,21,0,0,2,2,10,,0
22020805,1300001326,2022,2,21,0,0,2022,2,22,0,0,2,2,10,,0
22020806,1300001326,2022,2,22,0,0,2022,2,23,0,0,2,2,10,,0
22020807,1300001326,2022,2,23,0,0,2022,2,24,0,0,2,2,10,,0
22020808,1300001326,2022,2,24,0,0,2022,2,25,0,0,2,2,10,,0
22020809,1300001326,2022,2,25,0,0,2022,2,26,0,0,2,2,10,,0
22020810,1300001326,2022,2,26,0,0,2022,2,27,0,0,2,2,10,,0
22020811,1300001326,2022,2,27,0,0,2022,2,28,0,0,2,2,10,,0
22020812,1300001326,2022,2,28,0,0,2022,3,1,0,0,2,2,10,,0
22020813,1300001326,2022,3,1,0,0,2022,3,2,0,0,2,2,10,,0
22020814,1300001326,2022,3,2,0,0,2022,3,3,0,0,2,2,10,,0
22020815,1300001326,2022,3,3,0,0,2022,3,3,10,0,2,2,10,,0
22021801,1300001328,2022,3,3,0,0,2022,3,4,0,0,2,2,10,,0
22021802,1300001328,2022,3,4,0,0,2022,3,5,0,0,2,2,10,,0
22021803,1300001328,2022,3,5,0,0,2022,3,6,0,0,2,2,10,,0
22021804,1300001328,2022,3,6,0,0,2022,3,7,0,0,2,2,10,,0
22021805,1300001328,2022,3,7,0,0,2022,3,8,0,0,2,2,10,,0
22021806,1300001328,2022,3,8,0,0,2022,3,9,0,0,2,2,10,,0
22021807,1300001328,2022,3,9,0,0,2022,3,10,0,0,2,2,10,,0
22021808,1300001328,2022,3,10,0,0,2022,3,11,0,0,2,2,10,,0
22021809,1300001328,2022,3,11,0,0,2022,3,12,0,0,2,2,10,,0
22021810,1300001328,2022,3,12,0,0,2022,3,13,0,0,2,2,10,,0
22021811,1300001328,2022,3,13,0,0,2022,3,14,0,0,2,2,10,,0
22021812,1300001328,2022,3,14,0,0,2022,3,15,0,0,2,2,10,,0
22021813,1300001328,2022,3,15,0,0,2022,3,16,0,0,2,2,10,,0
22021814,1300001328,2022,3,16,0,0,2022,3,17,0,0,2,2,10,,0
22021815,1300001328,2022,3,17,0,0,2022,3,17,10,0,2,2,10,,0
22021816,1300001329,2022,3,3,0,0,2022,3,4,0,0,2,2,5,,0
22021817,1300001329,2022,3,4,0,0,2022,3,5,0,0,2,2,5,,0
22021818,1300001329,2022,3,5,0,0,2022,3,6,0,0,2,2,5,,0
22021819,1300001329,2022,3,6,0,0,2022,3,7,0,0,2,2,5,,0
22021820,1300001329,2022,3,7,0,0,2022,3,8,0,0,2,2,5,,0
22021821,1300001329,2022,3,8,0,0,2022,3,9,0,0,2,2,5,,0
22021822,1300001329,2022,3,9,0,0,2022,3,10,0,0,2,2,5,,0
22021823,1300001329,2022,3,10,0,0,2022,3,11,0,0,2,2,5,,0
22021824,1300001329,2022,3,11,0,0,2022,3,12,0,0,2,2,5,,0
22021825,1300001329,2022,3,12,0,0,2022,3,13,0,0,2,2,5,,0
22021826,1300001329,2022,3,13,0,0,2022,3,14,0,0,2,2,5,,0
22021827,1300001329,2022,3,14,0,0,2022,3,15,0,0,2,2,5,,0
22021828,1300001329,2022,3,15,0,0,2022,3,16,0,0,2,2,5,,0
22021829,1300001329,2022,3,16,0,0,2022,3,17,0,0,2,2,5,,0
22021830,1300001329,2022,3,17,0,0,2022,3,17,10,0,2,2,5,,0
22021831,1300001330,2022,3,3,0,0,2022,3,4,0,0,2,2,5,,0
22021832,1300001330,2022,3,4,0,0,2022,3,5,0,0,2,2,5,,0
22021833,1300001330,2022,3,5,0,0,2022,3,6,0,0,2,2,5,,0
22021834,1300001330,2022,3,6,0,0,2022,3,7,0,0,2,2,5,,0
22021835,1300001330,2022,3,7,0,0,2022,3,8,0,0,2,2,5,,0
22021836,1300001330,2022,3,8,0,0,2022,3,9,0,0,2,2,5,,0
22021837,1300001330,2022,3,9,0,0,2022,3,10,0,0,2,2,5,,0
22021838,1300001330,2022,3,10,0,0,2022,3,11,0,0,2,2,5,,0
22021839,1300001330,2022,3,11,0,0,2022,3,12,0,0,2,2,5,,0
22021840,1300001330,2022,3,12,0,0,2022,3,13,0,0,2,2,5,,0
22021841,1300001330,2022,3,13,0,0,2022,3,14,0,0,2,2,5,,0
22021842,1300001330,2022,3,14,0,0,2022,3,15,0,0,2,2,5,,0
22021843,1300001330,2022,3,15,0,0,2022,3,16,0,0,2,2,5,,0
22021844,1300001330,2022,3,16,0,0,2022,3,17,0,0,2,2,5,,0
22021845,1300001330,2022,3,17,0,0,2022,3,17,10,0,2,2,5,,0
22031501,1300001332,2022,3,17,0,0,2022,3,18,0,0,2,2,15,,0
22031502,1300001332,2022,3,18,0,0,2022,3,19,0,0,2,2,15,,0
22031503,1300001332,2022,3,19,0,0,2022,3,20,0,0,2,2,15,,0
22031504,1300001332,2022,3,20,0,0,2022,3,21,0,0,2,2,15,,0
22031505,1300001332,2022,3,21,0,0,2022,3,22,0,0,2,2,15,,0
22031506,1300001332,2022,3,22,0,0,2022,3,23,0,0,2,2,15,,0
22031507,1300001332,2022,3,23,0,0,2022,3,24,0,0,2,2,15,,0
22031508,1300001332,2022,3,24,0,0,2022,3,25,0,0,2,2,15,,0
22031509,1300001332,2022,3,25,0,0,2022,3,26,0,0,2,2,15,,0
22031510,1300001332,2022,3,26,0,0,2022,3,27,0,0,2,2,15,,0
22031511,1300001332,2022,3,27,0,0,2022,3,28,0,0,2,2,15,,0
22031512,1300001332,2022,3,28,0,0,2022,3,29,0,0,2,2,15,,0
22031513,1300001332,2022,3,29,0,0,2022,3,30,0,0,2,2,15,,0
22031514,1300001332,2022,3,30,0,0,2022,3,31,0,0,2,2,15,,0
22031515,1300001332,2022,3,31,0,0,2022,3,31,10,0,2,2,15,,0
22032401,1300001338,2022,3,31,0,0,2022,4,1,0,0,2,2,20,,0
22032402,1300001338,2022,4,1,0,0,2022,4,2,0,0,2,2,20,,0
22032403,1300001338,2022,4,2,0,0,2022,4,3,0,0,2,2,20,,0
22032404,1300001338,2022,4,3,0,0,2022,4,4,0,0,2,2,20,,0
22032405,1300001338,2022,4,4,0,0,2022,4,5,0,0,2,2,20,,0
22032406,1300001338,2022,4,5,0,0,2022,4,6,0,0,2,2,20,,0
22032407,1300001338,2022,4,6,0,0,2022,4,7,0,0,2,2,20,,0
22032408,1300001338,2022,4,7,0,0,2022,4,8,0,0,2,2,20,,0
22032409,1300001338,2022,4,8,0,0,2022,4,9,0,0,2,2,20,,0
22032410,1300001338,2022,4,9,0,0,2022,4,10,0,0,2,2,20,,0
22032411,1300001338,2022,4,10,0,0,2022,4,11,0,0,2,2,20,,0
22032412,1300001338,2022,4,11,0,0,2022,4,12,0,0,2,2,20,,0
22032413,1300001338,2022,4,12,0,0,2022,4,13,0,0,2,2,20,,0
22032414,1300001338,2022,4,13,0,0,2022,4,14,0,0,2,2,20,,0
22032415,1300001338,2022,4,14,0,0,2022,4,14,10,0,2,2,20,,0
22032416,1300001339,2022,3,31,0,0,2022,4,1,0,0,2,2,5,,0
22032417,1300001339,2022,4,1,0,0,2022,4,2,0,0,2,2,5,,0
22032418,1300001339,2022,4,2,0,0,2022,4,3,0,0,2,2,5,,0
22032419,1300001339,2022,4,3,0,0,2022,4,4,0,0,2,2,5,,0
22032420,1300001339,2022,4,4,0,0,2022,4,5,0,0,2,2,5,,0
22032421,1300001339,2022,4,5,0,0,2022,4,6,0,0,2,2,5,,0
22032422,1300001339,2022,4,6,0,0,2022,4,7,0,0,2,2,5,,0
22032423,1300001339,2022,4,7,0,0,2022,4,8,0,0,2,2,5,,0
22032424,1300001339,2022,4,8,0,0,2022,4,9,0,0,2,2,5,,0
22032425,1300001339,2022,4,9,0,0,2022,4,10,0,0,2,2,5,,0
22032426,1300001339,2022,4,10,0,0,2022,4,11,0,0,2,2,5,,0
22032427,1300001339,2022,4,11,0,0,2022,4,12,0,0,2,2,5,,0
22032428,1300001339,2022,4,12,0,0,2022,4,13,0,0,2,2,5,,0
22032429,1300001339,2022,4,13,0,0,2022,4,14,0,0,2,2,5,,0
22032430,1300001339,2022,4,14,0,0,2022,4,14,10,0,2,2,5,,0
22040101,1300001342,2022,4,14,0,0,2022,4,15,0,0,2,2,3,,0
22040102,1300001342,2022,4,15,0,0,2022,4,16,0,0,2,2,3,,0
22040103,1300001342,2022,4,16,0,0,2022,4,17,0,0,2,2,3,,0
22040104,1300001342,2022,4,17,0,0,2022,4,18,0,0,2,2,3,,0
22040105,1300001342,2022,4,18,0,0,2022,4,19,0,0,2,2,3,,0
22040106,1300001342,2022,4,19,0,0,2022,4,20,0,0,2,2,3,,0
22040107,1300001342,2022,4,20,0,0,2022,4,21,0,0,2,2,3,,0
22040108,1300001342,2022,4,21,0,0,2022,4,22,0,0,2,2,3,,0
22040109,1300001342,2022,4,22,0,0,2022,4,23,0,0,2,2,3,,0
22040110,1300001342,2022,4,23,0,0,2022,4,24,0,0,2,2,3,,0
22040111,1300001342,2022,4,24,0,0,2022,4,25,0,0,2,2,3,,0
22040112,1300001342,2022,4,25,0,0,2022,4,26,0,0,2,2,3,,0
22040113,1300001342,2022,4,26,0,0,2022,4,27,0,0,2,2,3,,0
22040114,1300001342,2022,4,27,0,0,2022,4,28,0,0,2,2,3,,0
22040115,1300001342,2022,4,28,0,0,2022,4,28,10,0,2,2,3,,0
22042101,1300001356,2022,4,28,0,0,2022,4,29,0,0,2,2,3,,0
22042102,1300001356,2022,4,29,0,0,2022,4,30,0,0,2,2,3,,0
22042103,1300001356,2022,4,30,0,0,2022,5,1,0,0,2,2,3,,0
22042104,1300001356,2022,5,1,0,0,2022,5,2,0,0,2,2,3,,0
22042105,1300001356,2022,5,2,0,0,2022,5,3,0,0,2,2,3,,0
22042106,1300001356,2022,5,3,0,0,2022,5,4,0,0,2,2,3,,0
22042107,1300001356,2022,5,4,0,0,2022,5,5,0,0,2,2,3,,0
22042108,1300001356,2022,5,5,0,0,2022,5,6,0,0,2,2,3,,0
22042109,1300001356,2022,5,6,0,0,2022,5,7,0,0,2,2,3,,0
22042110,1300001356,2022,5,7,0,0,2022,5,8,0,0,2,2,3,,0
22042111,1300001356,2022,5,8,0,0,2022,5,9,0,0,2,2,3,,0
22042112,1300001356,2022,5,9,0,0,2022,5,10,0,0,2,2,3,,0
22042113,1300001356,2022,5,10,0,0,2022,5,11,0,0,2,2,3,,0
22042114,1300001356,2022,5,11,0,0,2022,5,12,0,0,2,2,3,,0
22042115,1300001356,2022,5,12,0,0,2022,5,12,10,0,2,2,3,,0
22042116,1300001354,2022,4,28,0,0,2022,4,29,0,0,2,2,1,,0
22042117,1300001354,2022,4,29,0,0,2022,4,30,0,0,2,2,1,,0
22042118,1300001354,2022,4,30,0,0,2022,5,1,0,0,2,2,1,,0
22042119,1300001354,2022,5,1,0,0,2022,5,2,0,0,2,2,1,,0
22042120,1300001354,2022,5,2,0,0,2022,5,3,0,0,2,2,1,,0
22042121,1300001354,2022,5,3,0,0,2022,5,4,0,0,2,2,1,,0
22042122,1300001354,2022,5,4,0,0,2022,5,5,0,0,2,2,1,,0
22042123,1300001354,2022,5,5,0,0,2022,5,6,0,0,2,2,1,,0
22042124,1300001354,2022,5,6,0,0,2022,5,7,0,0,2,2,1,,0
22042125,1300001354,2022,5,7,0,0,2022,5,8,0,0,2,2,1,,0
22042126,1300001354,2022,5,8,0,0,2022,5,9,0,0,2,2,1,,0
22042127,1300001354,2022,5,9,0,0,2022,5,10,0,0,2,2,1,,0
22042128,1300001354,2022,5,10,0,0,2022,5,11,0,0,2,2,1,,0
22042129,1300001354,2022,5,11,0,0,2022,5,12,0,0,2,2,1,,0
22042130,1300001354,2022,5,12,0,0,2022,5,13,0,0,2,2,1,,0
22050201,1300001354,2022,5,13,0,0,2022,5,14,0,0,2,2,1,,0
22050202,1300001354,2022,5,14,0,0,2022,5,15,0,0,2,2,1,,0
22050203,1300001354,2022,5,15,0,0,2022,5,16,0,0,2,2,1,,0
22050204,1300001354,2022,5,16,0,0,2022,5,17,0,0,2,2,1,,0
22050205,1300001354,2022,5,17,0,0,2022,5,18,0,0,2,2,1,,0
22050206,1300001354,2022,5,18,0,0,2022,5,19,0,0,2,2,1,,0
22050207,1300001354,2022,5,19,0,0,2022,5,20,0,0,2,2,1,,0
22050208,1300001354,2022,5,20,0,0,2022,5,21,0,0,2,2,1,,0
22050209,1300001354,2022,5,21,0,0,2022,5,22,0,0,2,2,1,,0
22050210,1300001354,2022,5,22,0,0,2022,5,23,0,0,2,2,1,,0
22050211,1300001354,2022,5,23,0,0,2022,5,24,0,0,2,2,1,,0
22050212,1300001354,2022,5,24,0,0,2022,5,25,0,0,2,2,1,,0
22050213,1300001354,2022,5,25,0,0,2022,5,26,0,0,2,2,1,,0
22050214,1300001354,2022,5,26,0,0,2022,5,27,0,0,2,2,1,,0
22050215,1300001361,2022,5,12,0,0,2022,5,13,0,0,2,2,5,,0
22050216,1300001361,2022,5,13,0,0,2022,5,14,0,0,2,2,5,,0
22050217,1300001361,2022,5,14,0,0,2022,5,15,0,0,2,2,5,,0
22050218,1300001361,2022,5,15,0,0,2022,5,16,0,0,2,2,5,,0
22050219,1300001361,2022,5,16,0,0,2022,5,17,0,0,2,2,5,,0
22050220,1300001361,2022,5,17,0,0,2022,5,18,0,0,2,2,5,,0
22050221,1300001361,2022,5,18,0,0,2022,5,19,0,0,2,2,5,,0
22050222,1300001361,2022,5,19,0,0,2022,5,20,0,0,2,2,5,,0
22050223,1300001361,2022,5,20,0,0,2022,5,21,0,0,2,2,5,,0
22050224,1300001361,2022,5,21,0,0,2022,5,22,0,0,2,2,5,,0
22050225,1300001361,2022,5,22,0,0,2022,5,23,0,0,2,2,5,,0
22050226,1300001361,2022,5,23,0,0,2022,5,24,0,0,2,2,5,,0
22050227,1300001361,2022,5,24,0,0,2022,5,25,0,0,2,2,5,,0
22050228,1300001361,2022,5,25,0,0,2022,5,26,0,0,2,2,5,,0
22050229,1300001361,2022,5,26,0,0,2022,5,26,10,0,2,2,5,,0
22051701,1300001354,2022,5,27,0,0,2022,5,28,0,0,2,2,1,,0
22051702,1300001354,2022,5,28,0,0,2022,5,29,0,0,2,2,1,,0
22051703,1300001354,2022,5,29,0,0,2022,5,30,0,0,2,2,1,,0
22051704,1300001354,2022,5,30,0,0,2022,5,31,0,0,2,2,1,,0
22051705,1300001354,2022,5,31,0,0,2022,6,1,0,0,2,2,1,,0
22051706,1300001354,2022,6,1,0,0,2022,6,2,0,0,2,2,1,,0
22051707,1300001354,2022,6,2,0,0,2022,6,3,0,0,2,2,1,,0
22051708,1300001354,2022,6,3,0,0,2022,6,4,0,0,2,2,1,,0
22051709,1300001354,2022,6,4,0,0,2022,6,5,0,0,2,2,1,,0
22051710,1300001354,2022,6,5,0,0,2022,6,6,0,0,2,2,1,,0
22051711,1300001354,2022,6,6,0,0,2022,6,7,0,0,2,2,1,,0
22051712,1300001354,2022,6,7,0,0,2022,6,8,0,0,2,2,1,,0
22051713,1300001354,2022,6,8,0,0,2022,6,9,0,0,2,2,1,,0
22051714,1300001354,2022,6,9,0,0,2022,6,9,10,0,2,2,1,,0
22051715,1300001368,2022,5,26,0,0,2022,5,27,0,0,2,2,6,,0
22051716,1300001368,2022,5,27,0,0,2022,5,28,0,0,2,2,6,,0
22051717,1300001368,2022,5,28,0,0,2022,5,29,0,0,2,2,6,,0
22051718,1300001368,2022,5,29,0,0,2022,5,30,0,0,2,2,6,,0
22051719,1300001368,2022,5,30,0,0,2022,5,31,0,0,2,2,6,,0
22051720,1300001368,2022,5,31,0,0,2022,6,1,0,0,2,2,6,,0
22051721,1300001368,2022,6,1,0,0,2022,6,2,0,0,2,2,6,,0
22051722,1300001368,2022,6,2,0,0,2022,6,3,0,0,2,2,6,,0
22051723,1300001368,2022,6,3,0,0,2022,6,4,0,0,2,2,6,,0
22051724,1300001368,2022,6,4,0,0,2022,6,5,0,0,2,2,6,,0
22051725,1300001368,2022,6,5,0,0,2022,6,6,0,0,2,2,6,,0
22051726,1300001368,2022,6,6,0,0,2022,6,7,0,0,2,2,6,,0
22051727,1300001368,2022,6,7,0,0,2022,6,8,0,0,2,2,6,,0
22051728,1300001368,2022,6,8,0,0,2022,6,9,0,0,2,2,6,,0
22051729,1300001368,2022,6,9,0,0,2022,6,9,10,0,2,2,6,,0
22061601,1300001354,2022,6,23,0,0,2022,6,24,0,0,2,2,1,,0
22061602,1300001354,2022,6,24,0,0,2022,6,25,0,0,2,2,1,,0
22061603,1300001354,2022,6,25,0,0,2022,6,26,0,0,2,2,1,,0
22061604,1300001354,2022,6,26,0,0,2022,6,27,0,0,2,2,1,,0
22061605,1300001354,2022,6,27,0,0,2022,6,28,0,0,2,2,1,,0
22061606,1300001354,2022,6,28,0,0,2022,6,29,0,0,2,2,1,,0
22061607,1300001354,2022,6,29,0,0,2022,6,30,0,0,2,2,1,,0
22061608,1300001354,2022,6,30,0,0,2022,7,1,0,0,2,2,1,,0
22061609,1300001354,2022,7,1,0,0,2022,7,2,0,0,2,2,1,,0
22061610,1300001354,2022,7,2,0,0,2022,7,3,0,0,2,2,1,,0
22061611,1300001354,2022,7,3,0,0,2022,7,4,0,0,2,2,1,,0
22061612,1300001354,2022,7,4,0,0,2022,7,5,0,0,2,2,1,,0
22061613,1300001354,2022,7,5,0,0,2022,7,6,0,0,2,2,1,,0
22061614,1300001354,2022,7,6,0,0,2022,7,7,0,0,2,2,1,,0
22061615,1300001354,2022,7,7,0,0,2022,7,8,0,0,2,2,1,,0
22061616,1300001377,2022,6,23,0,0,2022,6,24,0,0,2,2,6,,0
22061617,1300001377,2022,6,24,0,0,2022,6,25,0,0,2,2,6,,0
22061618,1300001377,2022,6,25,0,0,2022,6,26,0,0,2,2,6,,0
22061619,1300001377,2022,6,26,0,0,2022,6,27,0,0,2,2,6,,0
22061620,1300001377,2022,6,27,0,0,2022,6,28,0,0,2,2,6,,0
22061621,1300001377,2022,6,28,0,0,2022,6,29,0,0,2,2,6,,0
22061622,1300001377,2022,6,29,0,0,2022,6,30,0,0,2,2,6,,0
22061623,1300001377,2022,6,30,0,0,2022,7,1,0,0,2,2,6,,0
22061624,1300001377,2022,7,1,0,0,2022,7,2,0,0,2,2,6,,0
22061625,1300001377,2022,7,2,0,0,2022,7,3,0,0,2,2,6,,0
22061626,1300001377,2022,7,3,0,0,2022,7,4,0,0,2,2,6,,0
22061627,1300001377,2022,7,4,0,0,2022,7,5,0,0,2,2,6,,0
22061628,1300001377,2022,7,5,0,0,2022,7,6,0,0,2,2,6,,0
22061629,1300001377,2022,7,6,0,0,2022,7,7,0,0,2,2,6,,0
22061630,1300001377,2022,7,7,0,0,2022,7,8,0,0,2,2,6,,0
22061631,1300001376,2022,6,23,0,0,2022,6,24,0,0,2,2,3,,0
22061632,1300001376,2022,6,24,0,0,2022,6,25,0,0,2,2,3,,0
22061633,1300001376,2022,6,25,0,0,2022,6,26,0,0,2,2,3,,0
22061634,1300001376,2022,6,26,0,0,2022,6,27,0,0,2,2,3,,0
22061635,1300001376,2022,6,27,0,0,2022,6,28,0,0,2,2,3,,0
22061636,1300001376,2022,6,28,0,0,2022,6,29,0,0,2,2,3,,0
22061637,1300001376,2022,6,29,0,0,2022,6,30,0,0,2,2,3,,0
22061638,1300001376,2022,6,30,0,0,2022,7,1,0,0,2,2,3,,0
22061639,1300001376,2022,7,1,0,0,2022,7,2,0,0,2,2,3,,0
22061640,1300001376,2022,7,2,0,0,2022,7,3,0,0,2,2,3,,0
22061641,1300001376,2022,7,3,0,0,2022,7,4,0,0,2,2,3,,0
22061642,1300001376,2022,7,4,0,0,2022,7,5,0,0,2,2,3,,0
22061643,1300001376,2022,7,5,0,0,2022,7,6,0,0,2,2,3,,0
22061644,1300001376,2022,7,6,0,0,2022,7,7,0,0,2,2,3,,0
22061645,1300001376,2022,7,7,0,0,2022,7,8,0,0,2,2,3,,0
